<link:linkbase xmlns:link="http://www.xbrl.org/2003/linkbase" xmlns:xlink="http://www.w3.org/1999/xlink" xmlns:xsi="http://www.w3.org/2001/XMLSchema-instance" xmlns:gen="http://xbrl.org/2008/generic" xsi:schemaLocation="http://www.xbrl.org/2003/linkbase http://www.xbrl.org/2003/xbrl-linkbase-2003-12-31.xsd http://xbrl.org/2008/generic http://www.xbrl.org/2008/generic-link.xsd">
  <link:roleRef roleURI="http://www.xbrl.org/2023/role/versionDate" xlink:href="../units.xsd#versionDate" xlink:type="simple"/>
  <link:roleRef roleURI="http://www.xbrl.org/2023/role/symbol" xlink:href="../units.xsd#symbol" xlink:type="simple"/>
  <link:labelLink xlink:role="http://www.xbrl.org/2003/role/link" xlink:type="extended">
    <link:loc xlink:label="ns10_AlternativeCurrencyDomain" xlink:href="alt-currency-unit.xsd#iso4217_AlternativeCurrencyDomain" xlink:type="locator"/>
    <link:labelArc xlink:arcrole="http://www.xbrl.org/2003/arcrole/concept-label" xlink:type="arc" xlink:from="ns10_AlternativeCurrencyDomain" xlink:to="lbl_lab_ns10_AlternativeCurrencyDomain"/>
    <link:label xlink:type="resource" xlink:label="lbl_lab_ns10_AlternativeCurrencyDomain" xlink:role="http://www.xbrl.org/2003/role/label" xml:lang="en">UTR Units [Domain]</link:label>
    <link:loc xlink:label="ns10_USN" xlink:href="alt-currency-unit.xsd#iso4217_USN" xlink:type="locator"/>
    <link:labelArc xlink:arcrole="http://www.xbrl.org/2003/arcrole/concept-label" xlink:type="arc" xlink:from="ns10_USN" xlink:to="lbl_lab_ns10_USN"/>
    <link:label xlink:type="resource" xlink:label="lbl_lab_ns10_USN" xlink:role="http://www.xbrl.org/2023/role/versionDate" xml:lang="en">2012-10-31</link:label>
    <link:loc xlink:label="ns10_UYI" xlink:href="alt-currency-unit.xsd#iso4217_UYI" xlink:type="locator"/>
    <link:labelArc xlink:arcrole="http://www.xbrl.org/2003/arcrole/concept-label" xlink:type="arc" xlink:from="ns10_UYI" xlink:to="lbl_lab_ns10_UYI"/>
    <link:label xlink:type="resource" xlink:label="lbl_lab_ns10_UYI" xlink:role="http://www.xbrl.org/2003/role/label" xml:lang="en">Uruguay Peso en Unidades Indexadas</link:label>
    <link:label xlink:type="resource" xlink:label="lbl_lab_ns10_UYI" xlink:role="http://www.xbrl.org/2003/role/documentation" xml:lang="en">Uruguay Peso en Unidades Indexadas (URUIURUI) (funds code)</link:label>
    <link:label xlink:type="resource" xlink:label="lbl_lab_ns10_UYI" xlink:role="http://www.xbrl.org/2023/role/versionDate" xml:lang="en">2017-07-12</link:label>
    <link:label xlink:type="resource" xlink:label="lbl_lab_ns10_USN" xlink:role="http://www.xbrl.org/2023/role/symbol" xml:lang="en">$</link:label>
    <link:loc xlink:label="ns10_XAG" xlink:href="alt-currency-unit.xsd#iso4217_XAG" xlink:type="locator"/>
    <link:labelArc xlink:arcrole="http://www.xbrl.org/2003/arcrole/concept-label" xlink:type="arc" xlink:from="ns10_XAG" xlink:to="lbl_lab_ns10_XAG"/>
    <link:label xlink:type="resource" xlink:label="lbl_lab_ns10_XAG" xlink:role="http://www.xbrl.org/2003/role/label" xml:lang="en">Silver</link:label>
    <link:label xlink:type="resource" xlink:label="lbl_lab_ns10_XAG" xlink:role="http://www.xbrl.org/2003/role/documentation" xml:lang="en">Silver (one troy ounce)</link:label>
    <link:label xlink:type="resource" xlink:label="lbl_lab_ns10_XAG" xlink:role="http://www.xbrl.org/2023/role/versionDate" xml:lang="en">2012-10-31</link:label>
    <link:loc xlink:label="ns10_XAU" xlink:href="alt-currency-unit.xsd#iso4217_XAU" xlink:type="locator"/>
    <link:labelArc xlink:arcrole="http://www.xbrl.org/2003/arcrole/concept-label" xlink:type="arc" xlink:from="ns10_XAU" xlink:to="lbl_lab_ns10_XAU"/>
    <link:label xlink:type="resource" xlink:label="lbl_lab_ns10_XAU" xlink:role="http://www.xbrl.org/2003/role/label" xml:lang="en">Gold</link:label>
    <link:label xlink:type="resource" xlink:label="lbl_lab_ns10_XAU" xlink:role="http://www.xbrl.org/2003/role/documentation" xml:lang="en">Gold (one troy ounce)</link:label>
    <link:label xlink:type="resource" xlink:label="lbl_lab_ns10_XAU" xlink:role="http://www.xbrl.org/2023/role/versionDate" xml:lang="en">2012-10-31</link:label>
    <link:loc xlink:label="ns10_XBA" xlink:href="alt-currency-unit.xsd#iso4217_XBA" xlink:type="locator"/>
    <link:labelArc xlink:arcrole="http://www.xbrl.org/2003/arcrole/concept-label" xlink:type="arc" xlink:from="ns10_XBA" xlink:to="lbl_lab_ns10_XBA"/>
    <link:label xlink:type="resource" xlink:label="lbl_lab_ns10_XBA" xlink:role="http://www.xbrl.org/2003/role/label" xml:lang="en">EURCO</link:label>
    <link:label xlink:type="resource" xlink:label="lbl_lab_ns10_XBA" xlink:role="http://www.xbrl.org/2003/role/documentation" xml:lang="en">European Composite Unit (EURCO) (bond market unit)</link:label>
    <link:label xlink:type="resource" xlink:label="lbl_lab_ns10_XBA" xlink:role="http://www.xbrl.org/2023/role/versionDate" xml:lang="en">2012-10-31</link:label>
    <link:loc xlink:label="ns10_XBB" xlink:href="alt-currency-unit.xsd#iso4217_XBB" xlink:type="locator"/>
    <link:labelArc xlink:arcrole="http://www.xbrl.org/2003/arcrole/concept-label" xlink:type="arc" xlink:from="ns10_XBB" xlink:to="lbl_lab_ns10_XBB"/>
    <link:label xlink:type="resource" xlink:label="lbl_lab_ns10_XBB" xlink:role="http://www.xbrl.org/2003/role/label" xml:lang="en">E.M.U.-6</link:label>
    <link:label xlink:type="resource" xlink:label="lbl_lab_ns10_XBB" xlink:role="http://www.xbrl.org/2003/role/documentation" xml:lang="en">European Monetary Unit (E.M.U.-6) (bond market unit)</link:label>
    <link:label xlink:type="resource" xlink:label="lbl_lab_ns10_XBB" xlink:role="http://www.xbrl.org/2023/role/versionDate" xml:lang="en">2012-10-31</link:label>
    <link:loc xlink:label="ns10_XBC" xlink:href="alt-currency-unit.xsd#iso4217_XBC" xlink:type="locator"/>
    <link:labelArc xlink:arcrole="http://www.xbrl.org/2003/arcrole/concept-label" xlink:type="arc" xlink:from="ns10_XBC" xlink:to="lbl_lab_ns10_XBC"/>
    <link:label xlink:type="resource" xlink:label="lbl_lab_ns10_XBC" xlink:role="http://www.xbrl.org/2003/role/label" xml:lang="en">E.U.A.-9</link:label>
    <link:label xlink:type="resource" xlink:label="lbl_lab_ns10_XBC" xlink:role="http://www.xbrl.org/2003/role/documentation" xml:lang="en">European Unit of Account 9 (E.U.A.-9) (bond market unit)</link:label>
    <link:label xlink:type="resource" xlink:label="lbl_lab_ns10_XBC" xlink:role="http://www.xbrl.org/2023/role/versionDate" xml:lang="en">2012-10-31</link:label>
    <link:loc xlink:label="ns10_XBD" xlink:href="alt-currency-unit.xsd#iso4217_XBD" xlink:type="locator"/>
    <link:labelArc xlink:arcrole="http://www.xbrl.org/2003/arcrole/concept-label" xlink:type="arc" xlink:from="ns10_XBD" xlink:to="lbl_lab_ns10_XBD"/>
    <link:label xlink:type="resource" xlink:label="lbl_lab_ns10_XBD" xlink:role="http://www.xbrl.org/2003/role/label" xml:lang="en">E.U.A.-17</link:label>
    <link:label xlink:type="resource" xlink:label="lbl_lab_ns10_XBD" xlink:role="http://www.xbrl.org/2003/role/documentation" xml:lang="en">European Unit of Account 17 (E.U.A.-17) (bond market unit)</link:label>
    <link:loc xlink:label="ns10_BOV" xlink:href="alt-currency-unit.xsd#iso4217_BOV" xlink:type="locator"/>
    <link:labelArc xlink:arcrole="http://www.xbrl.org/2003/arcrole/concept-label" xlink:type="arc" xlink:from="ns10_BOV" xlink:to="lbl_lab_ns10_BOV"/>
    <link:label xlink:type="resource" xlink:label="lbl_lab_ns10_BOV" xlink:role="http://www.xbrl.org/2003/role/label" xml:lang="en">Bolivian Mvdol</link:label>
    <link:label xlink:type="resource" xlink:label="lbl_lab_ns10_XBD" xlink:role="http://www.xbrl.org/2023/role/versionDate" xml:lang="en">2012-10-31</link:label>
    <link:label xlink:type="resource" xlink:label="lbl_lab_ns10_BOV" xlink:role="http://www.xbrl.org/2003/role/documentation" xml:lang="en">Bolivian Mvdol (funds code)</link:label>
    <link:loc xlink:label="ns10_XDR" xlink:href="alt-currency-unit.xsd#iso4217_XDR" xlink:type="locator"/>
    <link:labelArc xlink:arcrole="http://www.xbrl.org/2003/arcrole/concept-label" xlink:type="arc" xlink:from="ns10_XDR" xlink:to="lbl_lab_ns10_XDR"/>
    <link:label xlink:type="resource" xlink:label="lbl_lab_ns10_XDR" xlink:role="http://www.xbrl.org/2003/role/label" xml:lang="en">Special Drawing Rights</link:label>
    <link:label xlink:type="resource" xlink:label="lbl_lab_ns10_BOV" xlink:role="http://www.xbrl.org/2023/role/versionDate" xml:lang="en">2012-10-31</link:label>
    <link:label xlink:type="resource" xlink:label="lbl_lab_ns10_XDR" xlink:role="http://www.xbrl.org/2003/role/documentation" xml:lang="en">Special Drawing Rights</link:label>
    <link:loc xlink:label="ns10_CHE" xlink:href="alt-currency-unit.xsd#iso4217_CHE" xlink:type="locator"/>
    <link:labelArc xlink:arcrole="http://www.xbrl.org/2003/arcrole/concept-label" xlink:type="arc" xlink:from="ns10_CHE" xlink:to="lbl_lab_ns10_CHE"/>
    <link:label xlink:type="resource" xlink:label="lbl_lab_ns10_CHE" xlink:role="http://www.xbrl.org/2003/role/label" xml:lang="en">WIR Bank</link:label>
    <link:label xlink:type="resource" xlink:label="lbl_lab_ns10_XDR" xlink:role="http://www.xbrl.org/2023/role/versionDate" xml:lang="en">2012-10-31</link:label>
    <link:label xlink:type="resource" xlink:label="lbl_lab_ns10_CHE" xlink:role="http://www.xbrl.org/2003/role/documentation" xml:lang="en">WIR Bank (complementary currency)</link:label>
    <link:loc xlink:label="ns10_XFU" xlink:href="alt-currency-unit.xsd#iso4217_XFU" xlink:type="locator"/>
    <link:labelArc xlink:arcrole="http://www.xbrl.org/2003/arcrole/concept-label" xlink:type="arc" xlink:from="ns10_XFU" xlink:to="lbl_lab_ns10_XFU"/>
    <link:label xlink:type="resource" xlink:label="lbl_lab_ns10_XFU" xlink:role="http://www.xbrl.org/2003/role/label" xml:lang="en">UIC Franc</link:label>
    <link:label xlink:type="resource" xlink:label="lbl_lab_ns10_CHE" xlink:role="http://www.xbrl.org/2023/role/versionDate" xml:lang="en">2012-10-31</link:label>
    <link:label xlink:type="resource" xlink:label="lbl_lab_ns10_XFU" xlink:role="http://www.xbrl.org/2003/role/documentation" xml:lang="en">UIC franc (special settlement currency)</link:label>
    <link:loc xlink:label="ns10_CHW" xlink:href="alt-currency-unit.xsd#iso4217_CHW" xlink:type="locator"/>
    <link:labelArc xlink:arcrole="http://www.xbrl.org/2003/arcrole/concept-label" xlink:type="arc" xlink:from="ns10_CHW" xlink:to="lbl_lab_ns10_CHW"/>
    <link:label xlink:type="resource" xlink:label="lbl_lab_ns10_CHW" xlink:role="http://www.xbrl.org/2003/role/label" xml:lang="en">WIR Bank</link:label>
    <link:label xlink:type="resource" xlink:label="lbl_lab_ns10_XFU" xlink:role="http://www.xbrl.org/2023/role/versionDate" xml:lang="en">2012-10-31</link:label>
    <link:label xlink:type="resource" xlink:label="lbl_lab_ns10_CHW" xlink:role="http://www.xbrl.org/2003/role/documentation" xml:lang="en">WIR Bank (complementary currency)</link:label>
    <link:loc xlink:label="ns10_XPD" xlink:href="alt-currency-unit.xsd#iso4217_XPD" xlink:type="locator"/>
    <link:labelArc xlink:arcrole="http://www.xbrl.org/2003/arcrole/concept-label" xlink:type="arc" xlink:from="ns10_XPD" xlink:to="lbl_lab_ns10_XPD"/>
    <link:label xlink:type="resource" xlink:label="lbl_lab_ns10_XPD" xlink:role="http://www.xbrl.org/2003/role/label" xml:lang="en">Palladium</link:label>
    <link:label xlink:type="resource" xlink:label="lbl_lab_ns10_CHW" xlink:role="http://www.xbrl.org/2023/role/versionDate" xml:lang="en">2012-10-31</link:label>
    <link:label xlink:type="resource" xlink:label="lbl_lab_ns10_XPD" xlink:role="http://www.xbrl.org/2003/role/documentation" xml:lang="en">Palladium (one troy ounce)</link:label>
    <link:loc xlink:label="ns10_CLF" xlink:href="alt-currency-unit.xsd#iso4217_CLF" xlink:type="locator"/>
    <link:labelArc xlink:arcrole="http://www.xbrl.org/2003/arcrole/concept-label" xlink:type="arc" xlink:from="ns10_CLF" xlink:to="lbl_lab_ns10_CLF"/>
    <link:label xlink:type="resource" xlink:label="lbl_lab_ns10_CLF" xlink:role="http://www.xbrl.org/2003/role/label" xml:lang="en">Unidad de Fomento</link:label>
    <link:label xlink:type="resource" xlink:label="lbl_lab_ns10_XPD" xlink:role="http://www.xbrl.org/2023/role/versionDate" xml:lang="en">2012-10-31</link:label>
    <link:label xlink:type="resource" xlink:label="lbl_lab_ns10_CLF" xlink:role="http://www.xbrl.org/2003/role/documentation" xml:lang="en">Unidad de Fomento (funds code)</link:label>
    <link:loc xlink:label="ns10_XPT" xlink:href="alt-currency-unit.xsd#iso4217_XPT" xlink:type="locator"/>
    <link:labelArc xlink:arcrole="http://www.xbrl.org/2003/arcrole/concept-label" xlink:type="arc" xlink:from="ns10_XPT" xlink:to="lbl_lab_ns10_XPT"/>
    <link:label xlink:type="resource" xlink:label="lbl_lab_ns10_XPT" xlink:role="http://www.xbrl.org/2003/role/label" xml:lang="en">Platinum</link:label>
    <link:label xlink:type="resource" xlink:label="lbl_lab_ns10_CLF" xlink:role="http://www.xbrl.org/2023/role/versionDate" xml:lang="en">2012-10-31</link:label>
    <link:label xlink:type="resource" xlink:label="lbl_lab_ns10_XPT" xlink:role="http://www.xbrl.org/2003/role/documentation" xml:lang="en">Platinum (one troy ounce)</link:label>
    <link:loc xlink:label="ns10_COU" xlink:href="alt-currency-unit.xsd#iso4217_COU" xlink:type="locator"/>
    <link:labelArc xlink:arcrole="http://www.xbrl.org/2003/arcrole/concept-label" xlink:type="arc" xlink:from="ns10_COU" xlink:to="lbl_lab_ns10_COU"/>
    <link:label xlink:type="resource" xlink:label="lbl_lab_ns10_COU" xlink:role="http://www.xbrl.org/2003/role/label" xml:lang="en">Unidad de Valor Real</link:label>
    <link:label xlink:type="resource" xlink:label="lbl_lab_ns10_XPT" xlink:role="http://www.xbrl.org/2023/role/versionDate" xml:lang="en">2012-10-31</link:label>
    <link:label xlink:type="resource" xlink:label="lbl_lab_ns10_COU" xlink:role="http://www.xbrl.org/2003/role/documentation" xml:lang="en">Unidad de Valor Real</link:label>
    <link:loc xlink:label="ns10_XUA" xlink:href="alt-currency-unit.xsd#iso4217_XUA" xlink:type="locator"/>
    <link:labelArc xlink:arcrole="http://www.xbrl.org/2003/arcrole/concept-label" xlink:type="arc" xlink:from="ns10_XUA" xlink:to="lbl_lab_ns10_XUA"/>
    <link:label xlink:type="resource" xlink:label="lbl_lab_ns10_XUA" xlink:role="http://www.xbrl.org/2003/role/label" xml:lang="en">ADB Unit of Account</link:label>
    <link:label xlink:type="resource" xlink:label="lbl_lab_ns10_COU" xlink:role="http://www.xbrl.org/2023/role/versionDate" xml:lang="en">2012-10-31</link:label>
    <link:label xlink:type="resource" xlink:label="lbl_lab_ns10_XUA" xlink:role="http://www.xbrl.org/2003/role/documentation" xml:lang="en">African Development Bank</link:label>
    <link:loc xlink:label="ns10_MXV" xlink:href="alt-currency-unit.xsd#iso4217_MXV" xlink:type="locator"/>
    <link:labelArc xlink:arcrole="http://www.xbrl.org/2003/arcrole/concept-label" xlink:type="arc" xlink:from="ns10_MXV" xlink:to="lbl_lab_ns10_MXV"/>
    <link:label xlink:type="resource" xlink:label="lbl_lab_ns10_MXV" xlink:role="http://www.xbrl.org/2003/role/label" xml:lang="en">Mexican UDI</link:label>
    <link:label xlink:type="resource" xlink:label="lbl_lab_ns10_XUA" xlink:role="http://www.xbrl.org/2023/role/versionDate" xml:lang="en">2017-07-12</link:label>
    <link:label xlink:type="resource" xlink:label="lbl_lab_ns10_MXV" xlink:role="http://www.xbrl.org/2003/role/documentation" xml:lang="en">Mexican Unidad de Inversion (UDI) (funds code)</link:label>
    <link:label xlink:type="resource" xlink:label="lbl_lab_ns10_MXV" xlink:role="http://www.xbrl.org/2023/role/versionDate" xml:lang="en">2012-10-31</link:label>
    <link:label xlink:type="resource" xlink:label="lbl_lab_ns10_USN" xlink:role="http://www.xbrl.org/2003/role/label" xml:lang="en">Next Day US Dollar</link:label>
    <link:label xlink:type="resource" xlink:label="lbl_lab_ns10_USN" xlink:role="http://www.xbrl.org/2003/role/documentation" xml:lang="en">United States dollar (next day) (funds code)</link:label>
  </link:labelLink>
</link:linkbase>
