{
    "substitutions": {
        "rule-1": [
            {
                "part": null,
                "replacement-node": 1,
                "template-line-number": 29,
                "node-pos": 10
            }
        ],
        "rule-2": [
            {
                "part": null,
                "replacement-node": 4,
                "expression-node": 5,
                "template-line-number": 41,
                "node-pos": 15
            }
        ],
        "rule-3": [
            {
                "part": null,
                "replacement-node": 7,
                "expression-node": 8,
                "template-line-number": 52,
                "node-pos": 20
            }
        ],
        "rule-4": [
            {
                "part": null,
                "replacement-node": 10,
                "template-line-number": 62,
                "node-pos": 26
            }
        ],
        "rule-5": [
            {
                "part": null,
                "replacement-node": 13,
                "template-line-number": 72,
                "node-pos": 30
            }
        ],
        "rule-6": {
            "name": "BSLineItems",
            "subs": [
                {
                    "name": "BSLineItems",
                    "part": "2",
                    "replacement-node": 17,
                    "template-line-number": 111,
                    "extras": {},
                    "node-pos": 36
                },
                {
                    "name": "BSLineItems",
                    "part": "4",
                    "replacement-node": 23,
                    "expression-node": 24,
                    "template-line-number": 124,
                    "node-pos": 43
                },
                {
                    "name": "BSLineItems",
                    "part": "5",
                    "replacement-node": 28,
                    "expression-node": 29,
                    "template-line-number": 133,
                    "node-pos": 49
                }
            ]
        }
    },
    "line-numbers": {},
    "showifs": {},
    "footnotes": {},
    "standard-rules": [
        "rule-1",
        "rule-2",
        "rule-3",
        "rule-4",
        "rule-5",
        "rule-6"
    ],
    "footnote-rules": []
}