<tp:taxonomyPackage xmlns:tp="http://xbrl.org/2016/taxonomy-package">
  <tp:identifier>Taxonomy Package</tp:identifier>
  <tp:entryPoints>
    <tp:entryPoint>
      <tp:name xml:lang="en">Main</tp:name>
      <tp:description xml:lang="en">main entry point</tp:description>
      <tp:entryPointDocument href="https://taxonomies.xbrl.us/xodel/Units/units.xsd"></tp:entryPointDocument>
    </tp:entryPoint>
    <tp:entryPoint>
      <tp:name xml:lang="en">Currency</tp:name>
      <tp:description xml:lang="en">currency entry point</tp:description>
      <tp:entryPointDocument href="https://taxonomies.xbrl.us/xodel/Units/currency/iso-currency-units.xsd"></tp:entryPointDocument>
    </tp:entryPoint>
  </tp:entryPoints>
</tp:taxonomyPackage>
