<?xml version='1.0' encoding='UTF-8'?>
<!-- Created by Xince -->
<xbrli:xbrl xmlns:xbrli="http://www.xbrl.org/2003/instance" xmlns:xlink="http://www.w3.org/1999/xlink" xmlns:link="http://www.xbrl.org/2003/linkbase" xmlns:dei="http://xbrl.sec.gov/dei/2025">
  <link:schemaRef xlink:href="./DSGX_taxonomy__2023_2025.zip/DSGX_taxonomy__2023_2025/DSGX-20251231.xsd" xlink:type="simple"/>
  <xbrli:context id="c">
    <xbrli:entity>
      <xbrli:identifier scheme="http://www.sec.gov/CIK">0001050140</xbrli:identifier>
    </xbrli:entity>
    <xbrli:period>
      <xbrli:startDate>2024-03-29</xbrli:startDate>
      <xbrli:endDate>2024-03-29</xbrli:endDate>
    </xbrli:period>
  </xbrli:context>
  <dei:EntityRegistrantName id="f" contextRef="c">DESCARTES SYSTEMS GROUP INC</dei:EntityRegistrantName>
  <dei:EntityAddressCityOrTown id="f1" contextRef="c">WATERLOO, ONTARIO, CANADA</dei:EntityAddressCityOrTown>
  <dei:EntityCentralIndexKey id="f2" contextRef="c">0001050140</dei:EntityCentralIndexKey>
  <dei:CurrentFiscalYearEndDate id="f3" contextRef="c">--01-31</dei:CurrentFiscalYearEndDate>
  <dei:AmendmentFlag id="f4" contextRef="c">false</dei:AmendmentFlag>
  <dei:EntityAddressPostalZipCode id="f5" contextRef="c">N2V 1C6</dei:EntityAddressPostalZipCode>
  <dei:EntityAddressAddressLine1 id="f6" contextRef="c">120 RANDALL DRIVE</dei:EntityAddressAddressLine1>
  <dei:EntityFileNumber id="f7" contextRef="c">000-29970</dei:EntityFileNumber>
  <dei:DocumentPeriodEndDate id="f8" contextRef="c">2023-12-06</dei:DocumentPeriodEndDate>
  <dei:DocumentType id="f9" contextRef="c">6-K</dei:DocumentType>
</xbrli:xbrl>
