<link:linkbase xmlns:link="http://www.xbrl.org/2003/linkbase" xmlns:xlink="http://www.w3.org/1999/xlink" xmlns:xsi="http://www.w3.org/2001/XMLSchema-instance" xsi:schemaLocation="http://www.xbrl.org/2003/linkbase http://www.xbrl.org/2003/xbrl-linkbase-2003-12-31.xsd">
  <link:roleRef roleURI="http://www.xbrl.org/2009/role/negatedLabel" xlink:href="pcvl-20231031.xsd#negatedLabel" xlink:type="simple"/>
  <link:labelLink xlink:role="http://www.xbrl.org/2003/role/link" xlink:type="extended">
    <link:loc xlink:label="ns15_StockIssuedDuringPeriodSharesNewIssues" xlink:href="https://xbrl.fasb.org/us-gaap/2023/elts/us-gaap-2023.xsd#us-gaap_StockIssuedDuringPeriodSharesNewIssues" xlink:type="locator"/>
    <link:labelArc xlink:arcrole="http://www.xbrl.org/2003/arcrole/concept-label" xlink:type="arc" xlink:from="ns15_StockIssuedDuringPeriodSharesNewIssues" xlink:to="lbl_lab_ns15_StockIssuedDuringPeriodSharesNewIssues"/>
    <link:label xlink:type="resource" xlink:label="lbl_lab_ns15_StockIssuedDuringPeriodSharesNewIssues" xlink:role="http://www.xbrl.org/2003/role/verboseLabel" xml:lang="en-US">Issuance of Common stock, shares</link:label>
    <link:loc xlink:label="ns10_EntityWellKnownSeasonedIssuer" xlink:href="https://xbrl.sec.gov/dei/2023/dei-2023.xsd#dei_EntityWellKnownSeasonedIssuer" xlink:type="locator"/>
    <link:labelArc xlink:arcrole="http://www.xbrl.org/2003/arcrole/concept-label" xlink:type="arc" xlink:from="ns10_EntityWellKnownSeasonedIssuer" xlink:to="lbl_lab_ns10_EntityWellKnownSeasonedIssuer"/>
    <link:label xlink:type="resource" xlink:label="lbl_lab_ns10_EntityWellKnownSeasonedIssuer" xlink:role="http://www.xbrl.org/2003/role/label" xml:lang="en-US">Entity Well-known Seasoned Issuer</link:label>
    <link:loc xlink:label="ns15_StockIssuedDuringPeriodValueNewIssues" xlink:href="https://xbrl.fasb.org/us-gaap/2023/elts/us-gaap-2023.xsd#us-gaap_StockIssuedDuringPeriodValueNewIssues" xlink:type="locator"/>
    <link:labelArc xlink:arcrole="http://www.xbrl.org/2003/arcrole/concept-label" xlink:type="arc" xlink:from="ns15_StockIssuedDuringPeriodValueNewIssues" xlink:to="lbl_lab_ns15_StockIssuedDuringPeriodValueNewIssues"/>
    <link:label xlink:type="resource" xlink:label="lbl_lab_ns15_StockIssuedDuringPeriodValueNewIssues" xlink:role="http://www.xbrl.org/2003/role/label" xml:lang="en-US">Issuance of common stock</link:label>
    <link:loc xlink:label="ns10_EntityShellCompany" xlink:href="https://xbrl.sec.gov/dei/2023/dei-2023.xsd#dei_EntityShellCompany" xlink:type="locator"/>
    <link:labelArc xlink:arcrole="http://www.xbrl.org/2003/arcrole/concept-label" xlink:type="arc" xlink:from="ns10_EntityShellCompany" xlink:to="lbl_lab_ns10_EntityShellCompany"/>
    <link:label xlink:type="resource" xlink:label="lbl_lab_ns10_EntityShellCompany" xlink:role="http://www.xbrl.org/2003/role/label" xml:lang="en-US">Entity Shell Company</link:label>
    <link:loc xlink:label="ns15_StockholdersEquityNoteDisclosureTextBlock" xlink:href="https://xbrl.fasb.org/us-gaap/2023/elts/us-gaap-2023.xsd#us-gaap_StockholdersEquityNoteDisclosureTextBlock" xlink:type="locator"/>
    <link:labelArc xlink:arcrole="http://www.xbrl.org/2003/arcrole/concept-label" xlink:type="arc" xlink:from="ns15_StockholdersEquityNoteDisclosureTextBlock" xlink:to="lbl_lab_ns15_StockholdersEquityNoteDisclosureTextBlock"/>
    <link:label xlink:type="resource" xlink:label="lbl_lab_ns15_StockholdersEquityNoteDisclosureTextBlock" xlink:role="http://www.xbrl.org/2003/role/label" xml:lang="en-US">CAPITAL STOCK</link:label>
    <link:loc xlink:label="ns10_EntityCurrentReportingStatus" xlink:href="https://xbrl.sec.gov/dei/2023/dei-2023.xsd#dei_EntityCurrentReportingStatus" xlink:type="locator"/>
    <link:labelArc xlink:arcrole="http://www.xbrl.org/2003/arcrole/concept-label" xlink:type="arc" xlink:from="ns10_EntityCurrentReportingStatus" xlink:to="lbl_lab_ns10_EntityCurrentReportingStatus"/>
    <link:label xlink:type="resource" xlink:label="lbl_lab_ns10_EntityCurrentReportingStatus" xlink:role="http://www.xbrl.org/2003/role/label" xml:lang="en-US">Entity Current Reporting Status</link:label>
    <link:loc xlink:label="ns15_StockholdersEquityIncludingPortionAttributableToNoncontrollingInterest" xlink:href="https://xbrl.fasb.org/us-gaap/2023/elts/us-gaap-2023.xsd#us-gaap_StockholdersEquityIncludingPortionAttributableToNoncontrollingInterest" xlink:type="locator"/>
    <link:labelArc xlink:arcrole="http://www.xbrl.org/2003/arcrole/concept-label" xlink:type="arc" xlink:from="ns15_StockholdersEquityIncludingPortionAttributableToNoncontrollingInterest" xlink:to="lbl_lab_ns15_StockholdersEquityIncludingPortionAttributableToNoncontrollingInterest"/>
    <link:label xlink:type="resource" xlink:label="lbl_lab_ns15_StockholdersEquityIncludingPortionAttributableToNoncontrollingInterest" xlink:role="http://www.xbrl.org/2003/role/totalLabel" xml:lang="en-US">Total Stockholder&#8217;s Equity:</link:label>
    <link:loc xlink:label="ns10_EntityVoluntaryFilers" xlink:href="https://xbrl.sec.gov/dei/2023/dei-2023.xsd#dei_EntityVoluntaryFilers" xlink:type="locator"/>
    <link:labelArc xlink:arcrole="http://www.xbrl.org/2003/arcrole/concept-label" xlink:type="arc" xlink:from="ns10_EntityVoluntaryFilers" xlink:to="lbl_lab_ns10_EntityVoluntaryFilers"/>
    <link:label xlink:type="resource" xlink:label="lbl_lab_ns10_EntityVoluntaryFilers" xlink:role="http://www.xbrl.org/2003/role/label" xml:lang="en-US">Entity Voluntary Filers</link:label>
    <link:label xlink:type="resource" xlink:label="lbl_lab_ns15_StockholdersEquityIncludingPortionAttributableToNoncontrollingInterest" xlink:role="http://www.xbrl.org/2003/role/label" xml:lang="en-US">Stockholders' Equity, Including Portion Attributable to Noncontrolling Interest</link:label>
    <link:loc xlink:label="ns10_EntityEmergingGrowthCompany" xlink:href="https://xbrl.sec.gov/dei/2023/dei-2023.xsd#dei_EntityEmergingGrowthCompany" xlink:type="locator"/>
    <link:labelArc xlink:arcrole="http://www.xbrl.org/2003/arcrole/concept-label" xlink:type="arc" xlink:from="ns10_EntityEmergingGrowthCompany" xlink:to="lbl_lab_ns10_EntityEmergingGrowthCompany"/>
    <link:label xlink:type="resource" xlink:label="lbl_lab_ns10_EntityEmergingGrowthCompany" xlink:role="http://www.xbrl.org/2003/role/label" xml:lang="en-US">Entity Emerging Growth Company</link:label>
    <link:loc xlink:label="ns15_GeneralAndAdministrativeExpense" xlink:href="https://xbrl.fasb.org/us-gaap/2023/elts/us-gaap-2023.xsd#us-gaap_GeneralAndAdministrativeExpense" xlink:type="locator"/>
    <link:labelArc xlink:arcrole="http://www.xbrl.org/2003/arcrole/concept-label" xlink:type="arc" xlink:from="ns15_GeneralAndAdministrativeExpense" xlink:to="lbl_lab_ns15_GeneralAndAdministrativeExpense"/>
    <link:label xlink:type="resource" xlink:label="lbl_lab_ns15_GeneralAndAdministrativeExpense" xlink:role="http://www.xbrl.org/2003/role/label" xml:lang="en-US">General and Administrative</link:label>
    <link:loc xlink:label="ns10_EntityExTransitionPeriod" xlink:href="https://xbrl.sec.gov/dei/2023/dei-2023.xsd#dei_EntityExTransitionPeriod" xlink:type="locator"/>
    <link:labelArc xlink:arcrole="http://www.xbrl.org/2003/arcrole/concept-label" xlink:type="arc" xlink:from="ns10_EntityExTransitionPeriod" xlink:to="lbl_lab_ns10_EntityExTransitionPeriod"/>
    <link:label xlink:type="resource" xlink:label="lbl_lab_ns10_EntityExTransitionPeriod" xlink:role="http://www.xbrl.org/2003/role/label" xml:lang="en-US">Elected Not To Use the Extended Transition Period</link:label>
    <link:loc xlink:label="ns15_SubsequentEventsAbstract" xlink:href="https://xbrl.fasb.org/us-gaap/2023/elts/us-gaap-2023.xsd#us-gaap_SubsequentEventsAbstract" xlink:type="locator"/>
    <link:labelArc xlink:arcrole="http://www.xbrl.org/2003/arcrole/concept-label" xlink:type="arc" xlink:from="ns15_SubsequentEventsAbstract" xlink:to="lbl_lab_ns15_SubsequentEventsAbstract"/>
    <link:label xlink:type="resource" xlink:label="lbl_lab_ns15_SubsequentEventsAbstract" xlink:role="http://www.xbrl.org/2003/role/label" xml:lang="en-US">Subsequent Events [Abstract]</link:label>
    <link:loc xlink:label="ns10_EntityPublicFloat" xlink:href="https://xbrl.sec.gov/dei/2023/dei-2023.xsd#dei_EntityPublicFloat" xlink:type="locator"/>
    <link:labelArc xlink:arcrole="http://www.xbrl.org/2003/arcrole/concept-label" xlink:type="arc" xlink:from="ns10_EntityPublicFloat" xlink:to="lbl_lab_ns10_EntityPublicFloat"/>
    <link:label xlink:type="resource" xlink:label="lbl_lab_ns10_EntityPublicFloat" xlink:role="http://www.xbrl.org/2003/role/label" xml:lang="en-US">Entity Public Float</link:label>
    <link:loc xlink:label="ns15_SubsequentEventsTextBlock" xlink:href="https://xbrl.fasb.org/us-gaap/2023/elts/us-gaap-2023.xsd#us-gaap_SubsequentEventsTextBlock" xlink:type="locator"/>
    <link:labelArc xlink:arcrole="http://www.xbrl.org/2003/arcrole/concept-label" xlink:type="arc" xlink:from="ns15_SubsequentEventsTextBlock" xlink:to="lbl_lab_ns15_SubsequentEventsTextBlock"/>
    <link:label xlink:type="resource" xlink:label="lbl_lab_ns15_SubsequentEventsTextBlock" xlink:role="http://www.xbrl.org/2003/role/label" xml:lang="en-US">SUBSEQUENT EVENTS</link:label>
    <link:loc xlink:label="ns15_WeightedAverageNumberOfShareOutstandingBasicAndDiluted" xlink:href="https://xbrl.fasb.org/us-gaap/2023/elts/us-gaap-2023.xsd#us-gaap_WeightedAverageNumberOfShareOutstandingBasicAndDiluted" xlink:type="locator"/>
    <link:labelArc xlink:arcrole="http://www.xbrl.org/2003/arcrole/concept-label" xlink:type="arc" xlink:from="ns15_WeightedAverageNumberOfShareOutstandingBasicAndDiluted" xlink:to="lbl_lab_ns15_WeightedAverageNumberOfShareOutstandingBasicAndDiluted"/>
    <link:label xlink:type="resource" xlink:label="lbl_lab_ns15_WeightedAverageNumberOfShareOutstandingBasicAndDiluted" xlink:role="http://www.xbrl.org/2003/role/label" xml:lang="en-US">Weighted average shares outstanding &#8211; basic and diluted</link:label>
    <link:loc xlink:label="ns15_AccountingPoliciesAbstract" xlink:href="https://xbrl.fasb.org/us-gaap/2023/elts/us-gaap-2023.xsd#us-gaap_AccountingPoliciesAbstract" xlink:type="locator"/>
    <link:labelArc xlink:arcrole="http://www.xbrl.org/2003/arcrole/concept-label" xlink:type="arc" xlink:from="ns15_AccountingPoliciesAbstract" xlink:to="lbl_lab_ns15_AccountingPoliciesAbstract"/>
    <link:label xlink:type="resource" xlink:label="lbl_lab_ns15_AccountingPoliciesAbstract" xlink:role="http://www.xbrl.org/2003/role/label" xml:lang="en-US">Accounting Policies [Abstract]</link:label>
    <link:loc xlink:label="ns21_ProceedsFromPaidInCapital" xlink:href="pcvl-20231031.xsd#pcvl_ProceedsFromPaidInCapital" xlink:type="locator"/>
    <link:labelArc xlink:arcrole="http://www.xbrl.org/2003/arcrole/concept-label" xlink:type="arc" xlink:from="ns21_ProceedsFromPaidInCapital" xlink:to="lbl_lab_ns21_ProceedsFromPaidInCapital"/>
    <link:label xlink:type="resource" xlink:label="lbl_lab_ns21_ProceedsFromPaidInCapital" xlink:role="http://www.xbrl.org/2003/role/label" xml:lang="en-US">Proceeds from paid in capital</link:label>
    <link:loc xlink:label="ns15_AccountsPayableAndAccruedLiabilitiesCurrent" xlink:href="https://xbrl.fasb.org/us-gaap/2023/elts/us-gaap-2023.xsd#us-gaap_AccountsPayableAndAccruedLiabilitiesCurrent" xlink:type="locator"/>
    <link:labelArc xlink:arcrole="http://www.xbrl.org/2003/arcrole/concept-label" xlink:type="arc" xlink:from="ns15_AccountsPayableAndAccruedLiabilitiesCurrent" xlink:to="lbl_lab_ns15_AccountsPayableAndAccruedLiabilitiesCurrent"/>
    <link:label xlink:type="resource" xlink:label="lbl_lab_ns15_AccountsPayableAndAccruedLiabilitiesCurrent" xlink:role="http://www.xbrl.org/2003/role/label" xml:lang="en-US">Accounts payable and accrued liabilities</link:label>
    <link:loc xlink:label="ns21_GeneralRevenues" xlink:href="pcvl-20231031.xsd#pcvl_GeneralRevenues" xlink:type="locator"/>
    <link:labelArc xlink:arcrole="http://www.xbrl.org/2003/arcrole/concept-label" xlink:type="arc" xlink:from="ns21_GeneralRevenues" xlink:to="lbl_lab_ns21_GeneralRevenues"/>
    <link:label xlink:type="resource" xlink:label="lbl_lab_ns21_GeneralRevenues" xlink:role="http://www.xbrl.org/2003/role/label" xml:lang="en-US">General Revenue</link:label>
    <link:loc xlink:label="ns15_SupplementalCashFlowInformationAbstract" xlink:href="https://xbrl.fasb.org/us-gaap/2023/elts/us-gaap-2023.xsd#us-gaap_SupplementalCashFlowInformationAbstract" xlink:type="locator"/>
    <link:labelArc xlink:arcrole="http://www.xbrl.org/2003/arcrole/concept-label" xlink:type="arc" xlink:from="ns15_SupplementalCashFlowInformationAbstract" xlink:to="lbl_lab_ns15_SupplementalCashFlowInformationAbstract"/>
    <link:label xlink:type="resource" xlink:label="lbl_lab_ns15_SupplementalCashFlowInformationAbstract" xlink:role="http://www.xbrl.org/2003/role/label" xml:lang="en-US">Supplemental cash flow disclosures</link:label>
    <link:loc xlink:label="ns21_SupplementalCashFlowInformationCashPaidForAbstract" xlink:href="pcvl-20231031.xsd#pcvl_SupplementalCashFlowInformationCashPaidForAbstract" xlink:type="locator"/>
    <link:labelArc xlink:arcrole="http://www.xbrl.org/2003/arcrole/concept-label" xlink:type="arc" xlink:from="ns21_SupplementalCashFlowInformationCashPaidForAbstract" xlink:to="lbl_lab_ns21_SupplementalCashFlowInformationCashPaidForAbstract"/>
    <link:label xlink:type="resource" xlink:label="lbl_lab_ns21_SupplementalCashFlowInformationCashPaidForAbstract" xlink:role="http://www.xbrl.org/2003/role/label" xml:lang="en-US">Cash paid For:</link:label>
    <link:loc xlink:label="ns15_EarningsPerSharePolicyTextBlock" xlink:href="https://xbrl.fasb.org/us-gaap/2023/elts/us-gaap-2023.xsd#us-gaap_EarningsPerSharePolicyTextBlock" xlink:type="locator"/>
    <link:labelArc xlink:arcrole="http://www.xbrl.org/2003/arcrole/concept-label" xlink:type="arc" xlink:from="ns15_EarningsPerSharePolicyTextBlock" xlink:to="lbl_lab_ns15_EarningsPerSharePolicyTextBlock"/>
    <link:label xlink:type="resource" xlink:label="lbl_lab_ns15_EarningsPerSharePolicyTextBlock" xlink:role="http://www.xbrl.org/2003/role/label" xml:lang="en-US">Basic and Diluted Loss per Share</link:label>
    <link:loc xlink:label="ns10_EntityAddressAddressLine1" xlink:href="https://xbrl.sec.gov/dei/2023/dei-2023.xsd#dei_EntityAddressAddressLine1" xlink:type="locator"/>
    <link:labelArc xlink:arcrole="http://www.xbrl.org/2003/arcrole/concept-label" xlink:type="arc" xlink:from="ns10_EntityAddressAddressLine1" xlink:to="lbl_lab_ns10_EntityAddressAddressLine1"/>
    <link:label xlink:type="resource" xlink:label="lbl_lab_ns10_EntityAddressAddressLine1" xlink:role="http://www.xbrl.org/2003/role/label" xml:lang="en-US">Entity Address, Address Line One</link:label>
    <link:loc xlink:label="ns15_EarningsPerShareBasicAndDiluted" xlink:href="https://xbrl.fasb.org/us-gaap/2023/elts/us-gaap-2023.xsd#us-gaap_EarningsPerShareBasicAndDiluted" xlink:type="locator"/>
    <link:labelArc xlink:arcrole="http://www.xbrl.org/2003/arcrole/concept-label" xlink:type="arc" xlink:from="ns15_EarningsPerShareBasicAndDiluted" xlink:to="lbl_lab_ns15_EarningsPerShareBasicAndDiluted"/>
    <link:label xlink:type="resource" xlink:label="lbl_lab_ns15_EarningsPerShareBasicAndDiluted" xlink:role="http://www.xbrl.org/2003/role/label" xml:lang="en-US">Net loss per share &#8211; basic and diluted</link:label>
    <link:loc xlink:label="ns10_EntityAddressAddressLine2" xlink:href="https://xbrl.sec.gov/dei/2023/dei-2023.xsd#dei_EntityAddressAddressLine2" xlink:type="locator"/>
    <link:labelArc xlink:arcrole="http://www.xbrl.org/2003/arcrole/concept-label" xlink:type="arc" xlink:from="ns10_EntityAddressAddressLine2" xlink:to="lbl_lab_ns10_EntityAddressAddressLine2"/>
    <link:label xlink:type="resource" xlink:label="lbl_lab_ns10_EntityAddressAddressLine2" xlink:role="http://www.xbrl.org/2003/role/label" xml:lang="en-US">Entity Address, Address Line Two</link:label>
    <link:loc xlink:label="ns15_AccumulatedOtherComprehensiveIncomeLossTable" xlink:href="https://xbrl.fasb.org/us-gaap/2023/elts/us-gaap-2023.xsd#us-gaap_AccumulatedOtherComprehensiveIncomeLossTable" xlink:type="locator"/>
    <link:labelArc xlink:arcrole="http://www.xbrl.org/2003/arcrole/concept-label" xlink:type="arc" xlink:from="ns15_AccumulatedOtherComprehensiveIncomeLossTable" xlink:to="lbl_lab_ns15_AccumulatedOtherComprehensiveIncomeLossTable"/>
    <link:label xlink:type="resource" xlink:label="lbl_lab_ns15_AccumulatedOtherComprehensiveIncomeLossTable" xlink:role="http://www.xbrl.org/2003/role/label" xml:lang="en-US">Accumulated Other Comprehensive Income (Loss) [Table]</link:label>
    <link:loc xlink:label="ns10_EntityAddressStateOrProvince" xlink:href="https://xbrl.sec.gov/dei/2023/dei-2023.xsd#dei_EntityAddressStateOrProvince" xlink:type="locator"/>
    <link:labelArc xlink:arcrole="http://www.xbrl.org/2003/arcrole/concept-label" xlink:type="arc" xlink:from="ns10_EntityAddressStateOrProvince" xlink:to="lbl_lab_ns10_EntityAddressStateOrProvince"/>
    <link:label xlink:type="resource" xlink:label="lbl_lab_ns10_EntityAddressStateOrProvince" xlink:role="http://www.xbrl.org/2003/role/label" xml:lang="en-US">Entity Address, State or Province</link:label>
    <link:loc xlink:label="ns15_AccumulatedOtherComprehensiveIncomeLossLineItems" xlink:href="https://xbrl.fasb.org/us-gaap/2023/elts/us-gaap-2023.xsd#us-gaap_AccumulatedOtherComprehensiveIncomeLossLineItems" xlink:type="locator"/>
    <link:labelArc xlink:arcrole="http://www.xbrl.org/2003/arcrole/concept-label" xlink:type="arc" xlink:from="ns15_AccumulatedOtherComprehensiveIncomeLossLineItems" xlink:to="lbl_lab_ns15_AccumulatedOtherComprehensiveIncomeLossLineItems"/>
    <link:label xlink:type="resource" xlink:label="lbl_lab_ns15_AccumulatedOtherComprehensiveIncomeLossLineItems" xlink:role="http://www.xbrl.org/2003/role/label" xml:lang="en-US">Accumulated Other Comprehensive Income (Loss) [Line Items]</link:label>
    <link:loc xlink:label="ns10_EntityAddressCityOrTown" xlink:href="https://xbrl.sec.gov/dei/2023/dei-2023.xsd#dei_EntityAddressCityOrTown" xlink:type="locator"/>
    <link:labelArc xlink:arcrole="http://www.xbrl.org/2003/arcrole/concept-label" xlink:type="arc" xlink:from="ns10_EntityAddressCityOrTown" xlink:to="lbl_lab_ns10_EntityAddressCityOrTown"/>
    <link:label xlink:type="resource" xlink:label="lbl_lab_ns10_EntityAddressCityOrTown" xlink:role="http://www.xbrl.org/2003/role/label" xml:lang="en-US">Entity Address, City or Town</link:label>
    <link:loc xlink:label="ns15_AdditionalPaidInCapital" xlink:href="https://xbrl.fasb.org/us-gaap/2023/elts/us-gaap-2023.xsd#us-gaap_AdditionalPaidInCapital" xlink:type="locator"/>
    <link:labelArc xlink:arcrole="http://www.xbrl.org/2003/arcrole/concept-label" xlink:type="arc" xlink:from="ns15_AdditionalPaidInCapital" xlink:to="lbl_lab_ns15_AdditionalPaidInCapital"/>
    <link:label xlink:type="resource" xlink:label="lbl_lab_ns15_AdditionalPaidInCapital" xlink:role="http://www.xbrl.org/2003/role/label" xml:lang="en-US">Additional Paid in Capital</link:label>
    <link:loc xlink:label="ns10_EntityAddressAddressLine3" xlink:href="https://xbrl.sec.gov/dei/2023/dei-2023.xsd#dei_EntityAddressAddressLine3" xlink:type="locator"/>
    <link:labelArc xlink:arcrole="http://www.xbrl.org/2003/arcrole/concept-label" xlink:type="arc" xlink:from="ns10_EntityAddressAddressLine3" xlink:to="lbl_lab_ns10_EntityAddressAddressLine3"/>
    <link:label xlink:type="resource" xlink:label="lbl_lab_ns10_EntityAddressAddressLine3" xlink:role="http://www.xbrl.org/2003/role/label" xml:lang="en-US">Entity Address, Address Line Three</link:label>
    <link:loc xlink:label="ns15_AdditionalPaidInCapitalMember" xlink:href="https://xbrl.fasb.org/us-gaap/2023/elts/us-gaap-2023.xsd#us-gaap_AdditionalPaidInCapitalMember" xlink:type="locator"/>
    <link:labelArc xlink:arcrole="http://www.xbrl.org/2003/arcrole/concept-label" xlink:type="arc" xlink:from="ns15_AdditionalPaidInCapitalMember" xlink:to="lbl_lab_ns15_AdditionalPaidInCapitalMember"/>
    <link:label xlink:type="resource" xlink:label="lbl_lab_ns15_AdditionalPaidInCapitalMember" xlink:role="http://www.xbrl.org/2003/role/label" xml:lang="en-US">Additional Paid-in Capital [Member]</link:label>
    <link:loc xlink:label="ns10_EntityAddressPostalZipCode" xlink:href="https://xbrl.sec.gov/dei/2023/dei-2023.xsd#dei_EntityAddressPostalZipCode" xlink:type="locator"/>
    <link:labelArc xlink:arcrole="http://www.xbrl.org/2003/arcrole/concept-label" xlink:type="arc" xlink:from="ns10_EntityAddressPostalZipCode" xlink:to="lbl_lab_ns10_EntityAddressPostalZipCode"/>
    <link:label xlink:type="resource" xlink:label="lbl_lab_ns10_EntityAddressPostalZipCode" xlink:role="http://www.xbrl.org/2003/role/label" xml:lang="en-US">Entity Address, Postal Zip Code</link:label>
    <link:loc xlink:label="ns10_EntityAddressCountry" xlink:href="https://xbrl.sec.gov/dei/2023/dei-2023.xsd#dei_EntityAddressCountry" xlink:type="locator"/>
    <link:labelArc xlink:arcrole="http://www.xbrl.org/2003/arcrole/concept-label" xlink:type="arc" xlink:from="ns10_EntityAddressCountry" xlink:to="lbl_lab_ns10_EntityAddressCountry"/>
    <link:label xlink:type="resource" xlink:label="lbl_lab_ns10_EntityAddressCountry" xlink:role="http://www.xbrl.org/2003/role/label" xml:lang="en-US">Entity Address, Country</link:label>
    <link:loc xlink:label="ns10_LocalPhoneNumber" xlink:href="https://xbrl.sec.gov/dei/2023/dei-2023.xsd#dei_LocalPhoneNumber" xlink:type="locator"/>
    <link:labelArc xlink:arcrole="http://www.xbrl.org/2003/arcrole/concept-label" xlink:type="arc" xlink:from="ns10_LocalPhoneNumber" xlink:to="lbl_lab_ns10_LocalPhoneNumber"/>
    <link:label xlink:type="resource" xlink:label="lbl_lab_ns10_LocalPhoneNumber" xlink:role="http://www.xbrl.org/2003/role/label" xml:lang="en-US">Local Phone Number</link:label>
    <link:loc xlink:label="ns10_CityAreaCode" xlink:href="https://xbrl.sec.gov/dei/2023/dei-2023.xsd#dei_CityAreaCode" xlink:type="locator"/>
    <link:labelArc xlink:arcrole="http://www.xbrl.org/2003/arcrole/concept-label" xlink:type="arc" xlink:from="ns10_CityAreaCode" xlink:to="lbl_lab_ns10_CityAreaCode"/>
    <link:label xlink:type="resource" xlink:label="lbl_lab_ns10_CityAreaCode" xlink:role="http://www.xbrl.org/2003/role/label" xml:lang="en-US">City Area Code</link:label>
    <link:loc xlink:label="ns10_CountryRegion" xlink:href="https://xbrl.sec.gov/dei/2023/dei-2023.xsd#dei_CountryRegion" xlink:type="locator"/>
    <link:labelArc xlink:arcrole="http://www.xbrl.org/2003/arcrole/concept-label" xlink:type="arc" xlink:from="ns10_CountryRegion" xlink:to="lbl_lab_ns10_CountryRegion"/>
    <link:label xlink:type="resource" xlink:label="lbl_lab_ns10_CountryRegion" xlink:role="http://www.xbrl.org/2003/role/label" xml:lang="en-US">Country Region</link:label>
    <link:loc xlink:label="ns10_Extension" xlink:href="https://xbrl.sec.gov/dei/2023/dei-2023.xsd#dei_Extension" xlink:type="locator"/>
    <link:labelArc xlink:arcrole="http://www.xbrl.org/2003/arcrole/concept-label" xlink:type="arc" xlink:from="ns10_Extension" xlink:to="lbl_lab_ns10_Extension"/>
    <link:label xlink:type="resource" xlink:label="lbl_lab_ns10_Extension" xlink:role="http://www.xbrl.org/2003/role/label" xml:lang="en-US">Extension</link:label>
    <link:loc xlink:label="ns10_Security12bTitle" xlink:href="https://xbrl.sec.gov/dei/2023/dei-2023.xsd#dei_Security12bTitle" xlink:type="locator"/>
    <link:labelArc xlink:arcrole="http://www.xbrl.org/2003/arcrole/concept-label" xlink:type="arc" xlink:from="ns10_Security12bTitle" xlink:to="lbl_lab_ns10_Security12bTitle"/>
    <link:label xlink:type="resource" xlink:label="lbl_lab_ns10_Security12bTitle" xlink:role="http://www.xbrl.org/2003/role/label" xml:lang="en-US">Title of 12(b) Security</link:label>
    <link:loc xlink:label="ns10_NoTradingSymbolFlag" xlink:href="https://xbrl.sec.gov/dei/2023/dei-2023.xsd#dei_NoTradingSymbolFlag" xlink:type="locator"/>
    <link:labelArc xlink:arcrole="http://www.xbrl.org/2003/arcrole/concept-label" xlink:type="arc" xlink:from="ns10_NoTradingSymbolFlag" xlink:to="lbl_lab_ns10_NoTradingSymbolFlag"/>
    <link:label xlink:type="resource" xlink:label="lbl_lab_ns10_NoTradingSymbolFlag" xlink:role="http://www.xbrl.org/2003/role/label" xml:lang="en-US">No Trading Symbol Flag</link:label>
    <link:loc xlink:label="ns15_RetainedEarningsMember" xlink:href="https://xbrl.fasb.org/us-gaap/2023/elts/us-gaap-2023.xsd#us-gaap_RetainedEarningsMember" xlink:type="locator"/>
    <link:labelArc xlink:arcrole="http://www.xbrl.org/2003/arcrole/concept-label" xlink:type="arc" xlink:from="ns15_RetainedEarningsMember" xlink:to="lbl_lab_ns15_RetainedEarningsMember"/>
    <link:label xlink:type="resource" xlink:label="lbl_lab_ns15_RetainedEarningsMember" xlink:role="http://www.xbrl.org/2003/role/label" xml:lang="en-US">Retained Earnings [Member]</link:label>
    <link:loc xlink:label="ns10_TradingSymbol" xlink:href="https://xbrl.sec.gov/dei/2023/dei-2023.xsd#dei_TradingSymbol" xlink:type="locator"/>
    <link:labelArc xlink:arcrole="http://www.xbrl.org/2003/arcrole/concept-label" xlink:type="arc" xlink:from="ns10_TradingSymbol" xlink:to="lbl_lab_ns10_TradingSymbol"/>
    <link:label xlink:type="resource" xlink:label="lbl_lab_ns10_TradingSymbol" xlink:role="http://www.xbrl.org/2003/role/label" xml:lang="en-US">Trading Symbol</link:label>
    <link:loc xlink:label="ns15_RetainedEarningsAccumulatedDeficit" xlink:href="https://xbrl.fasb.org/us-gaap/2023/elts/us-gaap-2023.xsd#us-gaap_RetainedEarningsAccumulatedDeficit" xlink:type="locator"/>
    <link:labelArc xlink:arcrole="http://www.xbrl.org/2003/arcrole/concept-label" xlink:type="arc" xlink:from="ns15_RetainedEarningsAccumulatedDeficit" xlink:to="lbl_lab_ns15_RetainedEarningsAccumulatedDeficit"/>
    <link:label xlink:type="resource" xlink:label="lbl_lab_ns15_RetainedEarningsAccumulatedDeficit" xlink:role="http://www.xbrl.org/2009/role/negatedLabel" xml:lang="en-US">Accumulated deficit</link:label>
    <link:loc xlink:label="ns10_SecurityExchangeName" xlink:href="https://xbrl.sec.gov/dei/2023/dei-2023.xsd#dei_SecurityExchangeName" xlink:type="locator"/>
    <link:labelArc xlink:arcrole="http://www.xbrl.org/2003/arcrole/concept-label" xlink:type="arc" xlink:from="ns10_SecurityExchangeName" xlink:to="lbl_lab_ns10_SecurityExchangeName"/>
    <link:label xlink:type="resource" xlink:label="lbl_lab_ns10_SecurityExchangeName" xlink:role="http://www.xbrl.org/2003/role/label" xml:lang="en-US">Security Exchange Name</link:label>
    <link:loc xlink:label="ns10_Security12gTitle" xlink:href="https://xbrl.sec.gov/dei/2023/dei-2023.xsd#dei_Security12gTitle" xlink:type="locator"/>
    <link:labelArc xlink:arcrole="http://www.xbrl.org/2003/arcrole/concept-label" xlink:type="arc" xlink:from="ns10_Security12gTitle" xlink:to="lbl_lab_ns10_Security12gTitle"/>
    <link:label xlink:type="resource" xlink:label="lbl_lab_ns10_Security12gTitle" xlink:role="http://www.xbrl.org/2003/role/label" xml:lang="en-US">Title of 12(g) Security</link:label>
    <link:loc xlink:label="ns15_IncomeStatementAbstract" xlink:href="https://xbrl.fasb.org/us-gaap/2023/elts/us-gaap-2023.xsd#us-gaap_IncomeStatementAbstract" xlink:type="locator"/>
    <link:labelArc xlink:arcrole="http://www.xbrl.org/2003/arcrole/concept-label" xlink:type="arc" xlink:from="ns15_IncomeStatementAbstract" xlink:to="lbl_lab_ns15_IncomeStatementAbstract"/>
    <link:label xlink:type="resource" xlink:label="lbl_lab_ns15_IncomeStatementAbstract" xlink:role="http://www.xbrl.org/2003/role/label" xml:lang="en-US">Income Statement [Abstract]</link:label>
    <link:loc xlink:label="ns10_SecurityReportingObligation" xlink:href="https://xbrl.sec.gov/dei/2023/dei-2023.xsd#dei_SecurityReportingObligation" xlink:type="locator"/>
    <link:labelArc xlink:arcrole="http://www.xbrl.org/2003/arcrole/concept-label" xlink:type="arc" xlink:from="ns10_SecurityReportingObligation" xlink:to="lbl_lab_ns10_SecurityReportingObligation"/>
    <link:label xlink:type="resource" xlink:label="lbl_lab_ns10_SecurityReportingObligation" xlink:role="http://www.xbrl.org/2003/role/label" xml:lang="en-US">Security Reporting Obligation</link:label>
    <link:label xlink:type="resource" xlink:label="lbl_lab_ns15_RetainedEarningsAccumulatedDeficit" xlink:role="http://www.xbrl.org/2003/role/label" xml:lang="en-US">Accumulated deficit</link:label>
    <link:loc xlink:label="ns10_EntityCommonStockSharesOutstanding" xlink:href="https://xbrl.sec.gov/dei/2023/dei-2023.xsd#dei_EntityCommonStockSharesOutstanding" xlink:type="locator"/>
    <link:labelArc xlink:arcrole="http://www.xbrl.org/2003/arcrole/concept-label" xlink:type="arc" xlink:from="ns10_EntityCommonStockSharesOutstanding" xlink:to="lbl_lab_ns10_EntityCommonStockSharesOutstanding"/>
    <link:label xlink:type="resource" xlink:label="lbl_lab_ns10_EntityCommonStockSharesOutstanding" xlink:role="http://www.xbrl.org/2003/role/label" xml:lang="en-US">Entity Common Stock, Shares Outstanding</link:label>
    <link:loc xlink:label="ns10_DocumentsIncorporatedByReferenceTextBlock" xlink:href="https://xbrl.sec.gov/dei/2023/dei-2023.xsd#dei_DocumentsIncorporatedByReferenceTextBlock" xlink:type="locator"/>
    <link:labelArc xlink:arcrole="http://www.xbrl.org/2003/arcrole/concept-label" xlink:type="arc" xlink:from="ns10_DocumentsIncorporatedByReferenceTextBlock" xlink:to="lbl_lab_ns10_DocumentsIncorporatedByReferenceTextBlock"/>
    <link:label xlink:type="resource" xlink:label="lbl_lab_ns10_DocumentsIncorporatedByReferenceTextBlock" xlink:role="http://www.xbrl.org/2003/role/label" xml:lang="en-US">Documents Incorporated by Reference [Text Block]</link:label>
    <link:loc xlink:label="ns15_RevenueRecognitionDeferredRevenue" xlink:href="https://xbrl.fasb.org/us-gaap/2023/elts/us-gaap-2023.xsd#us-gaap_RevenueRecognitionDeferredRevenue" xlink:type="locator"/>
    <link:labelArc xlink:arcrole="http://www.xbrl.org/2003/arcrole/concept-label" xlink:type="arc" xlink:from="ns15_RevenueRecognitionDeferredRevenue" xlink:to="lbl_lab_ns15_RevenueRecognitionDeferredRevenue"/>
    <link:label xlink:type="resource" xlink:label="lbl_lab_ns15_RevenueRecognitionDeferredRevenue" xlink:role="http://www.xbrl.org/2003/role/label" xml:lang="en-US">Revenue Recognition</link:label>
    <link:loc xlink:label="ns15_InterestPaid" xlink:href="https://xbrl.fasb.org/us-gaap/2023/elts/us-gaap-2023.xsd#us-gaap_InterestPaid" xlink:type="locator"/>
    <link:labelArc xlink:arcrole="http://www.xbrl.org/2003/arcrole/concept-label" xlink:type="arc" xlink:from="ns15_InterestPaid" xlink:to="lbl_lab_ns15_InterestPaid"/>
    <link:label xlink:type="resource" xlink:label="lbl_lab_ns15_InterestPaid" xlink:role="http://www.xbrl.org/2003/role/label" xml:lang="en-US">Interest</link:label>
    <link:loc xlink:label="ns15_NetCashProvidedByUsedInFinancingActivities" xlink:href="https://xbrl.fasb.org/us-gaap/2023/elts/us-gaap-2023.xsd#us-gaap_NetCashProvidedByUsedInFinancingActivities" xlink:type="locator"/>
    <link:labelArc xlink:arcrole="http://www.xbrl.org/2003/arcrole/concept-label" xlink:type="arc" xlink:from="ns15_NetCashProvidedByUsedInFinancingActivities" xlink:to="lbl_lab_ns15_NetCashProvidedByUsedInFinancingActivities"/>
    <link:label xlink:type="resource" xlink:label="lbl_lab_ns15_NetCashProvidedByUsedInFinancingActivities" xlink:role="http://www.xbrl.org/2003/role/totalLabel" xml:lang="en-US">Net cash provided from financing activities:</link:label>
    <link:loc xlink:label="ns15_RevenuesAbstract" xlink:href="https://xbrl.fasb.org/us-gaap/2023/elts/us-gaap-2023.xsd#us-gaap_RevenuesAbstract" xlink:type="locator"/>
    <link:labelArc xlink:arcrole="http://www.xbrl.org/2003/arcrole/concept-label" xlink:type="arc" xlink:from="ns15_RevenuesAbstract" xlink:to="lbl_lab_ns15_RevenuesAbstract"/>
    <link:label xlink:type="resource" xlink:label="lbl_lab_ns15_RevenuesAbstract" xlink:role="http://www.xbrl.org/2003/role/label" xml:lang="en-US">Income:</link:label>
    <link:label xlink:type="resource" xlink:label="lbl_lab_ns15_NetCashProvidedByUsedInFinancingActivities" xlink:role="http://www.xbrl.org/2003/role/label" xml:lang="en-US">Net Cash Provided by (Used in) Financing Activities</link:label>
    <link:loc xlink:label="ns15_Revenues" xlink:href="https://xbrl.fasb.org/us-gaap/2023/elts/us-gaap-2023.xsd#us-gaap_Revenues" xlink:type="locator"/>
    <link:labelArc xlink:arcrole="http://www.xbrl.org/2003/arcrole/concept-label" xlink:type="arc" xlink:from="ns15_Revenues" xlink:to="lbl_lab_ns15_Revenues"/>
    <link:label xlink:type="resource" xlink:label="lbl_lab_ns15_Revenues" xlink:role="http://www.xbrl.org/2003/role/label" xml:lang="en-US">Total Income:</link:label>
    <link:loc xlink:label="ns15_NetCashProvidedByUsedInFinancingActivitiesAbstract" xlink:href="https://xbrl.fasb.org/us-gaap/2023/elts/us-gaap-2023.xsd#us-gaap_NetCashProvidedByUsedInFinancingActivitiesAbstract" xlink:type="locator"/>
    <link:labelArc xlink:arcrole="http://www.xbrl.org/2003/arcrole/concept-label" xlink:type="arc" xlink:from="ns15_NetCashProvidedByUsedInFinancingActivitiesAbstract" xlink:to="lbl_lab_ns15_NetCashProvidedByUsedInFinancingActivitiesAbstract"/>
    <link:label xlink:type="resource" xlink:label="lbl_lab_ns15_NetCashProvidedByUsedInFinancingActivitiesAbstract" xlink:role="http://www.xbrl.org/2003/role/label" xml:lang="en-US">Net cash used in financing activities:</link:label>
    <link:loc xlink:label="ns15_PaymentsToAcquireProductiveAssets" xlink:href="https://xbrl.fasb.org/us-gaap/2023/elts/us-gaap-2023.xsd#us-gaap_PaymentsToAcquireProductiveAssets" xlink:type="locator"/>
    <link:labelArc xlink:arcrole="http://www.xbrl.org/2003/arcrole/concept-label" xlink:type="arc" xlink:from="ns15_PaymentsToAcquireProductiveAssets" xlink:to="lbl_lab_ns15_PaymentsToAcquireProductiveAssets"/>
    <link:label xlink:type="resource" xlink:label="lbl_lab_ns15_PaymentsToAcquireProductiveAssets" xlink:role="http://www.xbrl.org/2009/role/negatedLabel" xml:lang="en-US">Purchase of fixed assets and software</link:label>
    <link:loc xlink:label="ns15_NetCashProvidedByUsedInOperatingActivities" xlink:href="https://xbrl.fasb.org/us-gaap/2023/elts/us-gaap-2023.xsd#us-gaap_NetCashProvidedByUsedInOperatingActivities" xlink:type="locator"/>
    <link:labelArc xlink:arcrole="http://www.xbrl.org/2003/arcrole/concept-label" xlink:type="arc" xlink:from="ns15_NetCashProvidedByUsedInOperatingActivities" xlink:to="lbl_lab_ns15_NetCashProvidedByUsedInOperatingActivities"/>
    <link:label xlink:type="resource" xlink:label="lbl_lab_ns15_NetCashProvidedByUsedInOperatingActivities" xlink:role="http://www.xbrl.org/2003/role/totalLabel" xml:lang="en-US">Net cash provided (used) in operating activities:</link:label>
    <link:label xlink:type="resource" xlink:label="lbl_lab_ns15_PaymentsToAcquireProductiveAssets" xlink:role="http://www.xbrl.org/2003/role/label" xml:lang="en-US">Payments to Acquire Productive Assets</link:label>
    <link:label xlink:type="resource" xlink:label="lbl_lab_ns15_NetCashProvidedByUsedInOperatingActivities" xlink:role="http://www.xbrl.org/2003/role/label" xml:lang="en-US">Net Cash Provided by (Used in) Operating Activities</link:label>
    <link:loc xlink:label="ns15_EquityAbstract" xlink:href="https://xbrl.fasb.org/us-gaap/2023/elts/us-gaap-2023.xsd#us-gaap_EquityAbstract" xlink:type="locator"/>
    <link:labelArc xlink:arcrole="http://www.xbrl.org/2003/arcrole/concept-label" xlink:type="arc" xlink:from="ns15_EquityAbstract" xlink:to="lbl_lab_ns15_EquityAbstract"/>
    <link:label xlink:type="resource" xlink:label="lbl_lab_ns15_EquityAbstract" xlink:role="http://www.xbrl.org/2003/role/label" xml:lang="en-US">Equity [Abstract]</link:label>
    <link:loc xlink:label="ns15_NetCashProvidedByUsedInInvestingActivitiesAbstract" xlink:href="https://xbrl.fasb.org/us-gaap/2023/elts/us-gaap-2023.xsd#us-gaap_NetCashProvidedByUsedInInvestingActivitiesAbstract" xlink:type="locator"/>
    <link:labelArc xlink:arcrole="http://www.xbrl.org/2003/arcrole/concept-label" xlink:type="arc" xlink:from="ns15_NetCashProvidedByUsedInInvestingActivitiesAbstract" xlink:to="lbl_lab_ns15_NetCashProvidedByUsedInInvestingActivitiesAbstract"/>
    <link:label xlink:type="resource" xlink:label="lbl_lab_ns15_NetCashProvidedByUsedInInvestingActivitiesAbstract" xlink:role="http://www.xbrl.org/2003/role/label" xml:lang="en-US">Cash flows from investing activities:</link:label>
    <link:loc xlink:label="ns15_IncomeTaxesPaidNet" xlink:href="https://xbrl.fasb.org/us-gaap/2023/elts/us-gaap-2023.xsd#us-gaap_IncomeTaxesPaidNet" xlink:type="locator"/>
    <link:labelArc xlink:arcrole="http://www.xbrl.org/2003/arcrole/concept-label" xlink:type="arc" xlink:from="ns15_IncomeTaxesPaidNet" xlink:to="lbl_lab_ns15_IncomeTaxesPaidNet"/>
    <link:label xlink:type="resource" xlink:label="lbl_lab_ns15_IncomeTaxesPaidNet" xlink:role="http://www.xbrl.org/2003/role/label" xml:lang="en-US">Income tax</link:label>
    <link:loc xlink:label="ns15_NetCashProvidedByUsedInOperatingActivitiesAbstract" xlink:href="https://xbrl.fasb.org/us-gaap/2023/elts/us-gaap-2023.xsd#us-gaap_NetCashProvidedByUsedInOperatingActivitiesAbstract" xlink:type="locator"/>
    <link:labelArc xlink:arcrole="http://www.xbrl.org/2003/arcrole/concept-label" xlink:type="arc" xlink:from="ns15_NetCashProvidedByUsedInOperatingActivitiesAbstract" xlink:to="lbl_lab_ns15_NetCashProvidedByUsedInOperatingActivitiesAbstract"/>
    <link:label xlink:type="resource" xlink:label="lbl_lab_ns15_NetCashProvidedByUsedInOperatingActivitiesAbstract" xlink:role="http://www.xbrl.org/2003/role/label" xml:lang="en-US">Cash flows from operating activities:</link:label>
    <link:loc xlink:label="ns15_NetCashProvidedByUsedInInvestingActivities" xlink:href="https://xbrl.fasb.org/us-gaap/2023/elts/us-gaap-2023.xsd#us-gaap_NetCashProvidedByUsedInInvestingActivities" xlink:type="locator"/>
    <link:labelArc xlink:arcrole="http://www.xbrl.org/2003/arcrole/concept-label" xlink:type="arc" xlink:from="ns15_NetCashProvidedByUsedInInvestingActivities" xlink:to="lbl_lab_ns15_NetCashProvidedByUsedInInvestingActivities"/>
    <link:label xlink:type="resource" xlink:label="lbl_lab_ns15_NetCashProvidedByUsedInInvestingActivities" xlink:role="http://www.xbrl.org/2003/role/label" xml:lang="en-US">Net Cash Provided by (Used in) Investing Activities</link:label>
    <link:loc xlink:label="ns15_Assets" xlink:href="https://xbrl.fasb.org/us-gaap/2023/elts/us-gaap-2023.xsd#us-gaap_Assets" xlink:type="locator"/>
    <link:labelArc xlink:arcrole="http://www.xbrl.org/2003/arcrole/concept-label" xlink:type="arc" xlink:from="ns15_Assets" xlink:to="lbl_lab_ns15_Assets"/>
    <link:label xlink:type="resource" xlink:label="lbl_lab_ns15_Assets" xlink:role="http://www.xbrl.org/2003/role/totalLabel" xml:lang="en-US">Total Assets:</link:label>
    <link:label xlink:type="resource" xlink:label="lbl_lab_ns15_NetCashProvidedByUsedInInvestingActivities" xlink:role="http://www.xbrl.org/2003/role/totalLabel" xml:lang="en-US">Net cash used in investing activities:</link:label>
    <link:label xlink:type="resource" xlink:label="lbl_lab_ns15_Assets" xlink:role="http://www.xbrl.org/2003/role/label" xml:lang="en-US">Assets</link:label>
    <link:loc xlink:label="ns15_NetIncomeLoss" xlink:href="https://xbrl.fasb.org/us-gaap/2023/elts/us-gaap-2023.xsd#us-gaap_NetIncomeLoss" xlink:type="locator"/>
    <link:labelArc xlink:arcrole="http://www.xbrl.org/2003/arcrole/concept-label" xlink:type="arc" xlink:from="ns15_NetIncomeLoss" xlink:to="lbl_lab_ns15_NetIncomeLoss"/>
    <link:label xlink:type="resource" xlink:label="lbl_lab_ns15_NetIncomeLoss" xlink:role="http://www.xbrl.org/2009/role/negatedLabel" xml:lang="en-US">Net loss</link:label>
    <link:loc xlink:label="ns15_AssetsNoncurrent" xlink:href="https://xbrl.fasb.org/us-gaap/2023/elts/us-gaap-2023.xsd#us-gaap_AssetsNoncurrent" xlink:type="locator"/>
    <link:labelArc xlink:arcrole="http://www.xbrl.org/2003/arcrole/concept-label" xlink:type="arc" xlink:from="ns15_AssetsNoncurrent" xlink:to="lbl_lab_ns15_AssetsNoncurrent"/>
    <link:label xlink:type="resource" xlink:label="lbl_lab_ns15_AssetsNoncurrent" xlink:role="http://www.xbrl.org/2003/role/label" xml:lang="en-US">Total fixed assets:</link:label>
    <link:loc xlink:label="ns15_SubstantialDoubtAboutGoingConcernTextBlock" xlink:href="https://xbrl.fasb.org/us-gaap/2023/elts/us-gaap-2023.xsd#us-gaap_SubstantialDoubtAboutGoingConcernTextBlock" xlink:type="locator"/>
    <link:labelArc xlink:arcrole="http://www.xbrl.org/2003/arcrole/concept-label" xlink:type="arc" xlink:from="ns15_SubstantialDoubtAboutGoingConcernTextBlock" xlink:to="lbl_lab_ns15_SubstantialDoubtAboutGoingConcernTextBlock"/>
    <link:label xlink:type="resource" xlink:label="lbl_lab_ns15_SubstantialDoubtAboutGoingConcernTextBlock" xlink:role="http://www.xbrl.org/2003/role/label" xml:lang="en-US">GOING CONCERN</link:label>
    <link:label xlink:type="resource" xlink:label="lbl_lab_ns15_NetIncomeLoss" xlink:role="http://www.xbrl.org/2003/role/totalLabel" xml:lang="en-US">Net Loss:</link:label>
    <link:loc xlink:label="ns15_AssetsCurrent" xlink:href="https://xbrl.fasb.org/us-gaap/2023/elts/us-gaap-2023.xsd#us-gaap_AssetsCurrent" xlink:type="locator"/>
    <link:labelArc xlink:arcrole="http://www.xbrl.org/2003/arcrole/concept-label" xlink:type="arc" xlink:from="ns15_AssetsCurrent" xlink:to="lbl_lab_ns15_AssetsCurrent"/>
    <link:label xlink:type="resource" xlink:label="lbl_lab_ns15_AssetsCurrent" xlink:role="http://www.xbrl.org/2003/role/totalLabel" xml:lang="en-US">Total current assets:</link:label>
    <link:label xlink:type="resource" xlink:label="lbl_lab_ns15_NetIncomeLoss" xlink:role="http://www.xbrl.org/2003/role/label" xml:lang="en-US">Net Loss</link:label>
    <link:label xlink:type="resource" xlink:label="lbl_lab_ns15_AssetsCurrent" xlink:role="http://www.xbrl.org/2003/role/label" xml:lang="en-US">Assets, Current</link:label>
    <link:loc xlink:label="ns15_ProceedsFromIssuanceOfCommonStock" xlink:href="https://xbrl.fasb.org/us-gaap/2023/elts/us-gaap-2023.xsd#us-gaap_ProceedsFromIssuanceOfCommonStock" xlink:type="locator"/>
    <link:labelArc xlink:arcrole="http://www.xbrl.org/2003/arcrole/concept-label" xlink:type="arc" xlink:from="ns15_ProceedsFromIssuanceOfCommonStock" xlink:to="lbl_lab_ns15_ProceedsFromIssuanceOfCommonStock"/>
    <link:label xlink:type="resource" xlink:label="lbl_lab_ns15_ProceedsFromIssuanceOfCommonStock" xlink:role="http://www.xbrl.org/2003/role/label" xml:lang="en-US">Proceeds from Issuance of Common Stock</link:label>
    <link:loc xlink:label="ns15_AssetsCurrentAbstract" xlink:href="https://xbrl.fasb.org/us-gaap/2023/elts/us-gaap-2023.xsd#us-gaap_AssetsCurrentAbstract" xlink:type="locator"/>
    <link:labelArc xlink:arcrole="http://www.xbrl.org/2003/arcrole/concept-label" xlink:type="arc" xlink:from="ns15_AssetsCurrentAbstract" xlink:to="lbl_lab_ns15_AssetsCurrentAbstract"/>
    <link:label xlink:type="resource" xlink:label="lbl_lab_ns15_AssetsCurrentAbstract" xlink:role="http://www.xbrl.org/2003/role/label" xml:lang="en-US">Current assets:</link:label>
    <link:label xlink:type="resource" xlink:label="lbl_lab_ns15_ProceedsFromIssuanceOfCommonStock" xlink:role="http://www.xbrl.org/2003/role/verboseLabel" xml:lang="en-US">Issuance of common stock</link:label>
    <link:loc xlink:label="ns15_AssetsNoncurrentAbstract" xlink:href="https://xbrl.fasb.org/us-gaap/2023/elts/us-gaap-2023.xsd#us-gaap_AssetsNoncurrentAbstract" xlink:type="locator"/>
    <link:labelArc xlink:arcrole="http://www.xbrl.org/2003/arcrole/concept-label" xlink:type="arc" xlink:from="ns15_AssetsNoncurrentAbstract" xlink:to="lbl_lab_ns15_AssetsNoncurrentAbstract"/>
    <link:label xlink:type="resource" xlink:label="lbl_lab_ns15_AssetsNoncurrentAbstract" xlink:role="http://www.xbrl.org/2003/role/label" xml:lang="en-US">Fixed assets:</link:label>
    <link:loc xlink:label="ns15_CashAndCashEquivalentsPeriodIncreaseDecrease" xlink:href="https://xbrl.fasb.org/us-gaap/2023/elts/us-gaap-2023.xsd#us-gaap_CashAndCashEquivalentsPeriodIncreaseDecrease" xlink:type="locator"/>
    <link:labelArc xlink:arcrole="http://www.xbrl.org/2003/arcrole/concept-label" xlink:type="arc" xlink:from="ns15_CashAndCashEquivalentsPeriodIncreaseDecrease" xlink:to="lbl_lab_ns15_CashAndCashEquivalentsPeriodIncreaseDecrease"/>
    <link:label xlink:type="resource" xlink:label="lbl_lab_ns15_CashAndCashEquivalentsPeriodIncreaseDecrease" xlink:role="http://www.xbrl.org/2003/role/label" xml:lang="en-US">Cash and Cash Equivalents, Period Increase (Decrease)</link:label>
    <link:loc xlink:label="ns15_IncreaseDecreaseInAccountsPayableAndAccruedLiabilities" xlink:href="https://xbrl.fasb.org/us-gaap/2023/elts/us-gaap-2023.xsd#us-gaap_IncreaseDecreaseInAccountsPayableAndAccruedLiabilities" xlink:type="locator"/>
    <link:labelArc xlink:arcrole="http://www.xbrl.org/2003/arcrole/concept-label" xlink:type="arc" xlink:from="ns15_IncreaseDecreaseInAccountsPayableAndAccruedLiabilities" xlink:to="lbl_lab_ns15_IncreaseDecreaseInAccountsPayableAndAccruedLiabilities"/>
    <link:label xlink:type="resource" xlink:label="lbl_lab_ns15_IncreaseDecreaseInAccountsPayableAndAccruedLiabilities" xlink:role="http://www.xbrl.org/2003/role/label" xml:lang="en-US">Increase (Decrease) in Accounts Payable and Accrued Liabilities</link:label>
    <link:label xlink:type="resource" xlink:label="lbl_lab_ns15_CashAndCashEquivalentsPeriodIncreaseDecrease" xlink:role="http://www.xbrl.org/2003/role/totalLabel" xml:lang="en-US">Change in cash</link:label>
    <link:label xlink:type="resource" xlink:label="lbl_lab_ns15_IncreaseDecreaseInAccountsPayableAndAccruedLiabilities" xlink:role="http://www.xbrl.org/2003/role/verboseLabel" xml:lang="en-US">Accounts payable and accrued liabilities</link:label>
    <link:loc xlink:label="ns15_CashAndCashEquivalentsPolicyTextBlock" xlink:href="https://xbrl.fasb.org/us-gaap/2023/elts/us-gaap-2023.xsd#us-gaap_CashAndCashEquivalentsPolicyTextBlock" xlink:type="locator"/>
    <link:labelArc xlink:arcrole="http://www.xbrl.org/2003/arcrole/concept-label" xlink:type="arc" xlink:from="ns15_CashAndCashEquivalentsPolicyTextBlock" xlink:to="lbl_lab_ns15_CashAndCashEquivalentsPolicyTextBlock"/>
    <link:label xlink:type="resource" xlink:label="lbl_lab_ns15_CashAndCashEquivalentsPolicyTextBlock" xlink:role="http://www.xbrl.org/2003/role/label" xml:lang="en-US">Cash and Cash Equivalents</link:label>
    <link:loc xlink:label="ns15_UseOfEstimates" xlink:href="https://xbrl.fasb.org/us-gaap/2023/elts/us-gaap-2023.xsd#us-gaap_UseOfEstimates" xlink:type="locator"/>
    <link:labelArc xlink:arcrole="http://www.xbrl.org/2003/arcrole/concept-label" xlink:type="arc" xlink:from="ns15_UseOfEstimates" xlink:to="lbl_lab_ns15_UseOfEstimates"/>
    <link:label xlink:type="resource" xlink:label="lbl_lab_ns15_UseOfEstimates" xlink:role="http://www.xbrl.org/2003/role/label" xml:lang="en-US">Use of Estimates and Assumptions</link:label>
    <link:loc xlink:label="ns15_DepositsAssetsCurrent" xlink:href="https://xbrl.fasb.org/us-gaap/2023/elts/us-gaap-2023.xsd#us-gaap_DepositsAssetsCurrent" xlink:type="locator"/>
    <link:labelArc xlink:arcrole="http://www.xbrl.org/2003/arcrole/concept-label" xlink:type="arc" xlink:from="ns15_DepositsAssetsCurrent" xlink:to="lbl_lab_ns15_DepositsAssetsCurrent"/>
    <link:label xlink:type="resource" xlink:label="lbl_lab_ns15_DepositsAssetsCurrent" xlink:role="http://www.xbrl.org/2003/role/label" xml:lang="en-US">Prepayment &amp; Deposit</link:label>
    <link:loc xlink:label="ns15_IncreaseDecreaseInOperatingCapitalAbstract" xlink:href="https://xbrl.fasb.org/us-gaap/2023/elts/us-gaap-2023.xsd#us-gaap_IncreaseDecreaseInOperatingCapitalAbstract" xlink:type="locator"/>
    <link:labelArc xlink:arcrole="http://www.xbrl.org/2003/arcrole/concept-label" xlink:type="arc" xlink:from="ns15_IncreaseDecreaseInOperatingCapitalAbstract" xlink:to="lbl_lab_ns15_IncreaseDecreaseInOperatingCapitalAbstract"/>
    <link:label xlink:type="resource" xlink:label="lbl_lab_ns15_IncreaseDecreaseInOperatingCapitalAbstract" xlink:role="http://www.xbrl.org/2003/role/label" xml:lang="en-US">Change in operating assets and liabilities</link:label>
    <link:loc xlink:label="ns15_IncreaseDecreaseInPrepaidExpense" xlink:href="https://xbrl.fasb.org/us-gaap/2023/elts/us-gaap-2023.xsd#us-gaap_IncreaseDecreaseInPrepaidExpense" xlink:type="locator"/>
    <link:labelArc xlink:arcrole="http://www.xbrl.org/2003/arcrole/concept-label" xlink:type="arc" xlink:from="ns15_IncreaseDecreaseInPrepaidExpense" xlink:to="lbl_lab_ns15_IncreaseDecreaseInPrepaidExpense"/>
    <link:label xlink:type="resource" xlink:label="lbl_lab_ns15_IncreaseDecreaseInPrepaidExpense" xlink:role="http://www.xbrl.org/2003/role/label" xml:lang="en-US">Prepayments &amp; deposits</link:label>
    <link:loc xlink:label="ns15_CashAndCashEquivalentsAtCarryingValue" xlink:href="https://xbrl.fasb.org/us-gaap/2023/elts/us-gaap-2023.xsd#us-gaap_CashAndCashEquivalentsAtCarryingValue" xlink:type="locator"/>
    <link:labelArc xlink:arcrole="http://www.xbrl.org/2003/arcrole/concept-label" xlink:type="arc" xlink:from="ns15_CashAndCashEquivalentsAtCarryingValue" xlink:to="lbl_lab_ns15_CashAndCashEquivalentsAtCarryingValue"/>
    <link:label xlink:type="resource" xlink:label="lbl_lab_ns15_CashAndCashEquivalentsAtCarryingValue" xlink:role="http://www.xbrl.org/2003/role/label" xml:lang="en-US">Cash</link:label>
    <link:label xlink:type="resource" xlink:label="lbl_lab_ns15_CashAndCashEquivalentsAtCarryingValue" xlink:role="http://www.xbrl.org/2003/role/periodStartLabel" xml:lang="en-US">Cash &#8211; beginning of period</link:label>
    <link:loc xlink:label="ns10_DocumentQuarterlyReport" xlink:href="https://xbrl.sec.gov/dei/2023/dei-2023.xsd#dei_DocumentQuarterlyReport" xlink:type="locator"/>
    <link:labelArc xlink:arcrole="http://www.xbrl.org/2003/arcrole/concept-label" xlink:type="arc" xlink:from="ns10_DocumentQuarterlyReport" xlink:to="lbl_lab_ns10_DocumentQuarterlyReport"/>
    <link:label xlink:type="resource" xlink:label="lbl_lab_ns10_DocumentQuarterlyReport" xlink:role="http://www.xbrl.org/2003/role/label" xml:lang="en-US">Document Quarterly Report</link:label>
    <link:label xlink:type="resource" xlink:label="lbl_lab_ns15_CashAndCashEquivalentsAtCarryingValue" xlink:role="http://www.xbrl.org/2003/role/periodEndLabel" xml:lang="en-US">Cash &#8211; end of period</link:label>
    <link:loc xlink:label="ns10_DocumentAnnualReport" xlink:href="https://xbrl.sec.gov/dei/2023/dei-2023.xsd#dei_DocumentAnnualReport" xlink:type="locator"/>
    <link:labelArc xlink:arcrole="http://www.xbrl.org/2003/arcrole/concept-label" xlink:type="arc" xlink:from="ns10_DocumentAnnualReport" xlink:to="lbl_lab_ns10_DocumentAnnualReport"/>
    <link:label xlink:type="resource" xlink:label="lbl_lab_ns10_DocumentAnnualReport" xlink:role="http://www.xbrl.org/2003/role/label" xml:lang="en-US">Document Annual Report</link:label>
    <link:loc xlink:label="ns15_ProfitLoss" xlink:href="https://xbrl.fasb.org/us-gaap/2023/elts/us-gaap-2023.xsd#us-gaap_ProfitLoss" xlink:type="locator"/>
    <link:labelArc xlink:arcrole="http://www.xbrl.org/2003/arcrole/concept-label" xlink:type="arc" xlink:from="ns15_ProfitLoss" xlink:to="lbl_lab_ns15_ProfitLoss"/>
    <link:label xlink:type="resource" xlink:label="lbl_lab_ns15_ProfitLoss" xlink:role="http://www.xbrl.org/2003/role/label" xml:lang="en-US">Net Loss for the period</link:label>
    <link:loc xlink:label="ns10_DocumentTransitionReport" xlink:href="https://xbrl.sec.gov/dei/2023/dei-2023.xsd#dei_DocumentTransitionReport" xlink:type="locator"/>
    <link:labelArc xlink:arcrole="http://www.xbrl.org/2003/arcrole/concept-label" xlink:type="arc" xlink:from="ns10_DocumentTransitionReport" xlink:to="lbl_lab_ns10_DocumentTransitionReport"/>
    <link:label xlink:type="resource" xlink:label="lbl_lab_ns10_DocumentTransitionReport" xlink:role="http://www.xbrl.org/2003/role/label" xml:lang="en-US">Document Transition Report</link:label>
    <link:loc xlink:label="ns15_PropertyPlantAndEquipmentNet" xlink:href="https://xbrl.fasb.org/us-gaap/2023/elts/us-gaap-2023.xsd#us-gaap_PropertyPlantAndEquipmentNet" xlink:type="locator"/>
    <link:labelArc xlink:arcrole="http://www.xbrl.org/2003/arcrole/concept-label" xlink:type="arc" xlink:from="ns15_PropertyPlantAndEquipmentNet" xlink:to="lbl_lab_ns15_PropertyPlantAndEquipmentNet"/>
    <link:label xlink:type="resource" xlink:label="lbl_lab_ns15_PropertyPlantAndEquipmentNet" xlink:role="http://www.xbrl.org/2003/role/label" xml:lang="en-US">Office Equipment</link:label>
    <link:loc xlink:label="ns10_DocumentType" xlink:href="https://xbrl.sec.gov/dei/2023/dei-2023.xsd#dei_DocumentType" xlink:type="locator"/>
    <link:labelArc xlink:arcrole="http://www.xbrl.org/2003/arcrole/concept-label" xlink:type="arc" xlink:from="ns10_DocumentType" xlink:to="lbl_lab_ns10_DocumentType"/>
    <link:label xlink:type="resource" xlink:label="lbl_lab_ns10_DocumentType" xlink:role="http://www.xbrl.org/2003/role/label" xml:lang="en-US">Document Type</link:label>
    <link:loc xlink:label="ns15_OperatingExpensesAbstract" xlink:href="https://xbrl.fasb.org/us-gaap/2023/elts/us-gaap-2023.xsd#us-gaap_OperatingExpensesAbstract" xlink:type="locator"/>
    <link:labelArc xlink:arcrole="http://www.xbrl.org/2003/arcrole/concept-label" xlink:type="arc" xlink:from="ns15_OperatingExpensesAbstract" xlink:to="lbl_lab_ns15_OperatingExpensesAbstract"/>
    <link:label xlink:type="resource" xlink:label="lbl_lab_ns15_OperatingExpensesAbstract" xlink:role="http://www.xbrl.org/2003/role/label" xml:lang="en-US">Expenses:</link:label>
    <link:loc xlink:label="ns10_DocumentPeriodStartDate" xlink:href="https://xbrl.sec.gov/dei/2023/dei-2023.xsd#dei_DocumentPeriodStartDate" xlink:type="locator"/>
    <link:labelArc xlink:arcrole="http://www.xbrl.org/2003/arcrole/concept-label" xlink:type="arc" xlink:from="ns10_DocumentPeriodStartDate" xlink:to="lbl_lab_ns10_DocumentPeriodStartDate"/>
    <link:label xlink:type="resource" xlink:label="lbl_lab_ns10_DocumentPeriodStartDate" xlink:role="http://www.xbrl.org/2003/role/label" xml:lang="en-US">Document Period Start Date</link:label>
    <link:loc xlink:label="ns15_FiniteLivedIntangibleAssetsNet" xlink:href="https://xbrl.fasb.org/us-gaap/2023/elts/us-gaap-2023.xsd#us-gaap_FiniteLivedIntangibleAssetsNet" xlink:type="locator"/>
    <link:labelArc xlink:arcrole="http://www.xbrl.org/2003/arcrole/concept-label" xlink:type="arc" xlink:from="ns15_FiniteLivedIntangibleAssetsNet" xlink:to="lbl_lab_ns15_FiniteLivedIntangibleAssetsNet"/>
    <link:label xlink:type="resource" xlink:label="lbl_lab_ns15_FiniteLivedIntangibleAssetsNet" xlink:role="http://www.xbrl.org/2003/role/label" xml:lang="en-US">Software</link:label>
    <link:loc xlink:label="ns10_DocumentShellCompanyReport" xlink:href="https://xbrl.sec.gov/dei/2023/dei-2023.xsd#dei_DocumentShellCompanyReport" xlink:type="locator"/>
    <link:labelArc xlink:arcrole="http://www.xbrl.org/2003/arcrole/concept-label" xlink:type="arc" xlink:from="ns10_DocumentShellCompanyReport" xlink:to="lbl_lab_ns10_DocumentShellCompanyReport"/>
    <link:label xlink:type="resource" xlink:label="lbl_lab_ns10_DocumentShellCompanyReport" xlink:role="http://www.xbrl.org/2003/role/label" xml:lang="en-US">Document Shell Company Report</link:label>
    <link:loc xlink:label="ns15_OrganizationConsolidationAndPresentationOfFinancialStatementsDisclosureTextBlock" xlink:href="https://xbrl.fasb.org/us-gaap/2023/elts/us-gaap-2023.xsd#us-gaap_OrganizationConsolidationAndPresentationOfFinancialStatementsDisclosureTextBlock" xlink:type="locator"/>
    <link:labelArc xlink:arcrole="http://www.xbrl.org/2003/arcrole/concept-label" xlink:type="arc" xlink:from="ns15_OrganizationConsolidationAndPresentationOfFinancialStatementsDisclosureTextBlock" xlink:to="lbl_lab_ns15_OrganizationConsolidationAndPresentationOfFinancialStatementsDisclosureTextBlock"/>
    <link:label xlink:type="resource" xlink:label="lbl_lab_ns15_OrganizationConsolidationAndPresentationOfFinancialStatementsDisclosureTextBlock" xlink:role="http://www.xbrl.org/2003/role/label" xml:lang="en-US">NATURE AND CONTINUANCE OF OPERATIONS</link:label>
    <link:loc xlink:label="ns10_DocumentShellCompanyEventDate" xlink:href="https://xbrl.sec.gov/dei/2023/dei-2023.xsd#dei_DocumentShellCompanyEventDate" xlink:type="locator"/>
    <link:labelArc xlink:arcrole="http://www.xbrl.org/2003/arcrole/concept-label" xlink:type="arc" xlink:from="ns10_DocumentShellCompanyEventDate" xlink:to="lbl_lab_ns10_DocumentShellCompanyEventDate"/>
    <link:label xlink:type="resource" xlink:label="lbl_lab_ns10_DocumentShellCompanyEventDate" xlink:role="http://www.xbrl.org/2003/role/label" xml:lang="en-US">Document Shell Company Event Date</link:label>
    <link:loc xlink:label="ns15_OrganizationConsolidationAndPresentationOfFinancialStatementsAbstract" xlink:href="https://xbrl.fasb.org/us-gaap/2023/elts/us-gaap-2023.xsd#us-gaap_OrganizationConsolidationAndPresentationOfFinancialStatementsAbstract" xlink:type="locator"/>
    <link:labelArc xlink:arcrole="http://www.xbrl.org/2003/arcrole/concept-label" xlink:type="arc" xlink:from="ns15_OrganizationConsolidationAndPresentationOfFinancialStatementsAbstract" xlink:to="lbl_lab_ns15_OrganizationConsolidationAndPresentationOfFinancialStatementsAbstract"/>
    <link:label xlink:type="resource" xlink:label="lbl_lab_ns15_OrganizationConsolidationAndPresentationOfFinancialStatementsAbstract" xlink:role="http://www.xbrl.org/2003/role/label" xml:lang="en-US">Organization, Consolidation and Presentation of Financial Statements [Abstract]</link:label>
    <link:loc xlink:label="ns10_EntityInteractiveDataCurrent" xlink:href="https://xbrl.sec.gov/dei/2023/dei-2023.xsd#dei_EntityInteractiveDataCurrent" xlink:type="locator"/>
    <link:labelArc xlink:arcrole="http://www.xbrl.org/2003/arcrole/concept-label" xlink:type="arc" xlink:from="ns10_EntityInteractiveDataCurrent" xlink:to="lbl_lab_ns10_EntityInteractiveDataCurrent"/>
    <link:label xlink:type="resource" xlink:label="lbl_lab_ns10_EntityInteractiveDataCurrent" xlink:role="http://www.xbrl.org/2003/role/label" xml:lang="en-US">Entity Interactive Data Current</link:label>
    <link:loc xlink:label="ns15_SharesOutstanding" xlink:href="https://xbrl.fasb.org/us-gaap/2023/elts/us-gaap-2023.xsd#us-gaap_SharesOutstanding" xlink:type="locator"/>
    <link:labelArc xlink:arcrole="http://www.xbrl.org/2003/arcrole/concept-label" xlink:type="arc" xlink:from="ns15_SharesOutstanding" xlink:to="lbl_lab_ns15_SharesOutstanding"/>
    <link:label xlink:type="resource" xlink:label="lbl_lab_ns15_SharesOutstanding" xlink:role="http://www.xbrl.org/2003/role/periodStartLabel" xml:lang="en-US">Opening Balance, shares</link:label>
    <link:loc xlink:label="ns10_DocumentRegistrationStatement" xlink:href="https://xbrl.sec.gov/dei/2023/dei-2023.xsd#dei_DocumentRegistrationStatement" xlink:type="locator"/>
    <link:labelArc xlink:arcrole="http://www.xbrl.org/2003/arcrole/concept-label" xlink:type="arc" xlink:from="ns10_DocumentRegistrationStatement" xlink:to="lbl_lab_ns10_DocumentRegistrationStatement"/>
    <link:label xlink:type="resource" xlink:label="lbl_lab_ns10_DocumentRegistrationStatement" xlink:role="http://www.xbrl.org/2003/role/label" xml:lang="en-US">Document Registration Statement</link:label>
    <link:label xlink:type="resource" xlink:label="lbl_lab_ns15_SharesOutstanding" xlink:role="http://www.xbrl.org/2003/role/periodEndLabel" xml:lang="en-US">Closing Balance, shares</link:label>
    <link:loc xlink:label="ns10_CoverAbstract" xlink:href="https://xbrl.sec.gov/dei/2023/dei-2023.xsd#dei_CoverAbstract" xlink:type="locator"/>
    <link:labelArc xlink:arcrole="http://www.xbrl.org/2003/arcrole/concept-label" xlink:type="arc" xlink:from="ns10_CoverAbstract" xlink:to="lbl_lab_ns10_CoverAbstract"/>
    <link:label xlink:type="resource" xlink:label="lbl_lab_ns10_CoverAbstract" xlink:role="http://www.xbrl.org/2003/role/label" xml:lang="en-US">Cover [Abstract]</link:label>
    <link:label xlink:type="resource" xlink:label="lbl_lab_ns15_SharesOutstanding" xlink:role="http://www.xbrl.org/2003/role/label" xml:lang="en-US">Shares, Outstanding</link:label>
    <link:loc xlink:label="ns10_AnnualInformationForm" xlink:href="https://xbrl.sec.gov/dei/2023/dei-2023.xsd#dei_AnnualInformationForm" xlink:type="locator"/>
    <link:labelArc xlink:arcrole="http://www.xbrl.org/2003/arcrole/concept-label" xlink:type="arc" xlink:from="ns10_AnnualInformationForm" xlink:to="lbl_lab_ns10_AnnualInformationForm"/>
    <link:label xlink:type="resource" xlink:label="lbl_lab_ns10_AnnualInformationForm" xlink:role="http://www.xbrl.org/2003/role/label" xml:lang="en-US">Annual Information Form</link:label>
    <link:loc xlink:label="ns15_CommonStockMember" xlink:href="https://xbrl.fasb.org/us-gaap/2023/elts/us-gaap-2023.xsd#us-gaap_CommonStockMember" xlink:type="locator"/>
    <link:labelArc xlink:arcrole="http://www.xbrl.org/2003/arcrole/concept-label" xlink:type="arc" xlink:from="ns15_CommonStockMember" xlink:to="lbl_lab_ns15_CommonStockMember"/>
    <link:label xlink:type="resource" xlink:label="lbl_lab_ns15_CommonStockMember" xlink:role="http://www.xbrl.org/2003/role/label" xml:lang="en-US">Common Stock [Member]</link:label>
    <link:loc xlink:label="ns10_AuditedAnnualFinancialStatements" xlink:href="https://xbrl.sec.gov/dei/2023/dei-2023.xsd#dei_AuditedAnnualFinancialStatements" xlink:type="locator"/>
    <link:labelArc xlink:arcrole="http://www.xbrl.org/2003/arcrole/concept-label" xlink:type="arc" xlink:from="ns10_AuditedAnnualFinancialStatements" xlink:to="lbl_lab_ns10_AuditedAnnualFinancialStatements"/>
    <link:label xlink:type="resource" xlink:label="lbl_lab_ns10_AuditedAnnualFinancialStatements" xlink:role="http://www.xbrl.org/2003/role/label" xml:lang="en-US">Audited Annual Financial Statements</link:label>
    <link:loc xlink:label="ns15_CommonStockSharesIssued" xlink:href="https://xbrl.fasb.org/us-gaap/2023/elts/us-gaap-2023.xsd#us-gaap_CommonStockSharesIssued" xlink:type="locator"/>
    <link:labelArc xlink:arcrole="http://www.xbrl.org/2003/arcrole/concept-label" xlink:type="arc" xlink:from="ns15_CommonStockSharesIssued" xlink:to="lbl_lab_ns15_CommonStockSharesIssued"/>
    <link:label xlink:type="resource" xlink:label="lbl_lab_ns15_CommonStockSharesIssued" xlink:role="http://www.xbrl.org/2003/role/label" xml:lang="en-US">Common Stock, Shares Issued</link:label>
    <link:loc xlink:label="ns10_DocumentAccountingStandard" xlink:href="https://xbrl.sec.gov/dei/2023/dei-2023.xsd#dei_DocumentAccountingStandard" xlink:type="locator"/>
    <link:labelArc xlink:arcrole="http://www.xbrl.org/2003/arcrole/concept-label" xlink:type="arc" xlink:from="ns10_DocumentAccountingStandard" xlink:to="lbl_lab_ns10_DocumentAccountingStandard"/>
    <link:label xlink:type="resource" xlink:label="lbl_lab_ns10_DocumentAccountingStandard" xlink:role="http://www.xbrl.org/2003/role/label" xml:lang="en-US">Document Accounting Standard</link:label>
    <link:loc xlink:label="ns15_CommonStockParOrStatedValuePerShare" xlink:href="https://xbrl.fasb.org/us-gaap/2023/elts/us-gaap-2023.xsd#us-gaap_CommonStockParOrStatedValuePerShare" xlink:type="locator"/>
    <link:labelArc xlink:arcrole="http://www.xbrl.org/2003/arcrole/concept-label" xlink:type="arc" xlink:from="ns15_CommonStockParOrStatedValuePerShare" xlink:to="lbl_lab_ns15_CommonStockParOrStatedValuePerShare"/>
    <link:label xlink:type="resource" xlink:label="lbl_lab_ns15_CommonStockParOrStatedValuePerShare" xlink:role="http://www.xbrl.org/2003/role/label" xml:lang="en-US">Common Stock, Par Value</link:label>
    <link:loc xlink:label="ns10_OtherReportingStandardItemNumber" xlink:href="https://xbrl.sec.gov/dei/2023/dei-2023.xsd#dei_OtherReportingStandardItemNumber" xlink:type="locator"/>
    <link:labelArc xlink:arcrole="http://www.xbrl.org/2003/arcrole/concept-label" xlink:type="arc" xlink:from="ns10_OtherReportingStandardItemNumber" xlink:to="lbl_lab_ns10_OtherReportingStandardItemNumber"/>
    <link:label xlink:type="resource" xlink:label="lbl_lab_ns10_OtherReportingStandardItemNumber" xlink:role="http://www.xbrl.org/2003/role/label" xml:lang="en-US">Other Reporting Standard Item Number</link:label>
    <link:loc xlink:label="ns15_CommonStockValue" xlink:href="https://xbrl.fasb.org/us-gaap/2023/elts/us-gaap-2023.xsd#us-gaap_CommonStockValue" xlink:type="locator"/>
    <link:labelArc xlink:arcrole="http://www.xbrl.org/2003/arcrole/concept-label" xlink:type="arc" xlink:from="ns15_CommonStockValue" xlink:to="lbl_lab_ns15_CommonStockValue"/>
    <link:label xlink:type="resource" xlink:label="lbl_lab_ns15_CommonStockValue" xlink:role="http://www.xbrl.org/2003/role/label" xml:lang="en-US">Common stock: $0.0001 par value, 500,000,000 authorized, 201,115,000 issued and outstanding as of&#160;October 31, 2022, 201,115,000 and July 31, 2022, respectively.</link:label>
    <link:loc xlink:label="ns15_BasisOfAccountingPolicyPolicyTextBlock" xlink:href="https://xbrl.fasb.org/us-gaap/2023/elts/us-gaap-2023.xsd#us-gaap_BasisOfAccountingPolicyPolicyTextBlock" xlink:type="locator"/>
    <link:labelArc xlink:arcrole="http://www.xbrl.org/2003/arcrole/concept-label" xlink:type="arc" xlink:from="ns15_BasisOfAccountingPolicyPolicyTextBlock" xlink:to="lbl_lab_ns15_BasisOfAccountingPolicyPolicyTextBlock"/>
    <link:label xlink:type="resource" xlink:label="lbl_lab_ns15_BasisOfAccountingPolicyPolicyTextBlock" xlink:role="http://www.xbrl.org/2003/role/label" xml:lang="en-US">Basis of Presentation</link:label>
    <link:loc xlink:label="ns15_SignificantAccountingPoliciesTextBlock" xlink:href="https://xbrl.fasb.org/us-gaap/2023/elts/us-gaap-2023.xsd#us-gaap_SignificantAccountingPoliciesTextBlock" xlink:type="locator"/>
    <link:labelArc xlink:arcrole="http://www.xbrl.org/2003/arcrole/concept-label" xlink:type="arc" xlink:from="ns15_SignificantAccountingPoliciesTextBlock" xlink:to="lbl_lab_ns15_SignificantAccountingPoliciesTextBlock"/>
    <link:label xlink:type="resource" xlink:label="lbl_lab_ns15_SignificantAccountingPoliciesTextBlock" xlink:role="http://www.xbrl.org/2003/role/label" xml:lang="en-US">SUMMARY OF SIGNIFICANT ACCOUNTING POLICIES</link:label>
    <link:loc xlink:label="ns10_WrittenCommunications" xlink:href="https://xbrl.sec.gov/dei/2023/dei-2023.xsd#dei_WrittenCommunications" xlink:type="locator"/>
    <link:labelArc xlink:arcrole="http://www.xbrl.org/2003/arcrole/concept-label" xlink:type="arc" xlink:from="ns10_WrittenCommunications" xlink:to="lbl_lab_ns10_WrittenCommunications"/>
    <link:label xlink:type="resource" xlink:label="lbl_lab_ns10_WrittenCommunications" xlink:role="http://www.xbrl.org/2003/role/label" xml:lang="en-US">Written Communications</link:label>
    <link:loc xlink:label="ns15_CommonStockSharesAuthorized" xlink:href="https://xbrl.fasb.org/us-gaap/2023/elts/us-gaap-2023.xsd#us-gaap_CommonStockSharesAuthorized" xlink:type="locator"/>
    <link:labelArc xlink:arcrole="http://www.xbrl.org/2003/arcrole/concept-label" xlink:type="arc" xlink:from="ns15_CommonStockSharesAuthorized" xlink:to="lbl_lab_ns15_CommonStockSharesAuthorized"/>
    <link:label xlink:type="resource" xlink:label="lbl_lab_ns15_CommonStockSharesAuthorized" xlink:role="http://www.xbrl.org/2003/role/label" xml:lang="en-US">Common Stock, Shares Authorized</link:label>
    <link:loc xlink:label="ns10_SolicitingMaterial" xlink:href="https://xbrl.sec.gov/dei/2023/dei-2023.xsd#dei_SolicitingMaterial" xlink:type="locator"/>
    <link:labelArc xlink:arcrole="http://www.xbrl.org/2003/arcrole/concept-label" xlink:type="arc" xlink:from="ns10_SolicitingMaterial" xlink:to="lbl_lab_ns10_SolicitingMaterial"/>
    <link:label xlink:type="resource" xlink:label="lbl_lab_ns10_SolicitingMaterial" xlink:role="http://www.xbrl.org/2003/role/label" xml:lang="en-US">Soliciting Material</link:label>
    <link:loc xlink:label="ns15_CommonStockSharesOutstanding" xlink:href="https://xbrl.fasb.org/us-gaap/2023/elts/us-gaap-2023.xsd#us-gaap_CommonStockSharesOutstanding" xlink:type="locator"/>
    <link:labelArc xlink:arcrole="http://www.xbrl.org/2003/arcrole/concept-label" xlink:type="arc" xlink:from="ns15_CommonStockSharesOutstanding" xlink:to="lbl_lab_ns15_CommonStockSharesOutstanding"/>
    <link:label xlink:type="resource" xlink:label="lbl_lab_ns15_CommonStockSharesOutstanding" xlink:role="http://www.xbrl.org/2003/role/label" xml:lang="en-US">Common Stock, Shares Outstanding</link:label>
    <link:loc xlink:label="ns10_PreCommencementTenderOffer" xlink:href="https://xbrl.sec.gov/dei/2023/dei-2023.xsd#dei_PreCommencementTenderOffer" xlink:type="locator"/>
    <link:labelArc xlink:arcrole="http://www.xbrl.org/2003/arcrole/concept-label" xlink:type="arc" xlink:from="ns10_PreCommencementTenderOffer" xlink:to="lbl_lab_ns10_PreCommencementTenderOffer"/>
    <link:label xlink:type="resource" xlink:label="lbl_lab_ns10_PreCommencementTenderOffer" xlink:role="http://www.xbrl.org/2003/role/label" xml:lang="en-US">Pre-commencement Tender Offer</link:label>
    <link:loc xlink:label="ns15_Liabilities" xlink:href="https://xbrl.fasb.org/us-gaap/2023/elts/us-gaap-2023.xsd#us-gaap_Liabilities" xlink:type="locator"/>
    <link:labelArc xlink:arcrole="http://www.xbrl.org/2003/arcrole/concept-label" xlink:type="arc" xlink:from="ns15_Liabilities" xlink:to="lbl_lab_ns15_Liabilities"/>
    <link:label xlink:type="resource" xlink:label="lbl_lab_ns15_Liabilities" xlink:role="http://www.xbrl.org/2003/role/totalLabel" xml:lang="en-US">Total Liabilities:</link:label>
    <link:loc xlink:label="ns10_PreCommencementIssuerTenderOffer" xlink:href="https://xbrl.sec.gov/dei/2023/dei-2023.xsd#dei_PreCommencementIssuerTenderOffer" xlink:type="locator"/>
    <link:labelArc xlink:arcrole="http://www.xbrl.org/2003/arcrole/concept-label" xlink:type="arc" xlink:from="ns10_PreCommencementIssuerTenderOffer" xlink:to="lbl_lab_ns10_PreCommencementIssuerTenderOffer"/>
    <link:label xlink:type="resource" xlink:label="lbl_lab_ns10_PreCommencementIssuerTenderOffer" xlink:role="http://www.xbrl.org/2003/role/label" xml:lang="en-US">Pre-commencement Issuer Tender Offer</link:label>
    <link:label xlink:type="resource" xlink:label="lbl_lab_ns15_Liabilities" xlink:role="http://www.xbrl.org/2003/role/label" xml:lang="en-US">Liabilities</link:label>
    <link:loc xlink:label="ns10_AmendmentFlag" xlink:href="https://xbrl.sec.gov/dei/2023/dei-2023.xsd#dei_AmendmentFlag" xlink:type="locator"/>
    <link:labelArc xlink:arcrole="http://www.xbrl.org/2003/arcrole/concept-label" xlink:type="arc" xlink:from="ns10_AmendmentFlag" xlink:to="lbl_lab_ns10_AmendmentFlag"/>
    <link:label xlink:type="resource" xlink:label="lbl_lab_ns10_AmendmentFlag" xlink:role="http://www.xbrl.org/2003/role/label" xml:lang="en-US">Amendment Flag</link:label>
    <link:loc xlink:label="ns15_LiabilitiesAndStockholdersEquity" xlink:href="https://xbrl.fasb.org/us-gaap/2023/elts/us-gaap-2023.xsd#us-gaap_LiabilitiesAndStockholdersEquity" xlink:type="locator"/>
    <link:labelArc xlink:arcrole="http://www.xbrl.org/2003/arcrole/concept-label" xlink:type="arc" xlink:from="ns15_LiabilitiesAndStockholdersEquity" xlink:to="lbl_lab_ns15_LiabilitiesAndStockholdersEquity"/>
    <link:label xlink:type="resource" xlink:label="lbl_lab_ns15_LiabilitiesAndStockholdersEquity" xlink:role="http://www.xbrl.org/2003/role/label" xml:lang="en-US">Liabilities and Equity</link:label>
    <link:loc xlink:label="ns10_EntityBankruptcyProceedingsReportingCurrent" xlink:href="https://xbrl.sec.gov/dei/2023/dei-2023.xsd#dei_EntityBankruptcyProceedingsReportingCurrent" xlink:type="locator"/>
    <link:labelArc xlink:arcrole="http://www.xbrl.org/2003/arcrole/concept-label" xlink:type="arc" xlink:from="ns10_EntityBankruptcyProceedingsReportingCurrent" xlink:to="lbl_lab_ns10_EntityBankruptcyProceedingsReportingCurrent"/>
    <link:label xlink:type="resource" xlink:label="lbl_lab_ns10_EntityBankruptcyProceedingsReportingCurrent" xlink:role="http://www.xbrl.org/2003/role/label" xml:lang="en-US">Entity Bankruptcy Proceedings, Reporting Current</link:label>
    <link:label xlink:type="resource" xlink:label="lbl_lab_ns15_LiabilitiesAndStockholdersEquity" xlink:role="http://www.xbrl.org/2003/role/totalLabel" xml:lang="en-US">Total Liabilities and Stockholder&#8217;s Equity:</link:label>
    <link:loc xlink:label="ns10_AmendmentDescription" xlink:href="https://xbrl.sec.gov/dei/2023/dei-2023.xsd#dei_AmendmentDescription" xlink:type="locator"/>
    <link:labelArc xlink:arcrole="http://www.xbrl.org/2003/arcrole/concept-label" xlink:type="arc" xlink:from="ns10_AmendmentDescription" xlink:to="lbl_lab_ns10_AmendmentDescription"/>
    <link:label xlink:type="resource" xlink:label="lbl_lab_ns10_AmendmentDescription" xlink:role="http://www.xbrl.org/2003/role/label" xml:lang="en-US">Amendment Description</link:label>
    <link:loc xlink:label="ns15_LiabilitiesCurrent" xlink:href="https://xbrl.fasb.org/us-gaap/2023/elts/us-gaap-2023.xsd#us-gaap_LiabilitiesCurrent" xlink:type="locator"/>
    <link:labelArc xlink:arcrole="http://www.xbrl.org/2003/arcrole/concept-label" xlink:type="arc" xlink:from="ns15_LiabilitiesCurrent" xlink:to="lbl_lab_ns15_LiabilitiesCurrent"/>
    <link:label xlink:type="resource" xlink:label="lbl_lab_ns15_LiabilitiesCurrent" xlink:role="http://www.xbrl.org/2003/role/label" xml:lang="en-US">Liabilities, Current</link:label>
    <link:loc xlink:label="ns10_DocumentFiscalPeriodFocus" xlink:href="https://xbrl.sec.gov/dei/2023/dei-2023.xsd#dei_DocumentFiscalPeriodFocus" xlink:type="locator"/>
    <link:labelArc xlink:arcrole="http://www.xbrl.org/2003/arcrole/concept-label" xlink:type="arc" xlink:from="ns10_DocumentFiscalPeriodFocus" xlink:to="lbl_lab_ns10_DocumentFiscalPeriodFocus"/>
    <link:label xlink:type="resource" xlink:label="lbl_lab_ns10_DocumentFiscalPeriodFocus" xlink:role="http://www.xbrl.org/2003/role/label" xml:lang="en-US">Document Fiscal Period Focus</link:label>
    <link:label xlink:type="resource" xlink:label="lbl_lab_ns15_LiabilitiesCurrent" xlink:role="http://www.xbrl.org/2003/role/totalLabel" xml:lang="en-US">Total current liabilities:</link:label>
    <link:loc xlink:label="ns10_DocumentFiscalYearFocus" xlink:href="https://xbrl.sec.gov/dei/2023/dei-2023.xsd#dei_DocumentFiscalYearFocus" xlink:type="locator"/>
    <link:labelArc xlink:arcrole="http://www.xbrl.org/2003/arcrole/concept-label" xlink:type="arc" xlink:from="ns10_DocumentFiscalYearFocus" xlink:to="lbl_lab_ns10_DocumentFiscalYearFocus"/>
    <link:label xlink:type="resource" xlink:label="lbl_lab_ns10_DocumentFiscalYearFocus" xlink:role="http://www.xbrl.org/2003/role/label" xml:lang="en-US">Document Fiscal Year Focus</link:label>
    <link:loc xlink:label="ns15_StatementOfFinancialPositionAbstract" xlink:href="https://xbrl.fasb.org/us-gaap/2023/elts/us-gaap-2023.xsd#us-gaap_StatementOfFinancialPositionAbstract" xlink:type="locator"/>
    <link:labelArc xlink:arcrole="http://www.xbrl.org/2003/arcrole/concept-label" xlink:type="arc" xlink:from="ns15_StatementOfFinancialPositionAbstract" xlink:to="lbl_lab_ns15_StatementOfFinancialPositionAbstract"/>
    <link:label xlink:type="resource" xlink:label="lbl_lab_ns15_StatementOfFinancialPositionAbstract" xlink:role="http://www.xbrl.org/2003/role/label" xml:lang="en-US">Statement of Financial Position [Abstract]</link:label>
    <link:loc xlink:label="ns10_EntityFileNumber" xlink:href="https://xbrl.sec.gov/dei/2023/dei-2023.xsd#dei_EntityFileNumber" xlink:type="locator"/>
    <link:labelArc xlink:arcrole="http://www.xbrl.org/2003/arcrole/concept-label" xlink:type="arc" xlink:from="ns10_EntityFileNumber" xlink:to="lbl_lab_ns10_EntityFileNumber"/>
    <link:label xlink:type="resource" xlink:label="lbl_lab_ns10_EntityFileNumber" xlink:role="http://www.xbrl.org/2003/role/label" xml:lang="en-US">Entity File Number</link:label>
    <link:loc xlink:label="ns15_LiabilitiesCurrentAbstract" xlink:href="https://xbrl.fasb.org/us-gaap/2023/elts/us-gaap-2023.xsd#us-gaap_LiabilitiesCurrentAbstract" xlink:type="locator"/>
    <link:labelArc xlink:arcrole="http://www.xbrl.org/2003/arcrole/concept-label" xlink:type="arc" xlink:from="ns15_LiabilitiesCurrentAbstract" xlink:to="lbl_lab_ns15_LiabilitiesCurrentAbstract"/>
    <link:label xlink:type="resource" xlink:label="lbl_lab_ns15_LiabilitiesCurrentAbstract" xlink:role="http://www.xbrl.org/2003/role/label" xml:lang="en-US">Current liabilities:</link:label>
    <link:loc xlink:label="ns10_DocumentPeriodEndDate" xlink:href="https://xbrl.sec.gov/dei/2023/dei-2023.xsd#dei_DocumentPeriodEndDate" xlink:type="locator"/>
    <link:labelArc xlink:arcrole="http://www.xbrl.org/2003/arcrole/concept-label" xlink:type="arc" xlink:from="ns10_DocumentPeriodEndDate" xlink:to="lbl_lab_ns10_DocumentPeriodEndDate"/>
    <link:label xlink:type="resource" xlink:label="lbl_lab_ns10_DocumentPeriodEndDate" xlink:role="http://www.xbrl.org/2003/role/label" xml:lang="en-US">Document Period End Date</link:label>
    <link:loc xlink:label="ns15_StatementTable" xlink:href="https://xbrl.fasb.org/us-gaap/2023/elts/us-gaap-2023.xsd#us-gaap_StatementTable" xlink:type="locator"/>
    <link:labelArc xlink:arcrole="http://www.xbrl.org/2003/arcrole/concept-label" xlink:type="arc" xlink:from="ns15_StatementTable" xlink:to="lbl_lab_ns15_StatementTable"/>
    <link:label xlink:type="resource" xlink:label="lbl_lab_ns15_StatementTable" xlink:role="http://www.xbrl.org/2003/role/label" xml:lang="en-US">Statement [Table]</link:label>
    <link:loc xlink:label="ns10_EntityCentralIndexKey" xlink:href="https://xbrl.sec.gov/dei/2023/dei-2023.xsd#dei_EntityCentralIndexKey" xlink:type="locator"/>
    <link:labelArc xlink:arcrole="http://www.xbrl.org/2003/arcrole/concept-label" xlink:type="arc" xlink:from="ns10_EntityCentralIndexKey" xlink:to="lbl_lab_ns10_EntityCentralIndexKey"/>
    <link:label xlink:type="resource" xlink:label="lbl_lab_ns10_EntityCentralIndexKey" xlink:role="http://www.xbrl.org/2003/role/label" xml:lang="en-US">Entity Central Index Key</link:label>
    <link:loc xlink:label="ns15_StatementLineItems" xlink:href="https://xbrl.fasb.org/us-gaap/2023/elts/us-gaap-2023.xsd#us-gaap_StatementLineItems" xlink:type="locator"/>
    <link:labelArc xlink:arcrole="http://www.xbrl.org/2003/arcrole/concept-label" xlink:type="arc" xlink:from="ns15_StatementLineItems" xlink:to="lbl_lab_ns15_StatementLineItems"/>
    <link:label xlink:type="resource" xlink:label="lbl_lab_ns15_StatementLineItems" xlink:role="http://www.xbrl.org/2003/role/label" xml:lang="en-US">Statement [Line Items]</link:label>
    <link:loc xlink:label="ns10_EntityRegistrantName" xlink:href="https://xbrl.sec.gov/dei/2023/dei-2023.xsd#dei_EntityRegistrantName" xlink:type="locator"/>
    <link:labelArc xlink:arcrole="http://www.xbrl.org/2003/arcrole/concept-label" xlink:type="arc" xlink:from="ns10_EntityRegistrantName" xlink:to="lbl_lab_ns10_EntityRegistrantName"/>
    <link:label xlink:type="resource" xlink:label="lbl_lab_ns10_EntityRegistrantName" xlink:role="http://www.xbrl.org/2003/role/label" xml:lang="en-US">Entity Registrant Name</link:label>
    <link:loc xlink:label="ns15_StatementEquityComponentsAxis" xlink:href="https://xbrl.fasb.org/us-gaap/2023/elts/us-gaap-2023.xsd#us-gaap_StatementEquityComponentsAxis" xlink:type="locator"/>
    <link:labelArc xlink:arcrole="http://www.xbrl.org/2003/arcrole/concept-label" xlink:type="arc" xlink:from="ns15_StatementEquityComponentsAxis" xlink:to="lbl_lab_ns15_StatementEquityComponentsAxis"/>
    <link:label xlink:type="resource" xlink:label="lbl_lab_ns15_StatementEquityComponentsAxis" xlink:role="http://www.xbrl.org/2003/role/label" xml:lang="en-US">Equity Components [Axis]</link:label>
    <link:loc xlink:label="ns10_EntitySmallBusiness" xlink:href="https://xbrl.sec.gov/dei/2023/dei-2023.xsd#dei_EntitySmallBusiness" xlink:type="locator"/>
    <link:labelArc xlink:arcrole="http://www.xbrl.org/2003/arcrole/concept-label" xlink:type="arc" xlink:from="ns10_EntitySmallBusiness" xlink:to="lbl_lab_ns10_EntitySmallBusiness"/>
    <link:label xlink:type="resource" xlink:label="lbl_lab_ns10_EntitySmallBusiness" xlink:role="http://www.xbrl.org/2003/role/label" xml:lang="en-US">Entity Small Business</link:label>
    <link:loc xlink:label="ns15_StatementOfCashFlowsAbstract" xlink:href="https://xbrl.fasb.org/us-gaap/2023/elts/us-gaap-2023.xsd#us-gaap_StatementOfCashFlowsAbstract" xlink:type="locator"/>
    <link:labelArc xlink:arcrole="http://www.xbrl.org/2003/arcrole/concept-label" xlink:type="arc" xlink:from="ns15_StatementOfCashFlowsAbstract" xlink:to="lbl_lab_ns15_StatementOfCashFlowsAbstract"/>
    <link:label xlink:type="resource" xlink:label="lbl_lab_ns15_StatementOfCashFlowsAbstract" xlink:role="http://www.xbrl.org/2003/role/label" xml:lang="en-US">Statement of Cash Flows [Abstract]</link:label>
    <link:loc xlink:label="ns10_EntityTaxIdentificationNumber" xlink:href="https://xbrl.sec.gov/dei/2023/dei-2023.xsd#dei_EntityTaxIdentificationNumber" xlink:type="locator"/>
    <link:labelArc xlink:arcrole="http://www.xbrl.org/2003/arcrole/concept-label" xlink:type="arc" xlink:from="ns10_EntityTaxIdentificationNumber" xlink:to="lbl_lab_ns10_EntityTaxIdentificationNumber"/>
    <link:label xlink:type="resource" xlink:label="lbl_lab_ns10_EntityTaxIdentificationNumber" xlink:role="http://www.xbrl.org/2003/role/label" xml:lang="en-US">Entity Tax Identification Number</link:label>
    <link:loc xlink:label="ns15_StockholdersEquity" xlink:href="https://xbrl.fasb.org/us-gaap/2023/elts/us-gaap-2023.xsd#us-gaap_StockholdersEquity" xlink:type="locator"/>
    <link:labelArc xlink:arcrole="http://www.xbrl.org/2003/arcrole/concept-label" xlink:type="arc" xlink:from="ns15_StockholdersEquity" xlink:to="lbl_lab_ns15_StockholdersEquity"/>
    <link:label xlink:type="resource" xlink:label="lbl_lab_ns15_StockholdersEquity" xlink:role="http://www.xbrl.org/2003/role/periodStartLabel" xml:lang="en-US">Opening Balance - July 31, 2022</link:label>
    <link:loc xlink:label="ns10_EntityPrimarySicNumber" xlink:href="https://xbrl.sec.gov/dei/2023/dei-2023.xsd#dei_EntityPrimarySicNumber" xlink:type="locator"/>
    <link:labelArc xlink:arcrole="http://www.xbrl.org/2003/arcrole/concept-label" xlink:type="arc" xlink:from="ns10_EntityPrimarySicNumber" xlink:to="lbl_lab_ns10_EntityPrimarySicNumber"/>
    <link:label xlink:type="resource" xlink:label="lbl_lab_ns10_EntityPrimarySicNumber" xlink:role="http://www.xbrl.org/2003/role/label" xml:lang="en-US">Entity Primary SIC Number</link:label>
    <link:label xlink:type="resource" xlink:label="lbl_lab_ns15_StockholdersEquity" xlink:role="http://www.xbrl.org/2003/role/label" xml:lang="en-US">Stockholders' Equity Attributable to Parent</link:label>
    <link:loc xlink:label="ns10_EntityIncorporationStateCountryCode" xlink:href="https://xbrl.sec.gov/dei/2023/dei-2023.xsd#dei_EntityIncorporationStateCountryCode" xlink:type="locator"/>
    <link:labelArc xlink:arcrole="http://www.xbrl.org/2003/arcrole/concept-label" xlink:type="arc" xlink:from="ns10_EntityIncorporationStateCountryCode" xlink:to="lbl_lab_ns10_EntityIncorporationStateCountryCode"/>
    <link:label xlink:type="resource" xlink:label="lbl_lab_ns10_EntityIncorporationStateCountryCode" xlink:role="http://www.xbrl.org/2003/role/label" xml:lang="en-US">Entity Incorporation, State or Country Code</link:label>
    <link:label xlink:type="resource" xlink:label="lbl_lab_ns15_StockholdersEquity" xlink:role="http://www.xbrl.org/2003/role/periodEndLabel" xml:lang="en-US">Closing Balance - October 31, 2022</link:label>
    <link:loc xlink:label="ns10_CurrentFiscalYearEndDate" xlink:href="https://xbrl.sec.gov/dei/2023/dei-2023.xsd#dei_CurrentFiscalYearEndDate" xlink:type="locator"/>
    <link:labelArc xlink:arcrole="http://www.xbrl.org/2003/arcrole/concept-label" xlink:type="arc" xlink:from="ns10_CurrentFiscalYearEndDate" xlink:to="lbl_lab_ns10_CurrentFiscalYearEndDate"/>
    <link:label xlink:type="resource" xlink:label="lbl_lab_ns10_CurrentFiscalYearEndDate" xlink:role="http://www.xbrl.org/2003/role/label" xml:lang="en-US">Current Fiscal Year End Date</link:label>
    <link:label xlink:type="resource" xlink:label="lbl_lab_ns15_StockIssuedDuringPeriodSharesNewIssues" xlink:role="http://www.xbrl.org/2003/role/label" xml:lang="en-US">Issuance of common stock, shares</link:label>
    <link:loc xlink:label="ns10_EntityFilerCategory" xlink:href="https://xbrl.sec.gov/dei/2023/dei-2023.xsd#dei_EntityFilerCategory" xlink:type="locator"/>
    <link:labelArc xlink:arcrole="http://www.xbrl.org/2003/arcrole/concept-label" xlink:type="arc" xlink:from="ns10_EntityFilerCategory" xlink:to="lbl_lab_ns10_EntityFilerCategory"/>
    <link:label xlink:type="resource" xlink:label="lbl_lab_ns10_EntityFilerCategory" xlink:role="http://www.xbrl.org/2003/role/label" xml:lang="en-US">Entity Filer Category</link:label>
  </link:labelLink>
</link:linkbase>
