<link:linkbase xmlns:link="http://www.xbrl.org/2003/linkbase" xmlns:xlink="http://www.w3.org/1999/xlink" xmlns:xsi="http://www.w3.org/2001/XMLSchema-instance" xmlns:gen="http://xbrl.org/2008/generic" xsi:schemaLocation="http://www.xbrl.org/2003/linkbase http://www.xbrl.org/2003/xbrl-linkbase-2003-12-31.xsd http://xbrl.org/2008/generic http://www.xbrl.org/2008/generic-link.xsd">
  <link:labelLink xlink:role="http://www.xbrl.org/2003/role/link" xlink:type="extended">
    <link:loc xlink:label="ns10_DatatypeUnitsDomain" xlink:href="datatype-units.xsd#datatype-unit_DatatypeUnitsDomain" xlink:type="locator"/>
    <link:labelArc xlink:arcrole="http://www.xbrl.org/2003/arcrole/concept-label" xlink:type="arc" xlink:from="ns10_DatatypeUnitsDomain" xlink:to="lbl_lab_ns10_DatatypeUnitsDomain"/>
    <link:label xlink:role="http://www.xbrl.org/2003/role/label" xlink:type="resource" xlink:label="lbl_lab_ns10_DatatypeUnitsDomain" xml:lang="en">Datatype Units [Domain]</link:label>
    <link:loc xlink:label="ns10_pure" xlink:href="datatype-units.xsd#instance_pure" xlink:type="locator"/>
    <link:labelArc xlink:arcrole="http://www.xbrl.org/2003/arcrole/concept-label" xlink:type="arc" xlink:from="ns10_pure" xlink:to="lbl_lab_ns10_pure"/>
    <link:label xlink:role="http://www.xbrl.org/2003/role/documentation" xlink:type="resource" xlink:label="lbl_lab_ns10_pure" xml:lang="en">Dimensionless (Pure) Number</link:label>
    <link:label xlink:role="http://www.xbrl.org/2003/role/label" xlink:type="resource" xlink:label="lbl_lab_ns10_pure" xml:lang="en">pure</link:label>
    <link:loc xlink:label="ns10_shares" xlink:href="datatype-units.xsd#instance_shares" xlink:type="locator"/>
    <link:labelArc xlink:arcrole="http://www.xbrl.org/2003/arcrole/concept-label" xlink:type="arc" xlink:from="ns10_shares" xlink:to="lbl_lab_ns10_shares"/>
    <link:label xlink:role="http://www.xbrl.org/2003/role/documentation" xlink:type="resource" xlink:label="lbl_lab_ns10_shares" xml:lang="en">Unit of Ownership (Stock)</link:label>
    <link:label xlink:role="http://www.xbrl.org/2003/role/label" xlink:type="resource" xlink:label="lbl_lab_ns10_shares" xml:lang="en">Share</link:label>
  </link:labelLink>
</link:linkbase>
