<link:linkbase xmlns:link="http://www.xbrl.org/2003/linkbase" xmlns:xlink="http://www.w3.org/1999/xlink" xmlns:xsi="http://www.w3.org/2001/XMLSchema-instance" xmlns:gen="http://xbrl.org/2008/generic" xsi:schemaLocation="http://www.xbrl.org/2003/linkbase http://www.xbrl.org/2003/xbrl-linkbase-2003-12-31.xsd http://xbrl.org/2008/generic http://www.xbrl.org/2008/generic-link.xsd">
  <link:labelLink xlink:role="http://www.xbrl.org/2003/role/link" xlink:type="extended">
    <link:loc xlink:label="ns3_perShareItemType" xlink:href="dtr-types.xsd#dtr_perShareItemType" xlink:type="locator"/>
    <link:labelArc xlink:arcrole="http://www.xbrl.org/2003/arcrole/concept-label" xlink:type="arc" xlink:from="ns3_perShareItemType" xlink:to="lbl_lab_ns3_perShareItemType"/>
    <link:label xlink:role="http://www.xbrl.org/2003/role/label" xlink:type="resource" xlink:label="lbl_lab_ns3_perShareItemType" xml:lang="en">perShareItemType</link:label>
    <link:loc xlink:label="ns3_ghgEmissionsItemType" xlink:href="dtr-types.xsd#dtr_ghgEmissionsItemType" xlink:type="locator"/>
    <link:labelArc xlink:arcrole="http://www.xbrl.org/2003/arcrole/concept-label" xlink:type="arc" xlink:from="ns3_ghgEmissionsItemType" xlink:to="lbl_lab_ns3_ghgEmissionsItemType"/>
    <link:label xlink:role="http://www.xbrl.org/2003/role/label" xlink:type="resource" xlink:label="lbl_lab_ns3_ghgEmissionsItemType" xml:lang="en">ghgEmissionsItemType</link:label>
    <link:label xlink:role="http://www.xbrl.org/2003/role/documentation" xlink:type="resource" xlink:label="lbl_lab_ns3_ghgEmissionsItemType" xml:lang="en">The greenhouse gas emissions item type is used in preference to massItemType to measure Global Warming Potential, which is often expressed in terms of "tonnes of CO2 equivalent".</link:label>
    <link:label xlink:role="http://www.xbrl.org/2003/role/documentation" xlink:type="resource" xlink:label="lbl_lab_ns3_perShareItemType" xml:lang="en">The per share item type indicates a monetary amount divided by     a number of shares. The per share item type has a Decimal base.</link:label>
    <link:loc xlink:label="ns3_pureItemType" xlink:href="dtr-types.xsd#dtr_pureItemType" xlink:type="locator"/>
    <link:labelArc xlink:arcrole="http://www.xbrl.org/2003/arcrole/concept-label" xlink:type="arc" xlink:from="ns3_pureItemType" xlink:to="lbl_lab_ns3_pureItemType"/>
    <link:label xlink:role="http://www.xbrl.org/2003/role/label" xlink:type="resource" xlink:label="lbl_lab_ns3_pureItemType" xml:lang="en">pureItemType</link:label>
    <link:loc xlink:label="ns3_areaItemType" xlink:href="dtr-types.xsd#dtr_areaItemType" xlink:type="locator"/>
    <link:labelArc xlink:arcrole="http://www.xbrl.org/2003/arcrole/concept-label" xlink:type="arc" xlink:from="ns3_areaItemType" xlink:to="lbl_lab_ns3_areaItemType"/>
    <link:label xlink:role="http://www.xbrl.org/2003/role/label" xlink:type="resource" xlink:label="lbl_lab_ns3_areaItemType" xml:lang="en">areaItemType</link:label>
    <link:loc xlink:label="ns3_sharesItemType" xlink:href="dtr-types.xsd#dtr_sharesItemType" xlink:type="locator"/>
    <link:labelArc xlink:arcrole="http://www.xbrl.org/2003/arcrole/concept-label" xlink:type="arc" xlink:from="ns3_sharesItemType" xlink:to="lbl_lab_ns3_sharesItemType"/>
    <link:label xlink:role="http://www.xbrl.org/2003/role/label" xlink:type="resource" xlink:label="lbl_lab_ns3_sharesItemType" xml:lang="en">sharesItemType</link:label>
    <link:label xlink:role="http://www.xbrl.org/2003/role/documentation" xlink:type="resource" xlink:label="lbl_lab_ns3_areaItemType" xml:lang="en">The area item type is used to indicate that an element     represents an area.</link:label>
    <link:loc xlink:label="ns3_monetaryItemType" xlink:href="dtr-types.xsd#dtr_monetaryItemType" xlink:type="locator"/>
    <link:labelArc xlink:arcrole="http://www.xbrl.org/2003/arcrole/concept-label" xlink:type="arc" xlink:from="ns3_monetaryItemType" xlink:to="lbl_lab_ns3_monetaryItemType"/>
    <link:label xlink:role="http://www.xbrl.org/2003/role/label" xlink:type="resource" xlink:label="lbl_lab_ns3_monetaryItemType" xml:lang="en">monetaryItemType</link:label>
    <link:loc xlink:label="ns3_volumeItemType" xlink:href="dtr-types.xsd#dtr_volumeItemType" xlink:type="locator"/>
    <link:labelArc xlink:arcrole="http://www.xbrl.org/2003/arcrole/concept-label" xlink:type="arc" xlink:from="ns3_volumeItemType" xlink:to="lbl_lab_ns3_volumeItemType"/>
    <link:label xlink:role="http://www.xbrl.org/2003/role/label" xlink:type="resource" xlink:label="lbl_lab_ns3_volumeItemType" xml:lang="en">volumeItemType</link:label>
    <link:loc xlink:label="ns3_durationItemType" xlink:href="dtr-types.xsd#dtr_durationItemType" xlink:type="locator"/>
    <link:labelArc xlink:arcrole="http://www.xbrl.org/2003/arcrole/concept-label" xlink:type="arc" xlink:from="ns3_durationItemType" xlink:to="lbl_lab_ns3_durationItemType"/>
    <link:label xlink:role="http://www.xbrl.org/2003/role/label" xlink:type="resource" xlink:label="lbl_lab_ns3_durationItemType" xml:lang="en">durationItemType</link:label>
    <link:label xlink:role="http://www.xbrl.org/2003/role/documentation" xlink:type="resource" xlink:label="lbl_lab_ns3_volumeItemType" xml:lang="en">The Volume item type is used to indicate that an element     represents a volume and can be used to express the volume of any substance, whether     solid, liquid, or gas.</link:label>
    <link:loc xlink:label="ns3_massItemType" xlink:href="dtr-types.xsd#dtr_massItemType" xlink:type="locator"/>
    <link:labelArc xlink:arcrole="http://www.xbrl.org/2003/arcrole/concept-label" xlink:type="arc" xlink:from="ns3_massItemType" xlink:to="lbl_lab_ns3_massItemType"/>
    <link:label xlink:role="http://www.xbrl.org/2003/role/label" xlink:type="resource" xlink:label="lbl_lab_ns3_massItemType" xml:lang="en">massItemType</link:label>
    <link:label xlink:role="http://www.xbrl.org/2003/role/documentation" xlink:type="resource" xlink:label="lbl_lab_ns3_massItemType" xml:lang="en">The mass item type represents the mass of an object which can     be measured.</link:label>
    <link:loc xlink:label="ns3_weightItemType" xlink:href="dtr-types.xsd#dtr_weightItemType" xlink:type="locator"/>
    <link:labelArc xlink:arcrole="http://www.xbrl.org/2003/arcrole/concept-label" xlink:type="arc" xlink:from="ns3_weightItemType" xlink:to="lbl_lab_ns3_weightItemType"/>
    <link:label xlink:role="http://www.xbrl.org/2003/role/label" xlink:type="resource" xlink:label="lbl_lab_ns3_weightItemType" xml:lang="en">weightItemType</link:label>
    <link:label xlink:role="http://www.xbrl.org/2003/role/documentation" xlink:type="resource" xlink:label="lbl_lab_ns3_weightItemType" xml:lang="en">The weight item type represents the weight of an object which     can be measured.</link:label>
    <link:loc xlink:label="ns3_textBlockItemType" xlink:href="dtr-types.xsd#dtr_textBlockItemType" xlink:type="locator"/>
    <link:labelArc xlink:arcrole="http://www.xbrl.org/2003/arcrole/concept-label" xlink:type="arc" xlink:from="ns3_textBlockItemType" xlink:to="lbl_lab_ns3_textBlockItemType"/>
    <link:label xlink:role="http://www.xbrl.org/2003/role/documentation" xlink:type="resource" xlink:label="lbl_lab_ns3_textBlockItemType" xml:lang="en">textBlockItemType specializes xmlNodesItemType. The unescaped content MUST have mixed content    containing a simple string, or a fragment of XHTML or a mixture of both.</link:label>
    <link:loc xlink:label="ns3_energyItemType" xlink:href="dtr-types.xsd#dtr_energyItemType" xlink:type="locator"/>
    <link:labelArc xlink:arcrole="http://www.xbrl.org/2003/arcrole/concept-label" xlink:type="arc" xlink:from="ns3_energyItemType" xlink:to="lbl_lab_ns3_energyItemType"/>
    <link:label xlink:role="http://www.xbrl.org/2003/role/label" xlink:type="resource" xlink:label="lbl_lab_ns3_energyItemType" xml:lang="en">energyItemType</link:label>
    <link:label xlink:role="http://www.xbrl.org/2003/role/documentation" xlink:type="resource" xlink:label="lbl_lab_ns3_energyItemType" xml:lang="en">The energy item type represents a unit of energy.</link:label>
    <link:loc xlink:label="ns3_powerItemType" xlink:href="dtr-types.xsd#dtr_powerItemType" xlink:type="locator"/>
    <link:labelArc xlink:arcrole="http://www.xbrl.org/2003/arcrole/concept-label" xlink:type="arc" xlink:from="ns3_powerItemType" xlink:to="lbl_lab_ns3_powerItemType"/>
    <link:label xlink:role="http://www.xbrl.org/2003/role/label" xlink:type="resource" xlink:label="lbl_lab_ns3_powerItemType" xml:lang="en">powerItemType</link:label>
    <link:label xlink:role="http://www.xbrl.org/2003/role/documentation" xlink:type="resource" xlink:label="lbl_lab_ns3_powerItemType" xml:lang="en">Measures a rate of energy use or energy production and is     equivalent to the use or production of energy during a period of time. I.e. a watt     is the equal to one joule of energy per second.</link:label>
    <link:loc xlink:label="ns3_lengthItemType" xlink:href="dtr-types.xsd#dtr_lengthItemType" xlink:type="locator"/>
    <link:labelArc xlink:arcrole="http://www.xbrl.org/2003/arcrole/concept-label" xlink:type="arc" xlink:from="ns3_lengthItemType" xlink:to="lbl_lab_ns3_lengthItemType"/>
    <link:label xlink:role="http://www.xbrl.org/2003/role/label" xlink:type="resource" xlink:label="lbl_lab_ns3_lengthItemType" xml:lang="en">lengthItemType</link:label>
    <link:loc xlink:label="ns3_percentItemType" xlink:href="dtr-types.xsd#dtr_percentItemType" xlink:type="locator"/>
    <link:labelArc xlink:arcrole="http://www.xbrl.org/2003/arcrole/concept-label" xlink:type="arc" xlink:from="ns3_percentItemType" xlink:to="lbl_lab_ns3_percentItemType"/>
    <link:label xlink:role="http://www.xbrl.org/2003/role/label" xlink:type="resource" xlink:label="lbl_lab_ns3_percentItemType" xml:lang="en">percentItemType</link:label>
    <link:label xlink:role="http://www.xbrl.org/2003/role/documentation" xlink:type="resource" xlink:label="lbl_lab_ns3_lengthItemType" xml:lang="en">The length item type is a measure of distance.</link:label>
    <link:loc xlink:label="ns3_memoryItemType" xlink:href="dtr-types.xsd#dtr_memoryItemType" xlink:type="locator"/>
    <link:labelArc xlink:arcrole="http://www.xbrl.org/2003/arcrole/concept-label" xlink:type="arc" xlink:from="ns3_memoryItemType" xlink:to="lbl_lab_ns3_memoryItemType"/>
    <link:label xlink:role="http://www.xbrl.org/2003/role/label" xlink:type="resource" xlink:label="lbl_lab_ns3_memoryItemType" xml:lang="en">memoryItemType</link:label>
    <link:label xlink:role="http://www.xbrl.org/2003/role/documentation" xlink:type="resource" xlink:label="lbl_lab_ns3_memoryItemType" xml:lang="en">The memory item type is a measure of memory typically used in     the IT industry.</link:label>
    <link:loc xlink:label="ns3_noDecimalsMonetaryItemType" xlink:href="dtr-types.xsd#dtr_noDecimalsMonetaryItemType" xlink:type="locator"/>
    <link:labelArc xlink:arcrole="http://www.xbrl.org/2003/arcrole/concept-label" xlink:type="arc" xlink:from="ns3_noDecimalsMonetaryItemType" xlink:to="lbl_lab_ns3_noDecimalsMonetaryItemType"/>
    <link:label xlink:role="http://www.xbrl.org/2003/role/label" xlink:type="resource" xlink:label="lbl_lab_ns3_noDecimalsMonetaryItemType" xml:lang="en">noDecimalsMonetaryItemType</link:label>
    <link:label xlink:role="http://www.xbrl.org/2003/role/documentation" xlink:type="resource" xlink:label="lbl_lab_ns3_noDecimalsMonetaryItemType" xml:lang="en">The NoDecimalsMonetaryItemType is a restriction on the xbrli:monetaryItemType in that it does not allow cents on the monetary value. Facts using this type MUST have an (inferred) decimals attribute value that is less than or equal to zero, or "INF".</link:label>
    <link:label xlink:role="http://www.xbrl.org/2003/role/documentation" xlink:type="resource" xlink:label="lbl_lab_ns3_percentItemType" xml:lang="en">The percent item type is used to indicate that the value of     the element is intended to be presented as a percentage. This does not contravene     Specification section 4.8.2, which requires that percentages not be multiplied by     100.</link:label>
    <link:loc xlink:label="ns3_nonNegativeMonetaryItemType" xlink:href="dtr-types.xsd#dtr_nonNegativeMonetaryItemType" xlink:type="locator"/>
    <link:labelArc xlink:arcrole="http://www.xbrl.org/2003/arcrole/concept-label" xlink:type="arc" xlink:from="ns3_nonNegativeMonetaryItemType" xlink:to="lbl_lab_ns3_nonNegativeMonetaryItemType"/>
    <link:label xlink:role="http://www.xbrl.org/2003/role/label" xlink:type="resource" xlink:label="lbl_lab_ns3_nonNegativeMonetaryItemType" xml:lang="en">nonNegativeMonetaryItemType</link:label>
    <link:label xlink:role="http://www.xbrl.org/2003/role/documentation" xlink:type="resource" xlink:label="lbl_lab_ns3_nonNegativeMonetaryItemType" xml:lang="en">The nonNegativeMonetaryItemType is a restriction on the xbrli:monetaryItemType in that it does not allow negative values on the monetary value.</link:label>
    <link:loc xlink:label="ns3_nonNegativeNoDecimalsMonetaryItemType" xlink:href="dtr-types.xsd#dtr_nonNegativeNoDecimalsMonetaryItemType" xlink:type="locator"/>
    <link:labelArc xlink:arcrole="http://www.xbrl.org/2003/arcrole/concept-label" xlink:type="arc" xlink:from="ns3_nonNegativeNoDecimalsMonetaryItemType" xlink:to="lbl_lab_ns3_nonNegativeNoDecimalsMonetaryItemType"/>
    <link:label xlink:role="http://www.xbrl.org/2003/role/label" xlink:type="resource" xlink:label="lbl_lab_ns3_nonNegativeNoDecimalsMonetaryItemType" xml:lang="en">nonNegativeNoDecimalsMonetaryItemType</link:label>
    <link:label xlink:role="http://www.xbrl.org/2003/role/documentation" xlink:type="resource" xlink:label="lbl_lab_ns3_nonNegativeNoDecimalsMonetaryItemType" xml:lang="en">The nonNegativeNoDecimalsMonetaryItemType is a restriction on the xbrli:monetaryItemType in that it does not allow cents or negative values on the monetary value.  Facts using this type MUST have an (inferred) decimals attribute value that is less than or equal to zero, or "INF".</link:label>
    <link:loc xlink:label="ns3_insolationItemType" xlink:href="dtr-types.xsd#dtr_insolationItemType" xlink:type="locator"/>
    <link:labelArc xlink:arcrole="http://www.xbrl.org/2003/arcrole/concept-label" xlink:type="arc" xlink:from="ns3_insolationItemType" xlink:to="lbl_lab_ns3_insolationItemType"/>
    <link:label xlink:role="http://www.xbrl.org/2003/role/label" xlink:type="resource" xlink:label="lbl_lab_ns3_insolationItemType" xml:lang="en">insolationItemType</link:label>
    <link:label xlink:role="http://www.xbrl.org/2003/role/documentation" xlink:type="resource" xlink:label="lbl_lab_ns3_insolationItemType" xml:lang="en">The insolation item type is used to represent a measure of energy per area over a period of time.</link:label>
    <link:loc xlink:label="ns3_temperatureItemType" xlink:href="dtr-types.xsd#dtr_temperatureItemType" xlink:type="locator"/>
    <link:labelArc xlink:arcrole="http://www.xbrl.org/2003/arcrole/concept-label" xlink:type="arc" xlink:from="ns3_temperatureItemType" xlink:to="lbl_lab_ns3_temperatureItemType"/>
    <link:label xlink:role="http://www.xbrl.org/2003/role/label" xlink:type="resource" xlink:label="lbl_lab_ns3_temperatureItemType" xml:lang="en">temperatureItemType</link:label>
    <link:label xlink:role="http://www.xbrl.org/2003/role/documentation" xlink:type="resource" xlink:label="lbl_lab_ns3_temperatureItemType" xml:lang="en">The temperature item type is used to represent a measure of temperature either in absolute terms or as a difference between two temperatures.</link:label>
    <link:loc xlink:label="ns3_pressureItemType" xlink:href="dtr-types.xsd#dtr_pressureItemType" xlink:type="locator"/>
    <link:labelArc xlink:arcrole="http://www.xbrl.org/2003/arcrole/concept-label" xlink:type="arc" xlink:from="ns3_pressureItemType" xlink:to="lbl_lab_ns3_pressureItemType"/>
    <link:label xlink:role="http://www.xbrl.org/2003/role/label" xlink:type="resource" xlink:label="lbl_lab_ns3_pressureItemType" xml:lang="en">pressureItemType</link:label>
    <link:label xlink:role="http://www.xbrl.org/2003/role/documentation" xlink:type="resource" xlink:label="lbl_lab_ns3_pressureItemType" xml:lang="en">The pressure item type is used to represent a measure of the force applied perpendicular to the surface of an object per unit area over which that force is distributed. Units include Pascal, PSI and Bar.</link:label>
    <link:loc xlink:label="ns3_frequencyItemType" xlink:href="dtr-types.xsd#dtr_frequencyItemType" xlink:type="locator"/>
    <link:labelArc xlink:arcrole="http://www.xbrl.org/2003/arcrole/concept-label" xlink:type="arc" xlink:from="ns3_frequencyItemType" xlink:to="lbl_lab_ns3_frequencyItemType"/>
    <link:label xlink:role="http://www.xbrl.org/2003/role/label" xlink:type="resource" xlink:label="lbl_lab_ns3_frequencyItemType" xml:lang="en">frequencyItemType</link:label>
    <link:label xlink:role="http://www.xbrl.org/2003/role/documentation" xlink:type="resource" xlink:label="lbl_lab_ns3_frequencyItemType" xml:lang="en">The frequency item type is used to represent a measure of the number of occurrences of a repeating event per unit time.</link:label>
    <link:loc xlink:label="ns3_irradianceItemType" xlink:href="dtr-types.xsd#dtr_irradianceItemType" xlink:type="locator"/>
    <link:labelArc xlink:arcrole="http://www.xbrl.org/2003/arcrole/concept-label" xlink:type="arc" xlink:from="ns3_irradianceItemType" xlink:to="lbl_lab_ns3_irradianceItemType"/>
    <link:label xlink:role="http://www.xbrl.org/2003/role/label" xlink:type="resource" xlink:label="lbl_lab_ns3_irradianceItemType" xml:lang="en">irradianceItemType</link:label>
    <link:label xlink:role="http://www.xbrl.org/2003/role/documentation" xlink:type="resource" xlink:label="lbl_lab_ns3_irradianceItemType" xml:lang="en">The irradiance item type is used to represent a measure irradiance (power per unit area)</link:label>
    <link:loc xlink:label="ns3_speedItemType" xlink:href="dtr-types.xsd#dtr_speedItemType" xlink:type="locator"/>
    <link:labelArc xlink:arcrole="http://www.xbrl.org/2003/arcrole/concept-label" xlink:type="arc" xlink:from="ns3_speedItemType" xlink:to="lbl_lab_ns3_speedItemType"/>
    <link:label xlink:role="http://www.xbrl.org/2003/role/label" xlink:type="resource" xlink:label="lbl_lab_ns3_speedItemType" xml:lang="en">speedItemType</link:label>
    <link:label xlink:role="http://www.xbrl.org/2003/role/documentation" xlink:type="resource" xlink:label="lbl_lab_ns3_speedItemType" xml:lang="en">The speed item type is used to represent a measure of speed (distance travelled by an object per unit time). Units include knots, mach, and metres per second.</link:label>
    <link:loc xlink:label="ns3_planeAngleItemType" xlink:href="dtr-types.xsd#dtr_planeAngleItemType" xlink:type="locator"/>
    <link:labelArc xlink:arcrole="http://www.xbrl.org/2003/arcrole/concept-label" xlink:type="arc" xlink:from="ns3_planeAngleItemType" xlink:to="lbl_lab_ns3_planeAngleItemType"/>
    <link:label xlink:role="http://www.xbrl.org/2003/role/label" xlink:type="resource" xlink:label="lbl_lab_ns3_planeAngleItemType" xml:lang="en">planeAngleItemType</link:label>
    <link:label xlink:role="http://www.xbrl.org/2003/role/documentation" xlink:type="resource" xlink:label="lbl_lab_ns3_planeAngleItemType" xml:lang="en">The angle item type is used to represent the measurement of an angle. Units include radians, degrees and gradians.</link:label>
    <link:loc xlink:label="ns3_voltageItemType" xlink:href="dtr-types.xsd#dtr_voltageItemType" xlink:type="locator"/>
    <link:labelArc xlink:arcrole="http://www.xbrl.org/2003/arcrole/concept-label" xlink:type="arc" xlink:from="ns3_voltageItemType" xlink:to="lbl_lab_ns3_voltageItemType"/>
    <link:label xlink:role="http://www.xbrl.org/2003/role/label" xlink:type="resource" xlink:label="lbl_lab_ns3_voltageItemType" xml:lang="en">voltageItemType</link:label>
    <link:label xlink:role="http://www.xbrl.org/2003/role/documentation" xlink:type="resource" xlink:label="lbl_lab_ns3_voltageItemType" xml:lang="en">The voltage item type is used to represent a measure of voltage (the difference in electric potential energy between two points per unit electric charge).</link:label>
    <link:loc xlink:label="ns3_electricCurrentItemType" xlink:href="dtr-types.xsd#dtr_electricCurrentItemType" xlink:type="locator"/>
    <link:labelArc xlink:arcrole="http://www.xbrl.org/2003/arcrole/concept-label" xlink:type="arc" xlink:from="ns3_electricCurrentItemType" xlink:to="lbl_lab_ns3_electricCurrentItemType"/>
    <link:label xlink:role="http://www.xbrl.org/2003/role/label" xlink:type="resource" xlink:label="lbl_lab_ns3_electricCurrentItemType" xml:lang="en">electricCurrentItemType</link:label>
    <link:label xlink:role="http://www.xbrl.org/2003/role/documentation" xlink:type="resource" xlink:label="lbl_lab_ns3_electricCurrentItemType" xml:lang="en">The electric current item type is used to represent a measure of electric current (the flow of electric charge over a circuit).</link:label>
    <link:loc xlink:label="ns3_forceItemType" xlink:href="dtr-types.xsd#dtr_forceItemType" xlink:type="locator"/>
    <link:labelArc xlink:arcrole="http://www.xbrl.org/2003/arcrole/concept-label" xlink:type="arc" xlink:from="ns3_forceItemType" xlink:to="lbl_lab_ns3_forceItemType"/>
    <link:label xlink:role="http://www.xbrl.org/2003/role/label" xlink:type="resource" xlink:label="lbl_lab_ns3_forceItemType" xml:lang="en">forceItemType</link:label>
    <link:label xlink:role="http://www.xbrl.org/2003/role/documentation" xlink:type="resource" xlink:label="lbl_lab_ns3_forceItemType" xml:lang="en">The force item type is used to represent a measure of a physical force.  Units include newtons.</link:label>
    <link:loc xlink:label="ns3_electricChargeItemType" xlink:href="dtr-types.xsd#dtr_electricChargeItemType" xlink:type="locator"/>
    <link:labelArc xlink:arcrole="http://www.xbrl.org/2003/arcrole/concept-label" xlink:type="arc" xlink:from="ns3_electricChargeItemType" xlink:to="lbl_lab_ns3_electricChargeItemType"/>
    <link:label xlink:role="http://www.xbrl.org/2003/role/label" xlink:type="resource" xlink:label="lbl_lab_ns3_electricChargeItemType" xml:lang="en">electricChargeItemType</link:label>
    <link:label xlink:role="http://www.xbrl.org/2003/role/documentation" xlink:type="resource" xlink:label="lbl_lab_ns3_electricChargeItemType" xml:lang="en">The electric charge item is used to represent a measure of electric charge (the physical property of matter that causes it to experience a force when placed in an electromagnetic field)</link:label>
    <link:loc xlink:label="ns3_guidanceItemType" xlink:href="dtr-types.xsd#dtr_guidanceItemType" xlink:type="locator"/>
    <link:labelArc xlink:arcrole="http://www.xbrl.org/2003/arcrole/concept-label" xlink:type="arc" xlink:from="ns3_guidanceItemType" xlink:to="lbl_lab_ns3_guidanceItemType"/>
    <link:label xlink:role="http://www.xbrl.org/2003/role/label" xlink:type="resource" xlink:label="lbl_lab_ns3_guidanceItemType" xml:lang="en">guidanceItemType</link:label>
    <link:label xlink:role="http://www.xbrl.org/2003/role/documentation" xlink:type="resource" xlink:label="lbl_lab_ns3_guidanceItemType" xml:lang="en">The purpose of the guidance item type is to identify "guidance items" which provide general guidance for users of a taxonomy, particularly preparers of XBRL reports.  Guidance items are abstract elements positioned in appropriate locations in the presentation tree, and are intended to help users who view the taxonomy through displays based on the presentation tree.  Guidance items provide general guidance which is not limited to the application of a specific tag to an individual item of data.</link:label>
    <link:loc xlink:label="ns3_noLangTokenItemType" xlink:href="dtr-types.xsd#dtr_noLangTokenItemType" xlink:type="locator"/>
    <link:labelArc xlink:arcrole="http://www.xbrl.org/2003/arcrole/concept-label" xlink:type="arc" xlink:from="ns3_noLangTokenItemType" xlink:to="lbl_lab_ns3_noLangTokenItemType"/>
    <link:label xlink:role="http://www.xbrl.org/2003/role/label" xlink:type="resource" xlink:label="lbl_lab_ns3_noLangTokenItemType" xml:lang="en">noLangTokenItemType</link:label>
    <link:label xlink:role="http://www.xbrl.org/2003/role/documentation" xlink:type="resource" xlink:label="lbl_lab_ns3_noLangTokenItemType" xml:lang="en">noLangTokenItemType is a derivation of tokenItemType and is used to denote values that should not have an associated language. This is typically used for values that are unique identifiers, rather than human-readable strings.  Any in-scope xml:lang declaration is ignored for facts using this type.</link:label>
    <link:loc xlink:label="ns3_noLangStringItemType" xlink:href="dtr-types.xsd#dtr_noLangStringItemType" xlink:type="locator"/>
    <link:labelArc xlink:arcrole="http://www.xbrl.org/2003/arcrole/concept-label" xlink:type="arc" xlink:from="ns3_noLangStringItemType" xlink:to="lbl_lab_ns3_noLangStringItemType"/>
    <link:label xlink:role="http://www.xbrl.org/2003/role/label" xlink:type="resource" xlink:label="lbl_lab_ns3_noLangStringItemType" xml:lang="en">noLangStringItemType</link:label>
    <link:label xlink:role="http://www.xbrl.org/2003/role/documentation" xlink:type="resource" xlink:label="lbl_lab_ns3_noLangStringItemType" xml:lang="en">noLangStringItemType is a derivation of stringItemType and is used to denote values that should not have an associated language. This is typically used for values that are unique identifiers, rather than human-readable strings.  Any in-scope xml:lang declaration is ignored for facts using this type.</link:label>
    <link:loc xlink:label="ns3_prefixedContentItemType" xlink:href="dtr-types.xsd#dtr_prefixedContentItemType" xlink:type="locator"/>
    <link:labelArc xlink:arcrole="http://www.xbrl.org/2003/arcrole/concept-label" xlink:type="arc" xlink:from="ns3_prefixedContentItemType" xlink:to="lbl_lab_ns3_prefixedContentItemType"/>
    <link:label xlink:role="http://www.xbrl.org/2003/role/label" xlink:type="resource" xlink:label="lbl_lab_ns3_prefixedContentItemType" xml:lang="en">prefixedContentItemType</link:label>
    <link:label xlink:role="http://www.xbrl.org/2003/role/documentation" xlink:type="resource" xlink:label="lbl_lab_ns3_prefixedContentItemType" xml:lang="en">prefixedContentItemType denotes values that rely for correct interpretation on namespace-prefix bindings in scope at the point of use. All item types that involve prefixed content should derive (directly or indirectly) from QNameItemType or prefixedContentItemType. Processors MUST raise an error if they encounter a fact with a type that is a subtype of prefixedContentItemType that they do not recognise (unless that subtype is itself derived from a subtype that is recognised) as knowledge of the structure of the prefixed content is required to correctly preserve and present such content.</link:label>
    <link:loc xlink:label="ns3_prefixedContentType" xlink:href="dtr-types.xsd#dtr_prefixedContentType" xlink:type="locator"/>
    <link:labelArc xlink:arcrole="http://www.xbrl.org/2003/arcrole/concept-label" xlink:type="arc" xlink:from="ns3_prefixedContentType" xlink:to="lbl_lab_ns3_prefixedContentType"/>
    <link:label xlink:role="http://www.xbrl.org/2003/role/label" xlink:type="resource" xlink:label="lbl_lab_ns3_prefixedContentType" xml:lang="en">prefixedContentType</link:label>
    <link:label xlink:role="http://www.xbrl.org/2003/role/documentation" xlink:type="resource" xlink:label="lbl_lab_ns3_prefixedContentType" xml:lang="en">prefixedContentType provides a simple type equivalent to prefixedContentItemType. This can be used to define typed dimensions domains that contain prefixed content. As for prefixedContentItemType, processors MUST raise an error if they encounter a value with a type that is a subtype of prefixedContentType that they do not recognise (unless that subtype is itself derived from a subtype that is recognised) as knowledge of the structure of the prefixed content is required to correctly preserve and present such content.</link:label>
    <link:loc xlink:label="ns3_SQNameItemType" xlink:href="dtr-types.xsd#dtr_SQNameItemType" xlink:type="locator"/>
    <link:labelArc xlink:arcrole="http://www.xbrl.org/2003/arcrole/concept-label" xlink:type="arc" xlink:from="ns3_SQNameItemType" xlink:to="lbl_lab_ns3_SQNameItemType"/>
    <link:label xlink:role="http://www.xbrl.org/2003/role/label" xlink:type="resource" xlink:label="lbl_lab_ns3_SQNameItemType" xml:lang="en">SQNameItemType</link:label>
    <link:label xlink:role="http://www.xbrl.org/2003/role/documentation" xlink:type="resource" xlink:label="lbl_lab_ns3_SQNameItemType" xml:lang="en">SQNameItemType denotes values that are Simplified QNames, as defined in the Open Information Model (Common) specification.  SQNames are very similar to QNames, and have the format "prefix:localname" but relax the restriction the format of the localpart to allow any non-whitespace characters.  This allows SQNames to be used to concisely denote namespaced values where the localpart starts with a number.  The prefix used in an SQName MUST correspond to a namespace prefix that is in scope at the point of use.</link:label>
    <link:loc xlink:label="ns3_SQNameType" xlink:href="dtr-types.xsd#dtr_SQNameType" xlink:type="locator"/>
    <link:labelArc xlink:arcrole="http://www.xbrl.org/2003/arcrole/concept-label" xlink:type="arc" xlink:from="ns3_SQNameType" xlink:to="lbl_lab_ns3_SQNameType"/>
    <link:label xlink:role="http://www.xbrl.org/2003/role/label" xlink:type="resource" xlink:label="lbl_lab_ns3_SQNameType" xml:lang="en">SQNameType</link:label>
    <link:label xlink:role="http://www.xbrl.org/2003/role/documentation" xlink:type="resource" xlink:label="lbl_lab_ns3_SQNameType" xml:lang="en">SQNameType provides a simple type equivalent to SQNameItemType.  This can be used to define typed dimensions domains that take SQName values.  As for SQNameItemType, the prefix used in an SQName MUST correspond to a namespace prefix that is in scope at the point of use.</link:label>
    <link:loc xlink:label="ns3_SQNamesItemType" xlink:href="dtr-types.xsd#dtr_SQNamesItemType" xlink:type="locator"/>
    <link:labelArc xlink:arcrole="http://www.xbrl.org/2003/arcrole/concept-label" xlink:type="arc" xlink:from="ns3_SQNamesItemType" xlink:to="lbl_lab_ns3_SQNamesItemType"/>
    <link:label xlink:role="http://www.xbrl.org/2003/role/label" xlink:type="resource" xlink:label="lbl_lab_ns3_SQNamesItemType" xml:lang="en">SQNamesItemType</link:label>
    <link:label xlink:role="http://www.xbrl.org/2003/role/documentation" xlink:type="resource" xlink:label="lbl_lab_ns3_SQNamesItemType" xml:lang="en">SQNamesItemType denotes values that are a collection of Simplified QNames, as defined in the Open Information Model (Common) specification.  SQNames are very similar to QNames, and have the format "prefix:localname" but relax the restriction the format of the localpart to allow any non-whitespace characters.  This allows SQNames to be used to concisely denote namespaced values where the localpart starts with a number.  The prefix used in an SQName MUST correspond to a namespace prefix that is in scope at the point of use. SQNamesItemType imposes no further constraints on the SQNames within it. In particular, it does not constrain ordering or the presence of duplicates. Subtypes of SQNamesItemType may be introduced in a future version of the Data Types Registry to provide list and set semantics.</link:label>
    <link:loc xlink:label="ns3_SQNamesType" xlink:href="dtr-types.xsd#dtr_SQNamesType" xlink:type="locator"/>
    <link:labelArc xlink:arcrole="http://www.xbrl.org/2003/arcrole/concept-label" xlink:type="arc" xlink:from="ns3_SQNamesType" xlink:to="lbl_lab_ns3_SQNamesType"/>
    <link:label xlink:role="http://www.xbrl.org/2003/role/label" xlink:type="resource" xlink:label="lbl_lab_ns3_SQNamesType" xml:lang="en">SQNamesType</link:label>
    <link:label xlink:role="http://www.xbrl.org/2003/role/documentation" xlink:type="resource" xlink:label="lbl_lab_ns3_SQNamesType" xml:lang="en">SQNamesType provides a simple type equivalent to SQNamesItemType.  This can be used to define typed dimensions domains that take a collection of SQName values.  As for SQNamesItemType, the prefix used in an SQName MUST correspond to a namespace prefix that is in scope at the point of use.</link:label>
    <link:loc xlink:label="ns3_gYearListItemType" xlink:href="dtr-types.xsd#dtr_gYearListItemType" xlink:type="locator"/>
    <link:labelArc xlink:arcrole="http://www.xbrl.org/2003/arcrole/concept-label" xlink:type="arc" xlink:from="ns3_gYearListItemType" xlink:to="lbl_lab_ns3_gYearListItemType"/>
    <link:label xlink:role="http://www.xbrl.org/2003/role/label" xlink:type="resource" xlink:label="lbl_lab_ns3_gYearListItemType" xml:lang="en">gYearListItemType</link:label>
    <link:label xlink:role="http://www.xbrl.org/2003/role/documentation" xlink:type="resource" xlink:label="lbl_lab_ns3_gYearListItemType" xml:lang="en">This datatype allows the reporting of a list of xsd:gYear values as a single value</link:label>
    <link:loc xlink:label="ns3_flowItemType" xlink:href="dtr-types.xsd#dtr_flowItemType" xlink:type="locator"/>
    <link:labelArc xlink:arcrole="http://www.xbrl.org/2003/arcrole/concept-label" xlink:type="arc" xlink:from="ns3_flowItemType" xlink:to="lbl_lab_ns3_flowItemType"/>
    <link:label xlink:role="http://www.xbrl.org/2003/role/label" xlink:type="resource" xlink:label="lbl_lab_ns3_flowItemType" xml:lang="en">flowItemType</link:label>
    <link:label xlink:role="http://www.xbrl.org/2003/role/documentation" xlink:type="resource" xlink:label="lbl_lab_ns3_flowItemType" xml:lang="en">The flow item type is used to represent a measure of volumetric flow rate.</link:label>
    <link:loc xlink:label="ns3_massFlowItemType" xlink:href="dtr-types.xsd#dtr_massFlowItemType" xlink:type="locator"/>
    <link:labelArc xlink:arcrole="http://www.xbrl.org/2003/arcrole/concept-label" xlink:type="arc" xlink:from="ns3_massFlowItemType" xlink:to="lbl_lab_ns3_massFlowItemType"/>
    <link:label xlink:role="http://www.xbrl.org/2003/role/label" xlink:type="resource" xlink:label="lbl_lab_ns3_massFlowItemType" xml:lang="en">massFlowItemType</link:label>
    <link:label xlink:role="http://www.xbrl.org/2003/role/documentation" xlink:type="resource" xlink:label="lbl_lab_ns3_massFlowItemType" xml:lang="en">The mass flow item type is used to represent a measure of mass flow rate.</link:label>
    <link:loc xlink:label="ns3_domainItemType" xlink:href="dtr-types.xsd#dtr_domainItemType" xlink:type="locator"/>
    <link:labelArc xlink:arcrole="http://www.xbrl.org/2003/arcrole/concept-label" xlink:type="arc" xlink:from="ns3_domainItemType" xlink:to="lbl_lab_ns3_domainItemType"/>
    <link:label xlink:role="http://www.xbrl.org/2003/role/label" xlink:type="resource" xlink:label="lbl_lab_ns3_domainItemType" xml:lang="en">domainItemType</link:label>
    <link:loc xlink:label="ns3_monetaryPerLengthItemType" xlink:href="dtr-types.xsd#dtr_monetaryPerLengthItemType" xlink:type="locator"/>
    <link:labelArc xlink:arcrole="http://www.xbrl.org/2003/arcrole/concept-label" xlink:type="arc" xlink:from="ns3_monetaryPerLengthItemType" xlink:to="lbl_lab_ns3_monetaryPerLengthItemType"/>
    <link:label xlink:role="http://www.xbrl.org/2003/role/label" xlink:type="resource" xlink:label="lbl_lab_ns3_monetaryPerLengthItemType" xml:lang="en">monetaryPerLengthItemType</link:label>
    <link:label xlink:role="http://www.xbrl.org/2003/role/documentation" xlink:type="resource" xlink:label="lbl_lab_ns3_domainItemType" xml:lang="en">The domain member item type indicates that an element is a domain member.</link:label>
    <link:label xlink:role="http://www.xbrl.org/2003/role/documentation" xlink:type="resource" xlink:label="lbl_lab_ns3_monetaryPerLengthItemType" xml:lang="en">The monetary per length item type is used to represent a measure of price or cost per unit length</link:label>
    <link:loc xlink:label="ns3_escapedItemType" xlink:href="dtr-types.xsd#dtr_escapedItemType" xlink:type="locator"/>
    <link:labelArc xlink:arcrole="http://www.xbrl.org/2003/arcrole/concept-label" xlink:type="arc" xlink:from="ns3_escapedItemType" xlink:to="lbl_lab_ns3_escapedItemType"/>
    <link:label xlink:role="http://www.xbrl.org/2003/role/label" xlink:type="resource" xlink:label="lbl_lab_ns3_escapedItemType" xml:lang="en">escapedItemType</link:label>
    <link:loc xlink:label="ns3_monetaryPerAreaItemType" xlink:href="dtr-types.xsd#dtr_monetaryPerAreaItemType" xlink:type="locator"/>
    <link:labelArc xlink:arcrole="http://www.xbrl.org/2003/arcrole/concept-label" xlink:type="arc" xlink:from="ns3_monetaryPerAreaItemType" xlink:to="lbl_lab_ns3_monetaryPerAreaItemType"/>
    <link:label xlink:role="http://www.xbrl.org/2003/role/label" xlink:type="resource" xlink:label="lbl_lab_ns3_monetaryPerAreaItemType" xml:lang="en">monetaryPerAreaItemType</link:label>
    <link:label xlink:role="http://www.xbrl.org/2003/role/documentation" xlink:type="resource" xlink:label="lbl_lab_ns3_monetaryPerAreaItemType" xml:lang="en">The monetary per area item type is used to represent a measure of price or cost per unit area</link:label>
    <link:loc xlink:label="ns3_dateTimeItemType" xlink:href="dtr-types.xsd#dtr_dateTimeItemType" xlink:type="locator"/>
    <link:labelArc xlink:arcrole="http://www.xbrl.org/2003/arcrole/concept-label" xlink:type="arc" xlink:from="ns3_dateTimeItemType" xlink:to="lbl_lab_ns3_dateTimeItemType"/>
    <link:label xlink:role="http://www.xbrl.org/2003/role/documentation" xlink:type="resource" xlink:label="lbl_lab_ns3_dateTimeItemType" xml:lang="en">A subtype of xbrli:dateTimeItemType that requires a time component (as xs:dateTime does).</link:label>
    <link:label xlink:role="http://www.xbrl.org/2003/role/documentation" xlink:type="resource" xlink:label="lbl_lab_ns3_escapedItemType" xml:lang="en">escapedItemType specializes string. There is no constraint on     whether the resulting unescaped content is well-formed or not; this base type      exists so that processors know what to do with the content. It is a suitable base     type for a data type whose unescaped content must be valid HTML 4.0 (which is not     XML).</link:label>
    <link:loc xlink:label="ns3_monetaryPerVolumeItemType" xlink:href="dtr-types.xsd#dtr_monetaryPerVolumeItemType" xlink:type="locator"/>
    <link:labelArc xlink:arcrole="http://www.xbrl.org/2003/arcrole/concept-label" xlink:type="arc" xlink:from="ns3_monetaryPerVolumeItemType" xlink:to="lbl_lab_ns3_monetaryPerVolumeItemType"/>
    <link:label xlink:role="http://www.xbrl.org/2003/role/label" xlink:type="resource" xlink:label="lbl_lab_ns3_monetaryPerVolumeItemType" xml:lang="en">monetaryPerVolumeItemType</link:label>
    <link:loc xlink:label="ns3_xmlNodesItemType" xlink:href="dtr-types.xsd#dtr_xmlNodesItemType" xlink:type="locator"/>
    <link:labelArc xlink:arcrole="http://www.xbrl.org/2003/arcrole/concept-label" xlink:type="arc" xlink:from="ns3_xmlNodesItemType" xlink:to="lbl_lab_ns3_xmlNodesItemType"/>
    <link:label xlink:role="http://www.xbrl.org/2003/role/label" xlink:type="resource" xlink:label="lbl_lab_ns3_xmlNodesItemType" xml:lang="en">xmlNodesItemType</link:label>
    <link:label xlink:role="http://www.xbrl.org/2003/role/documentation" xlink:type="resource" xlink:label="lbl_lab_ns3_monetaryPerVolumeItemType" xml:lang="en">The monetary per volume item type is used to represent a measure of price or cost per unit volume</link:label>
    <link:label xlink:role="http://www.xbrl.org/2003/role/documentation" xlink:type="resource" xlink:label="lbl_lab_ns3_xmlNodesItemType" xml:lang="en">xmlNodesItemType specializes escapedItemType. The unescaped     content MUST be a sequence of XML text and well-formed XML nodes. This content     constraint cannot be captured by a finite length regular expression.</link:label>
    <link:loc xlink:label="ns3_monetaryPerDurationItemType" xlink:href="dtr-types.xsd#dtr_monetaryPerDurationItemType" xlink:type="locator"/>
    <link:labelArc xlink:arcrole="http://www.xbrl.org/2003/arcrole/concept-label" xlink:type="arc" xlink:from="ns3_monetaryPerDurationItemType" xlink:to="lbl_lab_ns3_monetaryPerDurationItemType"/>
    <link:label xlink:role="http://www.xbrl.org/2003/role/label" xlink:type="resource" xlink:label="lbl_lab_ns3_monetaryPerDurationItemType" xml:lang="en">monetaryPerDurationItemType</link:label>
    <link:loc xlink:label="ns3_xmlItemType" xlink:href="dtr-types.xsd#dtr_xmlItemType" xlink:type="locator"/>
    <link:labelArc xlink:arcrole="http://www.xbrl.org/2003/arcrole/concept-label" xlink:type="arc" xlink:from="ns3_xmlItemType" xlink:to="lbl_lab_ns3_xmlItemType"/>
    <link:label xlink:role="http://www.xbrl.org/2003/role/label" xlink:type="resource" xlink:label="lbl_lab_ns3_xmlItemType" xml:lang="en">xmlItemType</link:label>
    <link:label xlink:role="http://www.xbrl.org/2003/role/documentation" xlink:type="resource" xlink:label="lbl_lab_ns3_monetaryPerDurationItemType" xml:lang="en">The monetary per duration item type is used to represent a measure of price or cost per unit duration</link:label>
    <link:label xlink:role="http://www.xbrl.org/2003/role/documentation" xlink:type="resource" xlink:label="lbl_lab_ns3_xmlItemType" xml:lang="en">xmlItemType specializes xmlNodesItemType. The unescaped content MUST be well-formed XML. This   is a suitable base type for elements whose content must conform to a specific XML Schema or DTD.</link:label>
    <link:loc xlink:label="ns3_monetaryPerEnergyItemType" xlink:href="dtr-types.xsd#dtr_monetaryPerEnergyItemType" xlink:type="locator"/>
    <link:labelArc xlink:arcrole="http://www.xbrl.org/2003/arcrole/concept-label" xlink:type="arc" xlink:from="ns3_monetaryPerEnergyItemType" xlink:to="lbl_lab_ns3_monetaryPerEnergyItemType"/>
    <link:label xlink:role="http://www.xbrl.org/2003/role/label" xlink:type="resource" xlink:label="lbl_lab_ns3_monetaryPerEnergyItemType" xml:lang="en">monetaryPerEnergyItemType</link:label>
    <link:label xlink:role="http://www.xbrl.org/2003/role/label" xlink:type="resource" xlink:label="lbl_lab_ns3_textBlockItemType" xml:lang="en">textBlockItemType</link:label>
    <link:label xlink:role="http://www.xbrl.org/2003/role/documentation" xlink:type="resource" xlink:label="lbl_lab_ns3_monetaryPerEnergyItemType" xml:lang="en">The monetary per energy item type is used to represent a measure of price or cost per unit energy</link:label>
    <link:loc xlink:label="ns3_monetaryPerMassItemType" xlink:href="dtr-types.xsd#dtr_monetaryPerMassItemType" xlink:type="locator"/>
    <link:labelArc xlink:arcrole="http://www.xbrl.org/2003/arcrole/concept-label" xlink:type="arc" xlink:from="ns3_monetaryPerMassItemType" xlink:to="lbl_lab_ns3_monetaryPerMassItemType"/>
    <link:label xlink:role="http://www.xbrl.org/2003/role/label" xlink:type="resource" xlink:label="lbl_lab_ns3_monetaryPerMassItemType" xml:lang="en">monetaryPerMassItemType</link:label>
    <link:label xlink:role="http://www.xbrl.org/2003/role/documentation" xlink:type="resource" xlink:label="lbl_lab_ns3_monetaryPerMassItemType" xml:lang="en">The monetary per mass item type is used to represent a measure of price or cost per unit mass</link:label>
    <link:label xlink:role="http://www.xbrl.org/2003/role/label" xlink:type="resource" xlink:label="lbl_lab_ns3_dateTimeItemType" xml:lang="en">dateTimeItemType</link:label>
  </link:labelLink>
</link:linkbase>
