<link:linkbase xmlns:link="http://www.xbrl.org/2003/linkbase" xmlns:xlink="http://www.w3.org/1999/xlink" xmlns:xsi="http://www.w3.org/2001/XMLSchema-instance" xmlns:gen="http://xbrl.org/2008/generic" xsi:schemaLocation="http://www.xbrl.org/2003/linkbase http://www.xbrl.org/2003/xbrl-linkbase-2003-12-31.xsd http://xbrl.org/2008/generic http://www.xbrl.org/2008/generic-link.xsd">
  <link:roleRef roleURI="https://www.xbrl.org/2023/roles/si-prefix-presentation" xlink:href="magnitude.xsd#si-prefix-presentation" xlink:type="simple"/>
  <link:presentationLink xlink:role="https://www.xbrl.org/2023/roles/si-prefix-presentation" xlink:type="extended">
    <link:loc xlink:label="ns10_SIPrefixDomain" xlink:href="magnitude.xsd#si_SIPrefixDomain" xlink:type="locator"/>
    <link:loc xlink:label="ns10_zetta" xlink:href="magnitude.xsd#si-prefix_zetta" xlink:type="locator"/>
    <link:presentationArc xlink:arcrole="http://www.xbrl.org/2003/arcrole/parent-child" xlink:type="arc" xlink:from="ns10_SIPrefixDomain" xlink:to="ns10_zetta" order="4"/>
    <link:loc xlink:label="ns10_quetta" xlink:href="magnitude.xsd#si-prefix_quetta" xlink:type="locator"/>
    <link:presentationArc xlink:arcrole="http://www.xbrl.org/2003/arcrole/parent-child" xlink:type="arc" xlink:from="ns10_SIPrefixDomain" xlink:to="ns10_quetta" order="1"/>
    <link:loc xlink:label="ns10_atto" xlink:href="magnitude.xsd#si-prefix_atto" xlink:type="locator"/>
    <link:presentationArc xlink:arcrole="http://www.xbrl.org/2003/arcrole/parent-child" xlink:type="arc" xlink:from="ns10_SIPrefixDomain" xlink:to="ns10_atto" order="20"/>
    <link:loc xlink:label="ns10_ronna" xlink:href="magnitude.xsd#si-prefix_ronna" xlink:type="locator"/>
    <link:presentationArc xlink:arcrole="http://www.xbrl.org/2003/arcrole/parent-child" xlink:type="arc" xlink:from="ns10_SIPrefixDomain" xlink:to="ns10_ronna" order="2"/>
    <link:loc xlink:label="ns10_yotta" xlink:href="magnitude.xsd#si-prefix_yotta" xlink:type="locator"/>
    <link:presentationArc xlink:arcrole="http://www.xbrl.org/2003/arcrole/parent-child" xlink:type="arc" xlink:from="ns10_SIPrefixDomain" xlink:to="ns10_yotta" order="3"/>
    <link:loc xlink:label="ns10_exa" xlink:href="magnitude.xsd#si-prefix_exa" xlink:type="locator"/>
    <link:presentationArc xlink:arcrole="http://www.xbrl.org/2003/arcrole/parent-child" xlink:type="arc" xlink:from="ns10_SIPrefixDomain" xlink:to="ns10_exa" order="5"/>
    <link:loc xlink:label="ns10_peta" xlink:href="magnitude.xsd#si-prefix_peta" xlink:type="locator"/>
    <link:presentationArc xlink:arcrole="http://www.xbrl.org/2003/arcrole/parent-child" xlink:type="arc" xlink:from="ns10_SIPrefixDomain" xlink:to="ns10_peta" order="6"/>
    <link:loc xlink:label="ns10_zepto" xlink:href="magnitude.xsd#si-prefix_zepto" xlink:type="locator"/>
    <link:presentationArc xlink:arcrole="http://www.xbrl.org/2003/arcrole/parent-child" xlink:type="arc" xlink:from="ns10_SIPrefixDomain" xlink:to="ns10_zepto" order="21"/>
    <link:loc xlink:label="ns10_yocto" xlink:href="magnitude.xsd#si-prefix_yocto" xlink:type="locator"/>
    <link:presentationArc xlink:arcrole="http://www.xbrl.org/2003/arcrole/parent-child" xlink:type="arc" xlink:from="ns10_SIPrefixDomain" xlink:to="ns10_yocto" order="22"/>
    <link:loc xlink:label="ns10_tera" xlink:href="magnitude.xsd#si-prefix_tera" xlink:type="locator"/>
    <link:presentationArc xlink:arcrole="http://www.xbrl.org/2003/arcrole/parent-child" xlink:type="arc" xlink:from="ns10_SIPrefixDomain" xlink:to="ns10_tera" order="7"/>
    <link:loc xlink:label="ns10_ronto" xlink:href="magnitude.xsd#si-prefix_ronto" xlink:type="locator"/>
    <link:presentationArc xlink:arcrole="http://www.xbrl.org/2003/arcrole/parent-child" xlink:type="arc" xlink:from="ns10_SIPrefixDomain" xlink:to="ns10_ronto" order="23"/>
    <link:loc xlink:label="ns10_quecto" xlink:href="magnitude.xsd#si-prefix_quecto" xlink:type="locator"/>
    <link:presentationArc xlink:arcrole="http://www.xbrl.org/2003/arcrole/parent-child" xlink:type="arc" xlink:from="ns10_SIPrefixDomain" xlink:to="ns10_quecto" order="24"/>
    <link:loc xlink:label="ns10_giga" xlink:href="magnitude.xsd#si-prefix_giga" xlink:type="locator"/>
    <link:presentationArc xlink:arcrole="http://www.xbrl.org/2003/arcrole/parent-child" xlink:type="arc" xlink:from="ns10_SIPrefixDomain" xlink:to="ns10_giga" order="8"/>
    <link:loc xlink:label="ns10_mega" xlink:href="magnitude.xsd#si-prefix_mega" xlink:type="locator"/>
    <link:presentationArc xlink:arcrole="http://www.xbrl.org/2003/arcrole/parent-child" xlink:type="arc" xlink:from="ns10_SIPrefixDomain" xlink:to="ns10_mega" order="9"/>
    <link:loc xlink:label="ns10_kilo" xlink:href="magnitude.xsd#si-prefix_kilo" xlink:type="locator"/>
    <link:presentationArc xlink:arcrole="http://www.xbrl.org/2003/arcrole/parent-child" xlink:type="arc" xlink:from="ns10_SIPrefixDomain" xlink:to="ns10_kilo" order="10"/>
    <link:loc xlink:label="ns10_hecto" xlink:href="magnitude.xsd#si-prefix_hecto" xlink:type="locator"/>
    <link:presentationArc xlink:arcrole="http://www.xbrl.org/2003/arcrole/parent-child" xlink:type="arc" xlink:from="ns10_SIPrefixDomain" xlink:to="ns10_hecto" order="11"/>
    <link:loc xlink:label="ns10_deca" xlink:href="magnitude.xsd#si-prefix_deca" xlink:type="locator"/>
    <link:presentationArc xlink:arcrole="http://www.xbrl.org/2003/arcrole/parent-child" xlink:type="arc" xlink:from="ns10_SIPrefixDomain" xlink:to="ns10_deca" order="12"/>
    <link:loc xlink:label="ns10_deci" xlink:href="magnitude.xsd#si-prefix_deci" xlink:type="locator"/>
    <link:presentationArc xlink:arcrole="http://www.xbrl.org/2003/arcrole/parent-child" xlink:type="arc" xlink:from="ns10_SIPrefixDomain" xlink:to="ns10_deci" order="13"/>
    <link:loc xlink:label="ns10_centi" xlink:href="magnitude.xsd#si-prefix_centi" xlink:type="locator"/>
    <link:presentationArc xlink:arcrole="http://www.xbrl.org/2003/arcrole/parent-child" xlink:type="arc" xlink:from="ns10_SIPrefixDomain" xlink:to="ns10_centi" order="14"/>
    <link:loc xlink:label="ns10_milli" xlink:href="magnitude.xsd#si-prefix_milli" xlink:type="locator"/>
    <link:presentationArc xlink:arcrole="http://www.xbrl.org/2003/arcrole/parent-child" xlink:type="arc" xlink:from="ns10_SIPrefixDomain" xlink:to="ns10_milli" order="15"/>
    <link:loc xlink:label="ns10_micro" xlink:href="magnitude.xsd#si-prefix_micro" xlink:type="locator"/>
    <link:presentationArc xlink:arcrole="http://www.xbrl.org/2003/arcrole/parent-child" xlink:type="arc" xlink:from="ns10_SIPrefixDomain" xlink:to="ns10_micro" order="16"/>
    <link:loc xlink:label="ns10_nano" xlink:href="magnitude.xsd#si-prefix_nano" xlink:type="locator"/>
    <link:presentationArc xlink:arcrole="http://www.xbrl.org/2003/arcrole/parent-child" xlink:type="arc" xlink:from="ns10_SIPrefixDomain" xlink:to="ns10_nano" order="17"/>
    <link:loc xlink:label="ns10_pico" xlink:href="magnitude.xsd#si-prefix_pico" xlink:type="locator"/>
    <link:presentationArc xlink:arcrole="http://www.xbrl.org/2003/arcrole/parent-child" xlink:type="arc" xlink:from="ns10_SIPrefixDomain" xlink:to="ns10_pico" order="18"/>
    <link:loc xlink:label="ns10_femto" xlink:href="magnitude.xsd#si-prefix_femto" xlink:type="locator"/>
    <link:presentationArc xlink:arcrole="http://www.xbrl.org/2003/arcrole/parent-child" xlink:type="arc" xlink:from="ns10_SIPrefixDomain" xlink:to="ns10_femto" order="19"/>
  </link:presentationLink>
</link:linkbase>
