<link:linkbase xmlns:link="http://www.xbrl.org/2003/linkbase" xmlns:xlink="http://www.w3.org/1999/xlink" xmlns:xsi="http://www.w3.org/2001/XMLSchema-instance" xmlns:gen="http://xbrl.org/2008/generic" xsi:schemaLocation="http://www.xbrl.org/2003/linkbase http://www.xbrl.org/2003/xbrl-linkbase-2003-12-31.xsd http://xbrl.org/2008/generic http://www.xbrl.org/2008/generic-link.xsd">
  <link:roleRef roleURI="https://www.xbrl.org/2023/roles/utr-conversion" xlink:href="utr-units.xsd#utr-conversion" xlink:type="simple"/>
  <link:arcroleRef arcroleURI="http://www.xbrl.org/2023/arcrole/unit-multiplied" xlink:href="units.xsd#unit-multiplied" xlink:type="simple"/>
  <link:arcroleRef arcroleURI="http://www.xbrl.org/2023/arcrole/converted-convertee" xlink:href="units.xsd#converted-convertee" xlink:type="simple"/>
  <link:arcroleRef arcroleURI="http://www.xbrl.org/2023/arcrole/datatype-numerator" xlink:href="units.xsd#datatype-numerator" xlink:type="simple"/>
  <link:arcroleRef arcroleURI="http://www.xbrl.org/2023/arcrole/datatype-denominator" xlink:href="units.xsd#datatype-denominator" xlink:type="simple"/>
  <link:arcroleRef arcroleURI="http://www.xbrl.org/2023/arcrole/unit-squared" xlink:href="units.xsd#unit-squared" xlink:type="simple"/>
  <link:definitionLink xlink:role="https://www.xbrl.org/2023/roles/utr-conversion" xlink:type="extended">
    <link:loc xlink:label="ns3_perShareItemType" xlink:href="dtr-types.xsd#dtr_perShareItemType" xlink:type="locator"/>
    <link:loc xlink:label="ns3_sharesItemType" xlink:href="dtr-types.xsd#dtr_sharesItemType" xlink:type="locator"/>
    <link:definitionArc xlink:arcrole="http://www.xbrl.org/2023/arcrole/datatype-denominator" xlink:type="arc" xlink:from="ns3_perShareItemType" xlink:to="ns3_sharesItemType" order="15"/>
    <link:loc xlink:label="ns3_pureItemType" xlink:href="dtr-types.xsd#dtr_pureItemType" xlink:type="locator"/>
    <link:loc xlink:label="ns3_monetaryItemType" xlink:href="dtr-types.xsd#dtr_monetaryItemType" xlink:type="locator"/>
    <link:definitionArc xlink:arcrole="http://www.xbrl.org/2023/arcrole/datatype-denominator" xlink:type="arc" xlink:from="ns3_pureItemType" xlink:to="ns3_monetaryItemType" order="17"/>
    <link:loc xlink:label="ns3_flowItemType" xlink:href="dtr-types.xsd#dtr_flowItemType" xlink:type="locator"/>
    <link:loc xlink:label="ns3_durationItemType" xlink:href="dtr-types.xsd#dtr_durationItemType" xlink:type="locator"/>
    <link:definitionArc xlink:arcrole="http://www.xbrl.org/2023/arcrole/datatype-denominator" xlink:type="arc" xlink:from="ns3_flowItemType" xlink:to="ns3_durationItemType" order="19"/>
    <link:loc xlink:label="ns3_densityItemType" xlink:href="dtr-types.xsd#dtr_densityItemType" xlink:type="locator"/>
    <link:loc xlink:label="ns3_volumeItemType" xlink:href="dtr-types.xsd#dtr_volumeItemType" xlink:type="locator"/>
    <link:definitionArc xlink:arcrole="http://www.xbrl.org/2023/arcrole/datatype-denominator" xlink:type="arc" xlink:from="ns3_densityItemType" xlink:to="ns3_volumeItemType" order="26"/>
    <link:loc xlink:label="ns3_irradianceItemType" xlink:href="dtr-types.xsd#dtr_irradianceItemType" xlink:type="locator"/>
    <link:loc xlink:label="ns3_areaItemType" xlink:href="dtr-types.xsd#dtr_areaItemType" xlink:type="locator"/>
    <link:definitionArc xlink:arcrole="http://www.xbrl.org/2023/arcrole/datatype-denominator" xlink:type="arc" xlink:from="ns3_irradianceItemType" xlink:to="ns3_areaItemType" order="24"/>
  </link:definitionLink>
  <link:definitionLink xlink:role="https://www.xbrl.org/2023/roles/utr-conversion" xlink:type="extended">
    <link:loc xlink:label="ns11_kg" xlink:href="utr-units.xsd#si_kg" xlink:type="locator"/>
    <link:loc xlink:label="ns11_lb" xlink:href="utr-units.xsd#non-si_lb" xlink:type="locator"/>
    <link:definitionArc xmlns:ns0="http://www.xbrl.org/2023/units" xlink:arcrole="http://www.xbrl.org/2023/arcrole/converted-convertee" xlink:type="arc" xlink:from="ns11_kg" xlink:to="ns11_lb" order="39" ns0:ConversionRate="0.4536 (rounded 4d)"/>
    <link:loc xlink:label="ns11_J" xlink:href="utr-units.xsd#si_J" xlink:type="locator"/>
    <link:loc xlink:label="ns11_Cal" xlink:href="utr-units.xsd#non-si_Cal" xlink:type="locator"/>
    <link:definitionArc xmlns:ns0="http://www.xbrl.org/2023/units" xlink:arcrole="http://www.xbrl.org/2023/arcrole/converted-convertee" xlink:type="arc" xlink:from="ns11_J" xlink:to="ns11_Cal" order="51" ns0:ConversionRate="4.184"/>
    <link:loc xlink:label="ns11_m" xlink:href="utr-units.xsd#si_m" xlink:type="locator"/>
    <link:loc xlink:label="ns11_cm" xlink:href="utr-units.xsd#si_cm" xlink:type="locator"/>
    <link:definitionArc xmlns:ns0="http://www.xbrl.org/2023/units" xlink:arcrole="http://www.xbrl.org/2023/arcrole/converted-convertee" xlink:type="arc" xlink:from="ns11_m" xlink:to="ns11_cm" order="12" ns0:ConversionRate="0.01"/>
    <link:loc xlink:label="ns11_sqm" xlink:href="utr-units.xsd#si_sqm" xlink:type="locator"/>
    <link:loc xlink:label="ns11_sqmi" xlink:href="utr-units.xsd#non-si_sqmi" xlink:type="locator"/>
    <link:definitionArc xmlns:ns0="http://www.xbrl.org/2023/units" xlink:arcrole="http://www.xbrl.org/2023/arcrole/converted-convertee" xlink:type="arc" xlink:from="ns11_sqm" xlink:to="ns11_sqmi" order="29" ns0:ConversionRate="2,589,988.1103 (rounded 4d)"/>
    <link:loc xlink:label="ns11_m3" xlink:href="utr-units.xsd#si_m3" xlink:type="locator"/>
    <link:loc xlink:label="ns11_MMBbls" xlink:href="utr-units.xsd#non-si_MMBbls" xlink:type="locator"/>
    <link:definitionArc xmlns:ns0="http://www.xbrl.org/2023/units" xlink:arcrole="http://www.xbrl.org/2023/arcrole/converted-convertee" xlink:type="arc" xlink:from="ns11_m3" xlink:to="ns11_MMBbls" order="49" ns0:ConversionRate="158,987.2949 (rounded 4d)"/>
    <link:loc xlink:label="ns11_Pa" xlink:href="utr-units.xsd#si_Pa" xlink:type="locator"/>
    <link:loc xlink:label="ns11_psi" xlink:href="utr-units.xsd#non-si_psi" xlink:type="locator"/>
    <link:definitionArc xmlns:ns0="http://www.xbrl.org/2023/units" xlink:arcrole="http://www.xbrl.org/2023/arcrole/converted-convertee" xlink:type="arc" xlink:from="ns11_Pa" xlink:to="ns11_psi" order="59" ns0:ConversionRate="6,894.76"/>
    <link:loc xlink:label="ns11_MBbls" xlink:href="utr-units.xsd#non-si_MBbls" xlink:type="locator"/>
    <link:definitionArc xmlns:ns0="http://www.xbrl.org/2023/units" xlink:arcrole="http://www.xbrl.org/2023/arcrole/converted-convertee" xlink:type="arc" xlink:from="ns11_m3" xlink:to="ns11_MBbls" order="47" ns0:ConversionRate="158.9873 (rounded 4d)"/>
    <link:loc xlink:label="ns11_atm" xlink:href="utr-units.xsd#non-si_atm" xlink:type="locator"/>
    <link:definitionArc xmlns:ns0="http://www.xbrl.org/2023/units" xlink:arcrole="http://www.xbrl.org/2023/arcrole/converted-convertee" xlink:type="arc" xlink:from="ns11_Pa" xlink:to="ns11_atm" order="61" ns0:ConversionRate="101,325"/>
    <link:loc xlink:label="ns11_kJ" xlink:href="utr-units.xsd#si_kJ" xlink:type="locator"/>
    <link:definitionArc xmlns:ns0="http://www.xbrl.org/2023/units" xlink:arcrole="http://www.xbrl.org/2023/arcrole/converted-convertee" xlink:type="arc" xlink:from="ns11_J" xlink:to="ns11_kJ" order="54" ns0:ConversionRate="1,000"/>
    <link:loc xlink:label="ns11_nmi" xlink:href="utr-units.xsd#non-si_nmi" xlink:type="locator"/>
    <link:definitionArc xmlns:ns0="http://www.xbrl.org/2023/units" xlink:arcrole="http://www.xbrl.org/2023/arcrole/converted-convertee" xlink:type="arc" xlink:from="ns11_m" xlink:to="ns11_nmi" order="10" ns0:ConversionRate="1,852"/>
    <link:loc xlink:label="ns11_Bar" xlink:href="utr-units.xsd#non-si_Bar" xlink:type="locator"/>
    <link:definitionArc xmlns:ns0="http://www.xbrl.org/2023/units" xlink:arcrole="http://www.xbrl.org/2023/arcrole/converted-convertee" xlink:type="arc" xlink:from="ns11_Pa" xlink:to="ns11_Bar" order="60" ns0:ConversionRate="100,000"/>
    <link:loc xlink:label="ns11_sqyd" xlink:href="utr-units.xsd#non-si_sqyd" xlink:type="locator"/>
    <link:definitionArc xmlns:ns0="http://www.xbrl.org/2023/units" xlink:arcrole="http://www.xbrl.org/2023/arcrole/converted-convertee" xlink:type="arc" xlink:from="ns11_sqm" xlink:to="ns11_sqyd" order="30" ns0:ConversionRate="0.8361 (rounded 4d)"/>
    <link:loc xlink:label="ns11_Mcf" xlink:href="utr-units.xsd#non-si_Mcf" xlink:type="locator"/>
    <link:definitionArc xmlns:ns0="http://www.xbrl.org/2023/units" xlink:arcrole="http://www.xbrl.org/2023/arcrole/converted-convertee" xlink:type="arc" xlink:from="ns11_m3" xlink:to="ns11_Mcf" order="48" ns0:ConversionRate="28,316.8466 (rounded 4d)"/>
    <link:loc xlink:label="ns11_t" xlink:href="utr-units.xsd#non-si_t" xlink:type="locator"/>
    <link:definitionArc xmlns:ns0="http://www.xbrl.org/2023/units" xlink:arcrole="http://www.xbrl.org/2023/arcrole/converted-convertee" xlink:type="arc" xlink:from="ns11_kg" xlink:to="ns11_t" order="52" ns0:ConversionRate="1,000"/>
    <link:loc xlink:label="ns11_km" xlink:href="utr-units.xsd#si_km" xlink:type="locator"/>
    <link:definitionArc xmlns:ns0="http://www.xbrl.org/2023/units" xlink:arcrole="http://www.xbrl.org/2023/arcrole/converted-convertee" xlink:type="arc" xlink:from="ns11_m" xlink:to="ns11_km" order="14" ns0:ConversionRate="1,000"/>
    <link:loc xlink:label="ns11_MWh" xlink:href="utr-units.xsd#si_MWh" xlink:type="locator"/>
    <link:definitionArc xmlns:ns0="http://www.xbrl.org/2023/units" xlink:arcrole="http://www.xbrl.org/2023/arcrole/converted-convertee" xlink:type="arc" xlink:from="ns11_J" xlink:to="ns11_MWh" order="57" ns0:ConversionRate="3,600,000,000"/>
    <link:loc xlink:label="ns11_MBoe" xlink:href="utr-units.xsd#non-si_MBoe" xlink:type="locator"/>
    <link:definitionArc xmlns:ns0="http://www.xbrl.org/2023/units" xlink:arcrole="http://www.xbrl.org/2023/arcrole/converted-convertee" xlink:type="arc" xlink:from="ns11_J" xlink:to="ns11_MBoe" order="34" ns0:ConversionRate="6,117,863,200,000"/>
    <link:loc xlink:label="ns11_Wh" xlink:href="utr-units.xsd#non-si_Wh" xlink:type="locator"/>
    <link:definitionArc xmlns:ns0="http://www.xbrl.org/2023/units" xlink:arcrole="http://www.xbrl.org/2023/arcrole/converted-convertee" xlink:type="arc" xlink:from="ns11_J" xlink:to="ns11_Wh" order="62" ns0:ConversionRate="3,600"/>
    <link:loc xlink:label="ns11_aft" xlink:href="utr-units.xsd#non-si_aft" xlink:type="locator"/>
    <link:definitionArc xmlns:ns0="http://www.xbrl.org/2023/units" xlink:arcrole="http://www.xbrl.org/2023/arcrole/converted-convertee" xlink:type="arc" xlink:from="ns11_m3" xlink:to="ns11_aft" order="23" ns0:ConversionRate="1,233.4892 (rounded 4d)"/>
    <link:loc xlink:label="ns11_dm" xlink:href="utr-units.xsd#si_dm" xlink:type="locator"/>
    <link:definitionArc xmlns:ns0="http://www.xbrl.org/2023/units" xlink:arcrole="http://www.xbrl.org/2023/arcrole/converted-convertee" xlink:type="arc" xlink:from="ns11_m" xlink:to="ns11_dm" order="13" ns0:ConversionRate="0.1"/>
    <link:loc xlink:label="ns11_in" xlink:href="utr-units.xsd#non-si_in" xlink:type="locator"/>
    <link:definitionArc xmlns:ns0="http://www.xbrl.org/2023/units" xlink:arcrole="http://www.xbrl.org/2023/arcrole/converted-convertee" xlink:type="arc" xlink:from="ns11_m" xlink:to="ns11_in" order="38" ns0:ConversionRate="0.0254"/>
    <link:loc xlink:label="ns11_kWh" xlink:href="utr-units.xsd#si_kWh" xlink:type="locator"/>
    <link:definitionArc xmlns:ns0="http://www.xbrl.org/2023/units" xlink:arcrole="http://www.xbrl.org/2023/arcrole/converted-convertee" xlink:type="arc" xlink:from="ns11_J" xlink:to="ns11_kWh" order="53" ns0:ConversionRate="3,600,000"/>
    <link:loc xlink:label="ns11_W" xlink:href="utr-units.xsd#si_W" xlink:type="locator"/>
    <link:loc xlink:label="ns11_hp" xlink:href="utr-units.xsd#non-si_hp" xlink:type="locator"/>
    <link:definitionArc xmlns:ns0="http://www.xbrl.org/2023/units" xlink:arcrole="http://www.xbrl.org/2023/arcrole/converted-convertee" xlink:type="arc" xlink:from="ns11_W" xlink:to="ns11_hp" order="43" ns0:ConversionRate="745.7"/>
    <link:loc xlink:label="ns11_Boe" xlink:href="utr-units.xsd#non-si_Boe" xlink:type="locator"/>
    <link:definitionArc xmlns:ns0="http://www.xbrl.org/2023/units" xlink:arcrole="http://www.xbrl.org/2023/arcrole/converted-convertee" xlink:type="arc" xlink:from="ns11_J" xlink:to="ns11_Boe" order="31" ns0:ConversionRate="6,117,863,200"/>
    <link:loc xlink:label="ns11_oz" xlink:href="utr-units.xsd#non-si_oz" xlink:type="locator"/>
    <link:definitionArc xmlns:ns0="http://www.xbrl.org/2023/units" xlink:arcrole="http://www.xbrl.org/2023/arcrole/converted-convertee" xlink:type="arc" xlink:from="ns11_kg" xlink:to="ns11_oz" order="40" ns0:ConversionRate="0.028"/>
    <link:loc xlink:label="ns11_acre" xlink:href="utr-units.xsd#non-si_acre" xlink:type="locator"/>
    <link:definitionArc xmlns:ns0="http://www.xbrl.org/2023/units" xlink:arcrole="http://www.xbrl.org/2023/arcrole/converted-convertee" xlink:type="arc" xlink:from="ns11_sqm" xlink:to="ns11_acre" order="21" ns0:ConversionRate="4,046.873"/>
    <link:loc xlink:label="ns11_ft3" xlink:href="utr-units.xsd#non-si_ft3" xlink:type="locator"/>
    <link:definitionArc xmlns:ns0="http://www.xbrl.org/2023/units" xlink:arcrole="http://www.xbrl.org/2023/arcrole/converted-convertee" xlink:type="arc" xlink:from="ns11_m3" xlink:to="ns11_ft3" order="45" ns0:ConversionRate="0.0283 (rounded 4d)"/>
    <link:loc xlink:label="ns11_bu" xlink:href="utr-units.xsd#non-si_bu" xlink:type="locator"/>
    <link:definitionArc xmlns:ns0="http://www.xbrl.org/2023/units" xlink:arcrole="http://www.xbrl.org/2023/arcrole/converted-convertee" xlink:type="arc" xlink:from="ns11_m3" xlink:to="ns11_bu" order="58" ns0:ConversionRate="0.0352 (rounded 4d)"/>
    <link:loc xlink:label="ns11_MMcf" xlink:href="utr-units.xsd#non-si_MMcf" xlink:type="locator"/>
    <link:definitionArc xmlns:ns0="http://www.xbrl.org/2023/units" xlink:arcrole="http://www.xbrl.org/2023/arcrole/converted-convertee" xlink:type="arc" xlink:from="ns11_m3" xlink:to="ns11_MMcf" order="50" ns0:ConversionRate="28,316.8466 (rounded 4d)"/>
    <link:loc xlink:label="ns11_yd" xlink:href="utr-units.xsd#non-si_yd" xlink:type="locator"/>
    <link:definitionArc xmlns:ns0="http://www.xbrl.org/2023/units" xlink:arcrole="http://www.xbrl.org/2023/arcrole/converted-convertee" xlink:type="arc" xlink:from="ns11_m" xlink:to="ns11_yd" order="11" ns0:ConversionRate="0.9144"/>
    <link:loc xlink:label="ns11_MMBTU" xlink:href="utr-units.xsd#non-si_MMBTU" xlink:type="locator"/>
    <link:definitionArc xmlns:ns0="http://www.xbrl.org/2023/units" xlink:arcrole="http://www.xbrl.org/2023/arcrole/converted-convertee" xlink:type="arc" xlink:from="ns11_J" xlink:to="ns11_MMBTU" order="37" ns0:ConversionRate="1,054,500,000"/>
    <link:loc xlink:label="ns11_ha" xlink:href="utr-units.xsd#si_ha" xlink:type="locator"/>
    <link:definitionArc xmlns:ns0="http://www.xbrl.org/2023/units" xlink:arcrole="http://www.xbrl.org/2023/arcrole/converted-convertee" xlink:type="arc" xlink:from="ns11_sqm" xlink:to="ns11_ha" order="55" ns0:ConversionRate="10,000"/>
    <link:loc xlink:label="ns11_mJ" xlink:href="utr-units.xsd#si_mJ" xlink:type="locator"/>
    <link:definitionArc xmlns:ns0="http://www.xbrl.org/2023/units" xlink:arcrole="http://www.xbrl.org/2023/arcrole/converted-convertee" xlink:type="arc" xlink:from="ns11_J" xlink:to="ns11_mJ" order="56" ns0:ConversionRate="0.001"/>
    <link:loc xlink:label="ns11_mi" xlink:href="utr-units.xsd#non-si_mi" xlink:type="locator"/>
    <link:definitionArc xmlns:ns0="http://www.xbrl.org/2023/units" xlink:arcrole="http://www.xbrl.org/2023/arcrole/converted-convertee" xlink:type="arc" xlink:from="ns11_m" xlink:to="ns11_mi" order="9" ns0:ConversionRate="1,609.344"/>
    <link:loc xlink:label="ns11_ft" xlink:href="utr-units.xsd#non-si_ft" xlink:type="locator"/>
    <link:definitionArc xmlns:ns0="http://www.xbrl.org/2023/units" xlink:arcrole="http://www.xbrl.org/2023/arcrole/converted-convertee" xlink:type="arc" xlink:from="ns11_m" xlink:to="ns11_ft" order="8" ns0:ConversionRate="0.3048"/>
    <link:loc xlink:label="ns11_Mcfe" xlink:href="utr-units.xsd#non-si_Mcfe" xlink:type="locator"/>
    <link:definitionArc xmlns:ns0="http://www.xbrl.org/2023/units" xlink:arcrole="http://www.xbrl.org/2023/arcrole/converted-convertee" xlink:type="arc" xlink:from="ns11_J" xlink:to="ns11_Mcfe" order="35" ns0:ConversionRate="1,087,200,000"/>
    <link:loc xlink:label="ns11_ozt" xlink:href="utr-units.xsd#non-si_ozt" xlink:type="locator"/>
    <link:definitionArc xmlns:ns0="http://www.xbrl.org/2023/units" xlink:arcrole="http://www.xbrl.org/2023/arcrole/converted-convertee" xlink:type="arc" xlink:from="ns11_kg" xlink:to="ns11_ozt" order="41" ns0:ConversionRate="0.0311 (rounded 4d)"/>
    <link:loc xlink:label="ns11_sqft" xlink:href="utr-units.xsd#non-si_sqft" xlink:type="locator"/>
    <link:definitionArc xmlns:ns0="http://www.xbrl.org/2023/units" xlink:arcrole="http://www.xbrl.org/2023/arcrole/converted-convertee" xlink:type="arc" xlink:from="ns11_sqm" xlink:to="ns11_sqft" order="28" ns0:ConversionRate="0.0929 (rounded 4d)"/>
    <link:loc xlink:label="ns11_Btu" xlink:href="utr-units.xsd#non-si_Btu" xlink:type="locator"/>
    <link:definitionArc xmlns:ns0="http://www.xbrl.org/2023/units" xlink:arcrole="http://www.xbrl.org/2023/arcrole/converted-convertee" xlink:type="arc" xlink:from="ns11_J" xlink:to="ns11_Btu" order="32" ns0:ConversionRate="1,055.056"/>
    <link:loc xlink:label="ns11_T" xlink:href="utr-units.xsd#non-si_T" xlink:type="locator"/>
    <link:definitionArc xmlns:ns0="http://www.xbrl.org/2023/units" xlink:arcrole="http://www.xbrl.org/2023/arcrole/converted-convertee" xlink:type="arc" xlink:from="ns11_kg" xlink:to="ns11_T" order="42" ns0:ConversionRate="907.1847 (rounded 4d)"/>
    <link:loc xlink:label="ns11_gal" xlink:href="utr-units.xsd#non-si_gal" xlink:type="locator"/>
    <link:definitionArc xmlns:ns0="http://www.xbrl.org/2023/units" xlink:arcrole="http://www.xbrl.org/2023/arcrole/converted-convertee" xlink:type="arc" xlink:from="ns11_m3" xlink:to="ns11_gal" order="46" ns0:ConversionRate="0.0038 (rounded 4d)"/>
    <link:loc xlink:label="ns11_bbl" xlink:href="utr-units.xsd#non-si_bbl" xlink:type="locator"/>
    <link:definitionArc xmlns:ns0="http://www.xbrl.org/2023/units" xlink:arcrole="http://www.xbrl.org/2023/arcrole/converted-convertee" xlink:type="arc" xlink:from="ns11_m3" xlink:to="ns11_bbl" order="44" ns0:ConversionRate="0.159 (rounded 4d)"/>
    <link:loc xlink:label="ns11_ft_lb" xlink:href="utr-units.xsd#non-si_ft_lb" xlink:type="locator"/>
    <link:definitionArc xmlns:ns0="http://www.xbrl.org/2023/units" xlink:arcrole="http://www.xbrl.org/2023/arcrole/converted-convertee" xlink:type="arc" xlink:from="ns11_J" xlink:to="ns11_ft_lb" order="33" ns0:ConversionRate="1.3558 (rounded 4d)"/>
    <link:loc xlink:label="ns11_MMBoe" xlink:href="utr-units.xsd#non-si_MMBoe" xlink:type="locator"/>
    <link:definitionArc xmlns:ns0="http://www.xbrl.org/2023/units" xlink:arcrole="http://www.xbrl.org/2023/arcrole/converted-convertee" xlink:type="arc" xlink:from="ns11_J" xlink:to="ns11_MMBoe" order="36" ns0:ConversionRate="6,117,863,200,000,000"/>
  </link:definitionLink>
  <link:definitionLink xlink:role="https://www.xbrl.org/2023/roles/utr-conversion" xlink:type="extended">
    <link:loc xlink:label="ns11_MMBoe" xlink:href="utr-units.xsd#non-si_MMBoe" xlink:type="locator"/>
    <link:loc xlink:label="ns11_Boe" xlink:href="utr-units.xsd#non-si_Boe" xlink:type="locator"/>
    <link:definitionArc xlink:arcrole="http://www.xbrl.org/2023/arcrole/unit-multiplied" xlink:type="arc" xlink:from="ns11_MMBoe" xlink:to="ns11_Boe" order="6"/>
    <link:loc xlink:label="ns12_mega" xlink:href="magnitude.xsd#si-prefix_mega" xlink:type="locator"/>
    <link:definitionArc xlink:arcrole="http://www.xbrl.org/2023/arcrole/unit-multiplied" xlink:type="arc" xlink:from="ns11_MMBoe" xlink:to="ns12_mega" order="7"/>
    <link:loc xlink:label="ns11_MBoe" xlink:href="utr-units.xsd#non-si_MBoe" xlink:type="locator"/>
    <link:loc xlink:label="ns12_kilo" xlink:href="magnitude.xsd#si-prefix_kilo" xlink:type="locator"/>
    <link:definitionArc xlink:arcrole="http://www.xbrl.org/2023/arcrole/unit-multiplied" xlink:type="arc" xlink:from="ns11_MBoe" xlink:to="ns12_kilo" order="5"/>
    <link:loc xlink:label="ns11_Boe_1" xlink:href="utr-units.xsd#non-si_Boe" xlink:type="locator"/>
    <link:definitionArc xlink:arcrole="http://www.xbrl.org/2023/arcrole/unit-multiplied" xlink:type="arc" xlink:from="ns11_MBoe" xlink:to="ns11_Boe_1" order="4"/>
  </link:definitionLink>
  <link:definitionLink xlink:role="https://www.xbrl.org/2023/roles/utr-conversion" xlink:type="extended">
    <link:loc xlink:label="ns11_sqmi" xlink:href="utr-units.xsd#non-si_sqmi" xlink:type="locator"/>
    <link:loc xlink:label="ns11_mi" xlink:href="utr-units.xsd#non-si_mi" xlink:type="locator"/>
    <link:definitionArc xlink:arcrole="http://www.xbrl.org/2023/arcrole/unit-squared" xlink:type="arc" xlink:from="ns11_sqmi" xlink:to="ns11_mi" order="2"/>
    <link:loc xlink:label="ns11_sqft" xlink:href="utr-units.xsd#non-si_sqft" xlink:type="locator"/>
    <link:loc xlink:label="ns11_ft" xlink:href="utr-units.xsd#non-si_ft" xlink:type="locator"/>
    <link:definitionArc xlink:arcrole="http://www.xbrl.org/2023/arcrole/unit-squared" xlink:type="arc" xlink:from="ns11_sqft" xlink:to="ns11_ft" order="1"/>
    <link:loc xlink:label="ns11_sqm" xlink:href="utr-units.xsd#si_sqm" xlink:type="locator"/>
    <link:loc xlink:label="ns11_m" xlink:href="utr-units.xsd#si_m" xlink:type="locator"/>
    <link:definitionArc xlink:arcrole="http://www.xbrl.org/2023/arcrole/unit-squared" xlink:type="arc" xlink:from="ns11_sqm" xlink:to="ns11_m" order="22"/>
    <link:loc xlink:label="ns11_sqyd" xlink:href="utr-units.xsd#non-si_sqyd" xlink:type="locator"/>
    <link:loc xlink:label="ns11_yd" xlink:href="utr-units.xsd#non-si_yd" xlink:type="locator"/>
    <link:definitionArc xlink:arcrole="http://www.xbrl.org/2023/arcrole/unit-squared" xlink:type="arc" xlink:from="ns11_sqyd" xlink:to="ns11_yd" order="3"/>
  </link:definitionLink>
  <link:definitionLink xlink:role="https://www.xbrl.org/2023/roles/utr-conversion" xlink:type="extended">
    <link:loc xlink:label="ns3_pureItemType" xlink:href="dtr-types.xsd#dtr_pureItemType" xlink:type="locator"/>
    <link:loc xlink:label="ns3_monetaryItemType" xlink:href="dtr-types.xsd#dtr_monetaryItemType" xlink:type="locator"/>
    <link:definitionArc xlink:arcrole="http://www.xbrl.org/2023/arcrole/datatype-numerator" xlink:type="arc" xlink:from="ns3_pureItemType" xlink:to="ns3_monetaryItemType" order="18"/>
    <link:loc xlink:label="ns3_irradianceItemType" xlink:href="dtr-types.xsd#dtr_irradianceItemType" xlink:type="locator"/>
    <link:loc xlink:label="ns3_powerItemType" xlink:href="dtr-types.xsd#dtr_powerItemType" xlink:type="locator"/>
    <link:definitionArc xlink:arcrole="http://www.xbrl.org/2023/arcrole/datatype-numerator" xlink:type="arc" xlink:from="ns3_irradianceItemType" xlink:to="ns3_powerItemType" order="25"/>
    <link:loc xlink:label="ns3_densityItemType" xlink:href="dtr-types.xsd#dtr_densityItemType" xlink:type="locator"/>
    <link:loc xlink:label="ns3_massItemType" xlink:href="dtr-types.xsd#dtr_massItemType" xlink:type="locator"/>
    <link:definitionArc xlink:arcrole="http://www.xbrl.org/2023/arcrole/datatype-numerator" xlink:type="arc" xlink:from="ns3_densityItemType" xlink:to="ns3_massItemType" order="27"/>
    <link:loc xlink:label="ns3_perShareItemType" xlink:href="dtr-types.xsd#dtr_perShareItemType" xlink:type="locator"/>
    <link:loc xlink:label="ns3_monetaryItemType_1" xlink:href="dtr-types.xsd#dtr_monetaryItemType" xlink:type="locator"/>
    <link:definitionArc xlink:arcrole="http://www.xbrl.org/2023/arcrole/datatype-numerator" xlink:type="arc" xlink:from="ns3_perShareItemType" xlink:to="ns3_monetaryItemType_1" order="16"/>
    <link:loc xlink:label="ns3_flowItemType" xlink:href="dtr-types.xsd#dtr_flowItemType" xlink:type="locator"/>
    <link:loc xlink:label="ns3_volumeItemType" xlink:href="dtr-types.xsd#dtr_volumeItemType" xlink:type="locator"/>
    <link:definitionArc xlink:arcrole="http://www.xbrl.org/2023/arcrole/datatype-numerator" xlink:type="arc" xlink:from="ns3_flowItemType" xlink:to="ns3_volumeItemType" order="20"/>
  </link:definitionLink>
</link:linkbase>
