<link:linkbase xmlns:link="http://www.xbrl.org/2003/linkbase" xmlns:xlink="http://www.w3.org/1999/xlink" xmlns:xsi="http://www.w3.org/2001/XMLSchema-instance" xmlns:gen="http://xbrl.org/2008/generic" xsi:schemaLocation="http://www.xbrl.org/2003/linkbase http://www.xbrl.org/2003/xbrl-linkbase-2003-12-31.xsd http://xbrl.org/2008/generic http://www.xbrl.org/2008/generic-link.xsd">
  <link:roleRef roleURI="https://www.xbrl.org/2023/roles/utr-presentation" xlink:href="utr-units.xsd#utr-presentation" xlink:type="simple"/>
  <link:presentationLink xlink:role="https://www.xbrl.org/2023/roles/utr-presentation" xlink:type="extended">
    <link:loc xlink:label="ns9_UtrUnitsDomain" xlink:href="utr-units.xsd#utr_UtrUnitsDomain" xlink:type="locator"/>
    <link:loc xlink:label="ns9_GWh" xlink:href="utr-units.xsd#si_GWh" xlink:type="locator"/>
    <link:presentationArc xlink:arcrole="http://www.xbrl.org/2003/arcrole/parent-child" xlink:type="arc" xlink:from="ns9_UtrUnitsDomain" xlink:to="ns9_GWh" order="75"/>
    <link:loc xlink:label="ns9_Boe" xlink:href="utr-units.xsd#non-si_Boe" xlink:type="locator"/>
    <link:presentationArc xlink:arcrole="http://www.xbrl.org/2003/arcrole/parent-child" xlink:type="arc" xlink:from="ns9_UtrUnitsDomain" xlink:to="ns9_Boe" order="5"/>
    <link:loc xlink:label="ns9_acre" xlink:href="utr-units.xsd#non-si_acre" xlink:type="locator"/>
    <link:presentationArc xlink:arcrole="http://www.xbrl.org/2003/arcrole/parent-child" xlink:type="arc" xlink:from="ns9_UtrUnitsDomain" xlink:to="ns9_acre" order="1"/>
    <link:loc xlink:label="ns9_TWh" xlink:href="utr-units.xsd#si_TWh" xlink:type="locator"/>
    <link:presentationArc xlink:arcrole="http://www.xbrl.org/2003/arcrole/parent-child" xlink:type="arc" xlink:from="ns9_UtrUnitsDomain" xlink:to="ns9_TWh" order="76"/>
    <link:loc xlink:label="ns9_Q" xlink:href="utr-units.xsd#non-si_Q" xlink:type="locator"/>
    <link:presentationArc xlink:arcrole="http://www.xbrl.org/2003/arcrole/parent-child" xlink:type="arc" xlink:from="ns9_UtrUnitsDomain" xlink:to="ns9_Q" order="77"/>
    <link:loc xlink:label="ns9_WK" xlink:href="utr-units.xsd#non-si_WK" xlink:type="locator"/>
    <link:presentationArc xlink:arcrole="http://www.xbrl.org/2003/arcrole/parent-child" xlink:type="arc" xlink:from="ns9_UtrUnitsDomain" xlink:to="ns9_WK" order="78"/>
    <link:loc xlink:label="ns9_MMcfe" xlink:href="utr-units.xsd#non-si_MMcfe" xlink:type="locator"/>
    <link:presentationArc xlink:arcrole="http://www.xbrl.org/2003/arcrole/parent-child" xlink:type="arc" xlink:from="ns9_UtrUnitsDomain" xlink:to="ns9_MMcfe" order="79"/>
    <link:loc xlink:label="ns9_Bcfe" xlink:href="utr-units.xsd#non-si_Bcfe" xlink:type="locator"/>
    <link:presentationArc xlink:arcrole="http://www.xbrl.org/2003/arcrole/parent-child" xlink:type="arc" xlink:from="ns9_UtrUnitsDomain" xlink:to="ns9_Bcfe" order="80"/>
    <link:loc xlink:label="ns9_sqyd" xlink:href="utr-units.xsd#non-si_sqyd" xlink:type="locator"/>
    <link:presentationArc xlink:arcrole="http://www.xbrl.org/2003/arcrole/parent-child" xlink:type="arc" xlink:from="ns9_UtrUnitsDomain" xlink:to="ns9_sqyd" order="4"/>
    <link:loc xlink:label="ns9_Tcfe" xlink:href="utr-units.xsd#non-si_Tcfe" xlink:type="locator"/>
    <link:presentationArc xlink:arcrole="http://www.xbrl.org/2003/arcrole/parent-child" xlink:type="arc" xlink:from="ns9_UtrUnitsDomain" xlink:to="ns9_Tcfe" order="81"/>
    <link:loc xlink:label="ns9_sqft" xlink:href="utr-units.xsd#non-si_sqft" xlink:type="locator"/>
    <link:presentationArc xlink:arcrole="http://www.xbrl.org/2003/arcrole/parent-child" xlink:type="arc" xlink:from="ns9_UtrUnitsDomain" xlink:to="ns9_sqft" order="2"/>
    <link:loc xlink:label="ns9_kT" xlink:href="utr-units.xsd#non-si_kT" xlink:type="locator"/>
    <link:presentationArc xlink:arcrole="http://www.xbrl.org/2003/arcrole/parent-child" xlink:type="arc" xlink:from="ns9_UtrUnitsDomain" xlink:to="ns9_kT" order="82"/>
    <link:loc xlink:label="ns9_sqmi" xlink:href="utr-units.xsd#non-si_sqmi" xlink:type="locator"/>
    <link:presentationArc xlink:arcrole="http://www.xbrl.org/2003/arcrole/parent-child" xlink:type="arc" xlink:from="ns9_UtrUnitsDomain" xlink:to="ns9_sqmi" order="3"/>
    <link:loc xlink:label="ns9_MT" xlink:href="utr-units.xsd#non-si_MT" xlink:type="locator"/>
    <link:presentationArc xlink:arcrole="http://www.xbrl.org/2003/arcrole/parent-child" xlink:type="arc" xlink:from="ns9_UtrUnitsDomain" xlink:to="ns9_MT" order="83"/>
    <link:loc xlink:label="ns9_Btu" xlink:href="utr-units.xsd#non-si_Btu" xlink:type="locator"/>
    <link:presentationArc xlink:arcrole="http://www.xbrl.org/2003/arcrole/parent-child" xlink:type="arc" xlink:from="ns9_UtrUnitsDomain" xlink:to="ns9_Btu" order="6"/>
    <link:loc xlink:label="ns9_GT" xlink:href="utr-units.xsd#non-si_GT" xlink:type="locator"/>
    <link:presentationArc xlink:arcrole="http://www.xbrl.org/2003/arcrole/parent-child" xlink:type="arc" xlink:from="ns9_UtrUnitsDomain" xlink:to="ns9_GT" order="84"/>
    <link:loc xlink:label="ns9_kt" xlink:href="utr-units.xsd#non-si_kt" xlink:type="locator"/>
    <link:presentationArc xlink:arcrole="http://www.xbrl.org/2003/arcrole/parent-child" xlink:type="arc" xlink:from="ns9_UtrUnitsDomain" xlink:to="ns9_kt" order="85"/>
    <link:loc xlink:label="ns9_ft_lb" xlink:href="utr-units.xsd#non-si_ft_lb" xlink:type="locator"/>
    <link:presentationArc xlink:arcrole="http://www.xbrl.org/2003/arcrole/parent-child" xlink:type="arc" xlink:from="ns9_UtrUnitsDomain" xlink:to="ns9_ft_lb" order="7"/>
    <link:loc xlink:label="ns9_Mt" xlink:href="utr-units.xsd#non-si_Mt" xlink:type="locator"/>
    <link:presentationArc xlink:arcrole="http://www.xbrl.org/2003/arcrole/parent-child" xlink:type="arc" xlink:from="ns9_UtrUnitsDomain" xlink:to="ns9_Mt" order="86"/>
    <link:loc xlink:label="ns9_Gt" xlink:href="utr-units.xsd#non-si_Gt" xlink:type="locator"/>
    <link:presentationArc xlink:arcrole="http://www.xbrl.org/2003/arcrole/parent-child" xlink:type="arc" xlink:from="ns9_UtrUnitsDomain" xlink:to="ns9_Gt" order="87"/>
    <link:loc xlink:label="ns9_MBoe" xlink:href="utr-units.xsd#non-si_MBoe" xlink:type="locator"/>
    <link:presentationArc xlink:arcrole="http://www.xbrl.org/2003/arcrole/parent-child" xlink:type="arc" xlink:from="ns9_UtrUnitsDomain" xlink:to="ns9_MBoe" order="8"/>
    <link:loc xlink:label="ns9_MWM" xlink:href="utr-units.xsd#si_MWM" xlink:type="locator"/>
    <link:presentationArc xlink:arcrole="http://www.xbrl.org/2003/arcrole/parent-child" xlink:type="arc" xlink:from="ns9_UtrUnitsDomain" xlink:to="ns9_MWM" order="88"/>
    <link:loc xlink:label="ns9_Mcfe" xlink:href="utr-units.xsd#non-si_Mcfe" xlink:type="locator"/>
    <link:presentationArc xlink:arcrole="http://www.xbrl.org/2003/arcrole/parent-child" xlink:type="arc" xlink:from="ns9_UtrUnitsDomain" xlink:to="ns9_Mcfe" order="9"/>
    <link:loc xlink:label="ns9_GWM" xlink:href="utr-units.xsd#si_GWM" xlink:type="locator"/>
    <link:presentationArc xlink:arcrole="http://www.xbrl.org/2003/arcrole/parent-child" xlink:type="arc" xlink:from="ns9_UtrUnitsDomain" xlink:to="ns9_GWM" order="89"/>
    <link:loc xlink:label="ns9_MMBoe" xlink:href="utr-units.xsd#non-si_MMBoe" xlink:type="locator"/>
    <link:presentationArc xlink:arcrole="http://www.xbrl.org/2003/arcrole/parent-child" xlink:type="arc" xlink:from="ns9_UtrUnitsDomain" xlink:to="ns9_MMBoe" order="10"/>
    <link:loc xlink:label="ns9_Celsius" xlink:href="utr-units.xsd#si_Celsius" xlink:type="locator"/>
    <link:presentationArc xlink:arcrole="http://www.xbrl.org/2003/arcrole/parent-child" xlink:type="arc" xlink:from="ns9_UtrUnitsDomain" xlink:to="ns9_Celsius" order="90"/>
    <link:loc xlink:label="ns9_MMBTU" xlink:href="utr-units.xsd#non-si_MMBTU" xlink:type="locator"/>
    <link:presentationArc xlink:arcrole="http://www.xbrl.org/2003/arcrole/parent-child" xlink:type="arc" xlink:from="ns9_UtrUnitsDomain" xlink:to="ns9_MMBTU" order="11"/>
    <link:loc xlink:label="ns9_K" xlink:href="utr-units.xsd#si_K" xlink:type="locator"/>
    <link:presentationArc xlink:arcrole="http://www.xbrl.org/2003/arcrole/parent-child" xlink:type="arc" xlink:from="ns9_UtrUnitsDomain" xlink:to="ns9_K" order="91"/>
    <link:loc xlink:label="ns9_ft" xlink:href="utr-units.xsd#non-si_ft" xlink:type="locator"/>
    <link:presentationArc xlink:arcrole="http://www.xbrl.org/2003/arcrole/parent-child" xlink:type="arc" xlink:from="ns9_UtrUnitsDomain" xlink:to="ns9_ft" order="12"/>
    <link:loc xlink:label="ns9_F" xlink:href="utr-units.xsd#non-si_F" xlink:type="locator"/>
    <link:presentationArc xlink:arcrole="http://www.xbrl.org/2003/arcrole/parent-child" xlink:type="arc" xlink:from="ns9_UtrUnitsDomain" xlink:to="ns9_F" order="92"/>
    <link:loc xlink:label="ns9_in" xlink:href="utr-units.xsd#non-si_in" xlink:type="locator"/>
    <link:presentationArc xlink:arcrole="http://www.xbrl.org/2003/arcrole/parent-child" xlink:type="arc" xlink:from="ns9_UtrUnitsDomain" xlink:to="ns9_in" order="13"/>
    <link:loc xlink:label="ns9_Pa" xlink:href="utr-units.xsd#si_Pa" xlink:type="locator"/>
    <link:presentationArc xlink:arcrole="http://www.xbrl.org/2003/arcrole/parent-child" xlink:type="arc" xlink:from="ns9_UtrUnitsDomain" xlink:to="ns9_Pa" order="93"/>
    <link:loc xlink:label="ns9_mi" xlink:href="utr-units.xsd#non-si_mi" xlink:type="locator"/>
    <link:presentationArc xlink:arcrole="http://www.xbrl.org/2003/arcrole/parent-child" xlink:type="arc" xlink:from="ns9_UtrUnitsDomain" xlink:to="ns9_mi" order="14"/>
    <link:loc xlink:label="ns9_Bar" xlink:href="utr-units.xsd#non-si_Bar" xlink:type="locator"/>
    <link:presentationArc xlink:arcrole="http://www.xbrl.org/2003/arcrole/parent-child" xlink:type="arc" xlink:from="ns9_UtrUnitsDomain" xlink:to="ns9_Bar" order="94"/>
    <link:loc xlink:label="ns9_nmi" xlink:href="utr-units.xsd#non-si_nmi" xlink:type="locator"/>
    <link:presentationArc xlink:arcrole="http://www.xbrl.org/2003/arcrole/parent-child" xlink:type="arc" xlink:from="ns9_UtrUnitsDomain" xlink:to="ns9_nmi" order="15"/>
    <link:loc xlink:label="ns9_psi" xlink:href="utr-units.xsd#non-si_psi" xlink:type="locator"/>
    <link:presentationArc xlink:arcrole="http://www.xbrl.org/2003/arcrole/parent-child" xlink:type="arc" xlink:from="ns9_UtrUnitsDomain" xlink:to="ns9_psi" order="95"/>
    <link:loc xlink:label="ns9_yd" xlink:href="utr-units.xsd#non-si_yd" xlink:type="locator"/>
    <link:presentationArc xlink:arcrole="http://www.xbrl.org/2003/arcrole/parent-child" xlink:type="arc" xlink:from="ns9_UtrUnitsDomain" xlink:to="ns9_yd" order="16"/>
    <link:loc xlink:label="ns9_atm" xlink:href="utr-units.xsd#non-si_atm" xlink:type="locator"/>
    <link:presentationArc xlink:arcrole="http://www.xbrl.org/2003/arcrole/parent-child" xlink:type="arc" xlink:from="ns9_UtrUnitsDomain" xlink:to="ns9_atm" order="96"/>
    <link:loc xlink:label="ns9_lb" xlink:href="utr-units.xsd#non-si_lb" xlink:type="locator"/>
    <link:presentationArc xlink:arcrole="http://www.xbrl.org/2003/arcrole/parent-child" xlink:type="arc" xlink:from="ns9_UtrUnitsDomain" xlink:to="ns9_lb" order="17"/>
    <link:loc xlink:label="ns9_N" xlink:href="utr-units.xsd#si_N" xlink:type="locator"/>
    <link:presentationArc xlink:arcrole="http://www.xbrl.org/2003/arcrole/parent-child" xlink:type="arc" xlink:from="ns9_UtrUnitsDomain" xlink:to="ns9_N" order="97"/>
    <link:loc xlink:label="ns9_oz" xlink:href="utr-units.xsd#non-si_oz" xlink:type="locator"/>
    <link:presentationArc xlink:arcrole="http://www.xbrl.org/2003/arcrole/parent-child" xlink:type="arc" xlink:from="ns9_UtrUnitsDomain" xlink:to="ns9_oz" order="18"/>
    <link:loc xlink:label="ns9_var" xlink:href="utr-units.xsd#non-si_var" xlink:type="locator"/>
    <link:presentationArc xlink:arcrole="http://www.xbrl.org/2003/arcrole/parent-child" xlink:type="arc" xlink:from="ns9_UtrUnitsDomain" xlink:to="ns9_var" order="98"/>
    <link:loc xlink:label="ns9_ozt" xlink:href="utr-units.xsd#non-si_ozt" xlink:type="locator"/>
    <link:presentationArc xlink:arcrole="http://www.xbrl.org/2003/arcrole/parent-child" xlink:type="arc" xlink:from="ns9_UtrUnitsDomain" xlink:to="ns9_ozt" order="19"/>
    <link:loc xlink:label="ns9_VA" xlink:href="utr-units.xsd#si_VA" xlink:type="locator"/>
    <link:presentationArc xlink:arcrole="http://www.xbrl.org/2003/arcrole/parent-child" xlink:type="arc" xlink:from="ns9_UtrUnitsDomain" xlink:to="ns9_VA" order="99"/>
    <link:loc xlink:label="ns9_T" xlink:href="utr-units.xsd#non-si_T" xlink:type="locator"/>
    <link:presentationArc xlink:arcrole="http://www.xbrl.org/2003/arcrole/parent-child" xlink:type="arc" xlink:from="ns9_UtrUnitsDomain" xlink:to="ns9_T" order="20"/>
    <link:loc xlink:label="ns9_Wh" xlink:href="utr-units.xsd#non-si_Wh" xlink:type="locator"/>
    <link:presentationArc xlink:arcrole="http://www.xbrl.org/2003/arcrole/parent-child" xlink:type="arc" xlink:from="ns9_UtrUnitsDomain" xlink:to="ns9_Wh" order="100"/>
    <link:loc xlink:label="ns9_hp" xlink:href="utr-units.xsd#non-si_hp" xlink:type="locator"/>
    <link:presentationArc xlink:arcrole="http://www.xbrl.org/2003/arcrole/parent-child" xlink:type="arc" xlink:from="ns9_UtrUnitsDomain" xlink:to="ns9_hp" order="21"/>
    <link:loc xlink:label="ns9_VAh" xlink:href="utr-units.xsd#non-si_VAh" xlink:type="locator"/>
    <link:presentationArc xlink:arcrole="http://www.xbrl.org/2003/arcrole/parent-child" xlink:type="arc" xlink:from="ns9_UtrUnitsDomain" xlink:to="ns9_VAh" order="101"/>
    <link:loc xlink:label="ns9_bbl" xlink:href="utr-units.xsd#non-si_bbl" xlink:type="locator"/>
    <link:presentationArc xlink:arcrole="http://www.xbrl.org/2003/arcrole/parent-child" xlink:type="arc" xlink:from="ns9_UtrUnitsDomain" xlink:to="ns9_bbl" order="22"/>
    <link:loc xlink:label="ns9_Ah" xlink:href="utr-units.xsd#non-si_Ah" xlink:type="locator"/>
    <link:presentationArc xlink:arcrole="http://www.xbrl.org/2003/arcrole/parent-child" xlink:type="arc" xlink:from="ns9_UtrUnitsDomain" xlink:to="ns9_Ah" order="102"/>
    <link:loc xlink:label="ns9_ft3" xlink:href="utr-units.xsd#non-si_ft3" xlink:type="locator"/>
    <link:presentationArc xlink:arcrole="http://www.xbrl.org/2003/arcrole/parent-child" xlink:type="arc" xlink:from="ns9_UtrUnitsDomain" xlink:to="ns9_ft3" order="23"/>
    <link:loc xlink:label="ns9_C" xlink:href="utr-units.xsd#si_C" xlink:type="locator"/>
    <link:presentationArc xlink:arcrole="http://www.xbrl.org/2003/arcrole/parent-child" xlink:type="arc" xlink:from="ns9_UtrUnitsDomain" xlink:to="ns9_C" order="103"/>
    <link:loc xlink:label="ns9_gal" xlink:href="utr-units.xsd#non-si_gal" xlink:type="locator"/>
    <link:presentationArc xlink:arcrole="http://www.xbrl.org/2003/arcrole/parent-child" xlink:type="arc" xlink:from="ns9_UtrUnitsDomain" xlink:to="ns9_gal" order="24"/>
    <link:loc xlink:label="ns9_Degree" xlink:href="utr-units.xsd#non-si_Degree" xlink:type="locator"/>
    <link:presentationArc xlink:arcrole="http://www.xbrl.org/2003/arcrole/parent-child" xlink:type="arc" xlink:from="ns9_UtrUnitsDomain" xlink:to="ns9_Degree" order="104"/>
    <link:loc xlink:label="ns9_MBbls" xlink:href="utr-units.xsd#non-si_MBbls" xlink:type="locator"/>
    <link:presentationArc xlink:arcrole="http://www.xbrl.org/2003/arcrole/parent-child" xlink:type="arc" xlink:from="ns9_UtrUnitsDomain" xlink:to="ns9_MBbls" order="25"/>
    <link:loc xlink:label="ns9_rad" xlink:href="utr-units.xsd#si_rad" xlink:type="locator"/>
    <link:presentationArc xlink:arcrole="http://www.xbrl.org/2003/arcrole/parent-child" xlink:type="arc" xlink:from="ns9_UtrUnitsDomain" xlink:to="ns9_rad" order="105"/>
    <link:loc xlink:label="ns9_Mcf" xlink:href="utr-units.xsd#non-si_Mcf" xlink:type="locator"/>
    <link:presentationArc xlink:arcrole="http://www.xbrl.org/2003/arcrole/parent-child" xlink:type="arc" xlink:from="ns9_UtrUnitsDomain" xlink:to="ns9_Mcf" order="26"/>
    <link:loc xlink:label="ns9_dth" xlink:href="utr-units.xsd#non-si_dth" xlink:type="locator"/>
    <link:presentationArc xlink:arcrole="http://www.xbrl.org/2003/arcrole/parent-child" xlink:type="arc" xlink:from="ns9_UtrUnitsDomain" xlink:to="ns9_dth" order="106"/>
    <link:loc xlink:label="ns9_MMBbls" xlink:href="utr-units.xsd#non-si_MMBbls" xlink:type="locator"/>
    <link:presentationArc xlink:arcrole="http://www.xbrl.org/2003/arcrole/parent-child" xlink:type="arc" xlink:from="ns9_UtrUnitsDomain" xlink:to="ns9_MMBbls" order="27"/>
    <link:loc xlink:label="ns9_MWd" xlink:href="utr-units.xsd#non-si_MWd" xlink:type="locator"/>
    <link:presentationArc xlink:arcrole="http://www.xbrl.org/2003/arcrole/parent-child" xlink:type="arc" xlink:from="ns9_UtrUnitsDomain" xlink:to="ns9_MWd" order="107"/>
    <link:loc xlink:label="ns9_MMcf" xlink:href="utr-units.xsd#non-si_MMcf" xlink:type="locator"/>
    <link:presentationArc xlink:arcrole="http://www.xbrl.org/2003/arcrole/parent-child" xlink:type="arc" xlink:from="ns9_UtrUnitsDomain" xlink:to="ns9_MMcf" order="28"/>
    <link:loc xlink:label="ns9_GJ" xlink:href="utr-units.xsd#si_GJ" xlink:type="locator"/>
    <link:presentationArc xlink:arcrole="http://www.xbrl.org/2003/arcrole/parent-child" xlink:type="arc" xlink:from="ns9_UtrUnitsDomain" xlink:to="ns9_GJ" order="108"/>
    <link:loc xlink:label="ns9_Cal" xlink:href="utr-units.xsd#non-si_Cal" xlink:type="locator"/>
    <link:presentationArc xlink:arcrole="http://www.xbrl.org/2003/arcrole/parent-child" xlink:type="arc" xlink:from="ns9_UtrUnitsDomain" xlink:to="ns9_Cal" order="29"/>
    <link:loc xlink:label="ns9_MJ" xlink:href="utr-units.xsd#si_MJ" xlink:type="locator"/>
    <link:presentationArc xlink:arcrole="http://www.xbrl.org/2003/arcrole/parent-child" xlink:type="arc" xlink:from="ns9_UtrUnitsDomain" xlink:to="ns9_MJ" order="109"/>
    <link:loc xlink:label="ns9_t" xlink:href="utr-units.xsd#non-si_t" xlink:type="locator"/>
    <link:presentationArc xlink:arcrole="http://www.xbrl.org/2003/arcrole/parent-child" xlink:type="arc" xlink:from="ns9_UtrUnitsDomain" xlink:to="ns9_t" order="30"/>
    <link:loc xlink:label="ns9_TJ" xlink:href="utr-units.xsd#si_TJ" xlink:type="locator"/>
    <link:presentationArc xlink:arcrole="http://www.xbrl.org/2003/arcrole/parent-child" xlink:type="arc" xlink:from="ns9_UtrUnitsDomain" xlink:to="ns9_TJ" order="110"/>
    <link:loc xlink:label="ns9_B" xlink:href="utr-units.xsd#non-si_B" xlink:type="locator"/>
    <link:presentationArc xlink:arcrole="http://www.xbrl.org/2003/arcrole/parent-child" xlink:type="arc" xlink:from="ns9_UtrUnitsDomain" xlink:to="ns9_B" order="31"/>
    <link:loc xlink:label="ns9_PB" xlink:href="utr-units.xsd#non-si_PB" xlink:type="locator"/>
    <link:presentationArc xlink:arcrole="http://www.xbrl.org/2003/arcrole/parent-child" xlink:type="arc" xlink:from="ns9_UtrUnitsDomain" xlink:to="ns9_PB" order="111"/>
    <link:loc xlink:label="ns9_GB" xlink:href="utr-units.xsd#non-si_GB" xlink:type="locator"/>
    <link:presentationArc xlink:arcrole="http://www.xbrl.org/2003/arcrole/parent-child" xlink:type="arc" xlink:from="ns9_UtrUnitsDomain" xlink:to="ns9_GB" order="32"/>
    <link:loc xlink:label="ns9_Mvar" xlink:href="utr-units.xsd#non-si_Mvar" xlink:type="locator"/>
    <link:presentationArc xlink:arcrole="http://www.xbrl.org/2003/arcrole/parent-child" xlink:type="arc" xlink:from="ns9_UtrUnitsDomain" xlink:to="ns9_Mvar" order="112"/>
    <link:loc xlink:label="ns9_kB" xlink:href="utr-units.xsd#non-si_kB" xlink:type="locator"/>
    <link:presentationArc xlink:arcrole="http://www.xbrl.org/2003/arcrole/parent-child" xlink:type="arc" xlink:from="ns9_UtrUnitsDomain" xlink:to="ns9_kB" order="33"/>
    <link:loc xlink:label="ns9_MVA" xlink:href="utr-units.xsd#si_MVA" xlink:type="locator"/>
    <link:presentationArc xlink:arcrole="http://www.xbrl.org/2003/arcrole/parent-child" xlink:type="arc" xlink:from="ns9_UtrUnitsDomain" xlink:to="ns9_MVA" order="113"/>
    <link:loc xlink:label="ns9_MB" xlink:href="utr-units.xsd#non-si_MB" xlink:type="locator"/>
    <link:presentationArc xlink:arcrole="http://www.xbrl.org/2003/arcrole/parent-child" xlink:type="arc" xlink:from="ns9_UtrUnitsDomain" xlink:to="ns9_MB" order="34"/>
    <link:loc xlink:label="ns9_tCO2e" xlink:href="utr-units.xsd#non-si_tCO2e" xlink:type="locator"/>
    <link:presentationArc xlink:arcrole="http://www.xbrl.org/2003/arcrole/parent-child" xlink:type="arc" xlink:from="ns9_UtrUnitsDomain" xlink:to="ns9_tCO2e" order="114"/>
    <link:loc xlink:label="ns9_TB" xlink:href="utr-units.xsd#non-si_TB" xlink:type="locator"/>
    <link:presentationArc xlink:arcrole="http://www.xbrl.org/2003/arcrole/parent-child" xlink:type="arc" xlink:from="ns9_UtrUnitsDomain" xlink:to="ns9_TB" order="35"/>
    <link:loc xlink:label="ns9_ktCO2e" xlink:href="utr-units.xsd#non-si_ktCO2e" xlink:type="locator"/>
    <link:presentationArc xlink:arcrole="http://www.xbrl.org/2003/arcrole/parent-child" xlink:type="arc" xlink:from="ns9_UtrUnitsDomain" xlink:to="ns9_ktCO2e" order="115"/>
    <link:loc xlink:label="ns9_ha" xlink:href="utr-units.xsd#si_ha" xlink:type="locator"/>
    <link:presentationArc xlink:arcrole="http://www.xbrl.org/2003/arcrole/parent-child" xlink:type="arc" xlink:from="ns9_UtrUnitsDomain" xlink:to="ns9_ha" order="36"/>
    <link:loc xlink:label="ns9_MtCO2e" xlink:href="utr-units.xsd#non-si_MtCO2e" xlink:type="locator"/>
    <link:presentationArc xlink:arcrole="http://www.xbrl.org/2003/arcrole/parent-child" xlink:type="arc" xlink:from="ns9_UtrUnitsDomain" xlink:to="ns9_MtCO2e" order="116"/>
    <link:loc xlink:label="ns9_sqkm" xlink:href="utr-units.xsd#si_sqkm" xlink:type="locator"/>
    <link:presentationArc xlink:arcrole="http://www.xbrl.org/2003/arcrole/parent-child" xlink:type="arc" xlink:from="ns9_UtrUnitsDomain" xlink:to="ns9_sqkm" order="37"/>
    <link:loc xlink:label="ns9_GtCO2e" xlink:href="utr-units.xsd#non-si_GtCO2e" xlink:type="locator"/>
    <link:presentationArc xlink:arcrole="http://www.xbrl.org/2003/arcrole/parent-child" xlink:type="arc" xlink:from="ns9_UtrUnitsDomain" xlink:to="ns9_GtCO2e" order="117"/>
    <link:loc xlink:label="ns9_sqm" xlink:href="utr-units.xsd#si_sqm" xlink:type="locator"/>
    <link:presentationArc xlink:arcrole="http://www.xbrl.org/2003/arcrole/parent-child" xlink:type="arc" xlink:from="ns9_UtrUnitsDomain" xlink:to="ns9_sqm" order="38"/>
    <link:loc xlink:label="ns9_A" xlink:href="utr-units.xsd#si_A" xlink:type="locator"/>
    <link:presentationArc xlink:arcrole="http://www.xbrl.org/2003/arcrole/parent-child" xlink:type="arc" xlink:from="ns9_UtrUnitsDomain" xlink:to="ns9_A" order="39"/>
    <link:loc xlink:label="ns9_J" xlink:href="utr-units.xsd#si_J" xlink:type="locator"/>
    <link:presentationArc xlink:arcrole="http://www.xbrl.org/2003/arcrole/parent-child" xlink:type="arc" xlink:from="ns9_UtrUnitsDomain" xlink:to="ns9_J" order="40"/>
    <link:loc xlink:label="ns9_kJ" xlink:href="utr-units.xsd#si_kJ" xlink:type="locator"/>
    <link:presentationArc xlink:arcrole="http://www.xbrl.org/2003/arcrole/parent-child" xlink:type="arc" xlink:from="ns9_UtrUnitsDomain" xlink:to="ns9_kJ" order="41"/>
    <link:loc xlink:label="ns9_kWh" xlink:href="utr-units.xsd#si_kWh" xlink:type="locator"/>
    <link:presentationArc xlink:arcrole="http://www.xbrl.org/2003/arcrole/parent-child" xlink:type="arc" xlink:from="ns9_UtrUnitsDomain" xlink:to="ns9_kWh" order="42"/>
    <link:loc xlink:label="ns9_mJ" xlink:href="utr-units.xsd#si_mJ" xlink:type="locator"/>
    <link:presentationArc xlink:arcrole="http://www.xbrl.org/2003/arcrole/parent-child" xlink:type="arc" xlink:from="ns9_UtrUnitsDomain" xlink:to="ns9_mJ" order="43"/>
    <link:loc xlink:label="ns9_MWh" xlink:href="utr-units.xsd#si_MWh" xlink:type="locator"/>
    <link:presentationArc xlink:arcrole="http://www.xbrl.org/2003/arcrole/parent-child" xlink:type="arc" xlink:from="ns9_UtrUnitsDomain" xlink:to="ns9_MWh" order="44"/>
    <link:loc xlink:label="ns9_V" xlink:href="utr-units.xsd#si_V" xlink:type="locator"/>
    <link:presentationArc xlink:arcrole="http://www.xbrl.org/2003/arcrole/parent-child" xlink:type="arc" xlink:from="ns9_UtrUnitsDomain" xlink:to="ns9_V" order="45"/>
    <link:loc xlink:label="ns9_Hz" xlink:href="utr-units.xsd#si_Hz" xlink:type="locator"/>
    <link:presentationArc xlink:arcrole="http://www.xbrl.org/2003/arcrole/parent-child" xlink:type="arc" xlink:from="ns9_UtrUnitsDomain" xlink:to="ns9_Hz" order="46"/>
    <link:loc xlink:label="ns9_cm" xlink:href="utr-units.xsd#si_cm" xlink:type="locator"/>
    <link:presentationArc xlink:arcrole="http://www.xbrl.org/2003/arcrole/parent-child" xlink:type="arc" xlink:from="ns9_UtrUnitsDomain" xlink:to="ns9_cm" order="47"/>
    <link:loc xlink:label="ns9_dm" xlink:href="utr-units.xsd#si_dm" xlink:type="locator"/>
    <link:presentationArc xlink:arcrole="http://www.xbrl.org/2003/arcrole/parent-child" xlink:type="arc" xlink:from="ns9_UtrUnitsDomain" xlink:to="ns9_dm" order="48"/>
    <link:loc xlink:label="ns9_km" xlink:href="utr-units.xsd#si_km" xlink:type="locator"/>
    <link:presentationArc xlink:arcrole="http://www.xbrl.org/2003/arcrole/parent-child" xlink:type="arc" xlink:from="ns9_UtrUnitsDomain" xlink:to="ns9_km" order="49"/>
    <link:loc xlink:label="ns9_m" xlink:href="utr-units.xsd#si_m" xlink:type="locator"/>
    <link:presentationArc xlink:arcrole="http://www.xbrl.org/2003/arcrole/parent-child" xlink:type="arc" xlink:from="ns9_UtrUnitsDomain" xlink:to="ns9_m" order="50"/>
    <link:loc xlink:label="ns9_mm" xlink:href="utr-units.xsd#si_mm" xlink:type="locator"/>
    <link:presentationArc xlink:arcrole="http://www.xbrl.org/2003/arcrole/parent-child" xlink:type="arc" xlink:from="ns9_UtrUnitsDomain" xlink:to="ns9_mm" order="51"/>
    <link:loc xlink:label="ns9_g" xlink:href="utr-units.xsd#si_g" xlink:type="locator"/>
    <link:presentationArc xlink:arcrole="http://www.xbrl.org/2003/arcrole/parent-child" xlink:type="arc" xlink:from="ns9_UtrUnitsDomain" xlink:to="ns9_g" order="52"/>
    <link:loc xlink:label="ns9_kg" xlink:href="utr-units.xsd#si_kg" xlink:type="locator"/>
    <link:presentationArc xlink:arcrole="http://www.xbrl.org/2003/arcrole/parent-child" xlink:type="arc" xlink:from="ns9_UtrUnitsDomain" xlink:to="ns9_kg" order="53"/>
    <link:loc xlink:label="ns9_GW" xlink:href="utr-units.xsd#si_GW" xlink:type="locator"/>
    <link:presentationArc xlink:arcrole="http://www.xbrl.org/2003/arcrole/parent-child" xlink:type="arc" xlink:from="ns9_UtrUnitsDomain" xlink:to="ns9_GW" order="54"/>
    <link:loc xlink:label="ns9_kW" xlink:href="utr-units.xsd#si_kW" xlink:type="locator"/>
    <link:presentationArc xlink:arcrole="http://www.xbrl.org/2003/arcrole/parent-child" xlink:type="arc" xlink:from="ns9_UtrUnitsDomain" xlink:to="ns9_kW" order="55"/>
    <link:loc xlink:label="ns9_MW" xlink:href="utr-units.xsd#si_MW" xlink:type="locator"/>
    <link:presentationArc xlink:arcrole="http://www.xbrl.org/2003/arcrole/parent-child" xlink:type="arc" xlink:from="ns9_UtrUnitsDomain" xlink:to="ns9_MW" order="56"/>
    <link:loc xlink:label="ns9_TW" xlink:href="utr-units.xsd#si_TW" xlink:type="locator"/>
    <link:presentationArc xlink:arcrole="http://www.xbrl.org/2003/arcrole/parent-child" xlink:type="arc" xlink:from="ns9_UtrUnitsDomain" xlink:to="ns9_TW" order="57"/>
    <link:loc xlink:label="ns9_W" xlink:href="utr-units.xsd#si_W" xlink:type="locator"/>
    <link:presentationArc xlink:arcrole="http://www.xbrl.org/2003/arcrole/parent-child" xlink:type="arc" xlink:from="ns9_UtrUnitsDomain" xlink:to="ns9_W" order="58"/>
    <link:loc xlink:label="ns9_kV" xlink:href="utr-units.xsd#si_kV" xlink:type="locator"/>
    <link:presentationArc xlink:arcrole="http://www.xbrl.org/2003/arcrole/parent-child" xlink:type="arc" xlink:from="ns9_UtrUnitsDomain" xlink:to="ns9_kV" order="59"/>
    <link:loc xlink:label="ns9_l" xlink:href="utr-units.xsd#si_l" xlink:type="locator"/>
    <link:presentationArc xlink:arcrole="http://www.xbrl.org/2003/arcrole/parent-child" xlink:type="arc" xlink:from="ns9_UtrUnitsDomain" xlink:to="ns9_l" order="60"/>
    <link:loc xlink:label="ns9_m3" xlink:href="utr-units.xsd#si_m3" xlink:type="locator"/>
    <link:presentationArc xlink:arcrole="http://www.xbrl.org/2003/arcrole/parent-child" xlink:type="arc" xlink:from="ns9_UtrUnitsDomain" xlink:to="ns9_m3" order="61"/>
    <link:loc xlink:label="ns9_bu" xlink:href="utr-units.xsd#non-si_bu" xlink:type="locator"/>
    <link:presentationArc xlink:arcrole="http://www.xbrl.org/2003/arcrole/parent-child" xlink:type="arc" xlink:from="ns9_UtrUnitsDomain" xlink:to="ns9_bu" order="62"/>
    <link:loc xlink:label="ns9_aft" xlink:href="utr-units.xsd#non-si_aft" xlink:type="locator"/>
    <link:presentationArc xlink:arcrole="http://www.xbrl.org/2003/arcrole/parent-child" xlink:type="arc" xlink:from="ns9_UtrUnitsDomain" xlink:to="ns9_aft" order="63"/>
    <link:loc xlink:label="ns9_Rate" xlink:href="utr-units.xsd#xbrl_Rate" xlink:type="locator"/>
    <link:presentationArc xlink:arcrole="http://www.xbrl.org/2003/arcrole/parent-child" xlink:type="arc" xlink:from="ns9_UtrUnitsDomain" xlink:to="ns9_Rate" order="64"/>
    <link:loc xlink:label="ns9_Y" xlink:href="utr-units.xsd#non-si_Y" xlink:type="locator"/>
    <link:presentationArc xlink:arcrole="http://www.xbrl.org/2003/arcrole/parent-child" xlink:type="arc" xlink:from="ns9_UtrUnitsDomain" xlink:to="ns9_Y" order="65"/>
    <link:loc xlink:label="ns9_M" xlink:href="utr-units.xsd#non-si_M" xlink:type="locator"/>
    <link:presentationArc xlink:arcrole="http://www.xbrl.org/2003/arcrole/parent-child" xlink:type="arc" xlink:from="ns9_UtrUnitsDomain" xlink:to="ns9_M" order="66"/>
    <link:loc xlink:label="ns9_D" xlink:href="utr-units.xsd#non-si_D" xlink:type="locator"/>
    <link:presentationArc xlink:arcrole="http://www.xbrl.org/2003/arcrole/parent-child" xlink:type="arc" xlink:from="ns9_UtrUnitsDomain" xlink:to="ns9_D" order="67"/>
    <link:loc xlink:label="ns9_H" xlink:href="utr-units.xsd#non-si_H" xlink:type="locator"/>
    <link:presentationArc xlink:arcrole="http://www.xbrl.org/2003/arcrole/parent-child" xlink:type="arc" xlink:from="ns9_UtrUnitsDomain" xlink:to="ns9_H" order="68"/>
    <link:loc xlink:label="ns9_MM" xlink:href="utr-units.xsd#non-si_MM" xlink:type="locator"/>
    <link:presentationArc xlink:arcrole="http://www.xbrl.org/2003/arcrole/parent-child" xlink:type="arc" xlink:from="ns9_UtrUnitsDomain" xlink:to="ns9_MM" order="69"/>
    <link:loc xlink:label="ns9_S" xlink:href="utr-units.xsd#si_S" xlink:type="locator"/>
    <link:presentationArc xlink:arcrole="http://www.xbrl.org/2003/arcrole/parent-child" xlink:type="arc" xlink:from="ns9_UtrUnitsDomain" xlink:to="ns9_S" order="70"/>
    <link:loc xlink:label="ns9_MV" xlink:href="utr-units.xsd#si_MV" xlink:type="locator"/>
    <link:presentationArc xlink:arcrole="http://www.xbrl.org/2003/arcrole/parent-child" xlink:type="arc" xlink:from="ns9_UtrUnitsDomain" xlink:to="ns9_MV" order="71"/>
    <link:loc xlink:label="ns9_GV" xlink:href="utr-units.xsd#si_GV" xlink:type="locator"/>
    <link:presentationArc xlink:arcrole="http://www.xbrl.org/2003/arcrole/parent-child" xlink:type="arc" xlink:from="ns9_UtrUnitsDomain" xlink:to="ns9_GV" order="72"/>
    <link:loc xlink:label="ns9_Bcf" xlink:href="utr-units.xsd#non-si_Bcf" xlink:type="locator"/>
    <link:presentationArc xlink:arcrole="http://www.xbrl.org/2003/arcrole/parent-child" xlink:type="arc" xlink:from="ns9_UtrUnitsDomain" xlink:to="ns9_Bcf" order="73"/>
    <link:loc xlink:label="ns9_Tcf" xlink:href="utr-units.xsd#non-si_Tcf" xlink:type="locator"/>
    <link:presentationArc xlink:arcrole="http://www.xbrl.org/2003/arcrole/parent-child" xlink:type="arc" xlink:from="ns9_UtrUnitsDomain" xlink:to="ns9_Tcf" order="74"/>
  </link:presentationLink>
</link:linkbase>
