<link:linkbase xmlns:link="http://www.xbrl.org/2003/linkbase" xmlns:xlink="http://www.w3.org/1999/xlink" xmlns:xsi="http://www.w3.org/2001/XMLSchema-instance" xmlns:gen="http://xbrl.org/2008/generic" xsi:schemaLocation="http://www.xbrl.org/2003/linkbase http://www.xbrl.org/2003/xbrl-linkbase-2003-12-31.xsd http://xbrl.org/2008/generic http://www.xbrl.org/2008/generic-link.xsd">
  <link:labelLink xlink:role="http://www.xbrl.org/2003/role/link" xlink:type="extended">
    <link:loc xlink:label="ns5_ContactPersonnelEmailAddress" xlink:href="https://xbrl.sec.gov/dei/2023/dei-2023.xsd#dei_ContactPersonnelEmailAddress" xlink:type="locator"/>
    <link:labelArc xlink:arcrole="http://www.xbrl.org/2003/arcrole/concept-label" xlink:type="arc" xlink:from="ns5_ContactPersonnelEmailAddress" xlink:to="lbl_lab_ns5_ContactPersonnelEmailAddress"/>
    <link:label xlink:type="resource" xlink:label="lbl_lab_ns5_ContactPersonnelEmailAddress" xlink:role="http://www.xbrl.org/2003/role/label" xml:lang="en-US">Contact Personnel Email Address</link:label>
    <link:label xlink:type="resource" xlink:label="lbl_lab_ns5_ContactPersonnelEmailAddress" xlink:role="http://www.xbrl.org/2003/role/label" xml:lang="en-US">Contact Personnel Email Address</link:label>
    <link:label xlink:type="resource" xlink:label="lbl_lab_ns5_ContactPersonnelEmailAddress" xlink:role="http://www.xbrl.org/2003/role/label" xml:lang="en-US">Contact Personnel Email Address</link:label>
    <link:label xlink:type="resource" xlink:label="lbl_lab_ns5_ContactPersonnelEmailAddress" xlink:role="http://www.xbrl.org/2003/role/label" xml:lang="en-US">Contact Personnel Email Address</link:label>
    <link:label xlink:type="resource" xlink:label="lbl_lab_ns5_ContactPersonnelEmailAddress" xlink:role="http://www.xbrl.org/2003/role/label" xml:lang="en-US">Contact Personnel Email Address</link:label>
    <link:label xlink:type="resource" xlink:label="lbl_lab_ns5_ContactPersonnelEmailAddress" xlink:role="http://www.xbrl.org/2003/role/label" xml:lang="en-US">Contact Personnel Email Address</link:label>
    <link:label xlink:type="resource" xlink:label="lbl_lab_ns5_ContactPersonnelEmailAddress" xlink:role="http://www.xbrl.org/2003/role/label" xml:lang="en-US">Contact Personnel Email Address</link:label>
    <link:label xlink:type="resource" xlink:label="lbl_lab_ns5_ContactPersonnelEmailAddress" xlink:role="http://www.xbrl.org/2003/role/label" xml:lang="en-US">Contact Personnel Email Address</link:label>
    <link:label xlink:type="resource" xlink:label="lbl_lab_ns5_ContactPersonnelEmailAddress" xlink:role="http://www.xbrl.org/2003/role/label" xml:lang="en-US">Contact Personnel Email Address</link:label>
    <link:label xlink:type="resource" xlink:label="lbl_lab_ns5_ContactPersonnelEmailAddress" xlink:role="http://www.xbrl.org/2003/role/label" xml:lang="en-US">Contact Personnel Email Address</link:label>
    <link:label xlink:type="resource" xlink:label="lbl_lab_ns5_ContactPersonnelEmailAddress" xlink:role="http://www.xbrl.org/2003/role/label" xml:lang="en-US">Contact Personnel Email Address</link:label>
    <link:label xlink:type="resource" xlink:label="lbl_lab_ns5_ContactPersonnelEmailAddress" xlink:role="http://www.xbrl.org/2003/role/label" xml:lang="en-US">Contact Personnel Email Address</link:label>
    <link:label xlink:type="resource" xlink:label="lbl_lab_ns5_ContactPersonnelEmailAddress" xlink:role="http://www.xbrl.org/2003/role/label" xml:lang="en-US">Contact Personnel Email Address</link:label>
    <link:label xlink:type="resource" xlink:label="lbl_lab_ns5_ContactPersonnelEmailAddress" xlink:role="http://www.xbrl.org/2003/role/label" xml:lang="en-US">Contact Personnel Email Address</link:label>
    <link:label xlink:type="resource" xlink:label="lbl_lab_ns5_ContactPersonnelEmailAddress" xlink:role="http://www.xbrl.org/2003/role/label" xml:lang="en-US">Contact Personnel Email Address</link:label>
    <link:label xlink:type="resource" xlink:label="lbl_lab_ns5_ContactPersonnelEmailAddress" xlink:role="http://www.xbrl.org/2003/role/label" xml:lang="en-US">Contact Personnel Email Address</link:label>
    <link:label xlink:type="resource" xlink:label="lbl_lab_ns5_ContactPersonnelEmailAddress" xlink:role="http://www.xbrl.org/2003/role/label" xml:lang="en-US">Contact Personnel Email Address</link:label>
    <link:label xlink:type="resource" xlink:label="lbl_lab_ns5_ContactPersonnelEmailAddress" xlink:role="http://www.xbrl.org/2003/role/label" xml:lang="en-US">Contact Personnel Email Address</link:label>
    <link:label xlink:type="resource" xlink:label="lbl_lab_ns5_ContactPersonnelEmailAddress" xlink:role="http://www.xbrl.org/2003/role/label" xml:lang="en-US">Contact Personnel Email Address</link:label>
    <link:label xlink:type="resource" xlink:label="lbl_lab_ns5_ContactPersonnelEmailAddress" xlink:role="http://www.xbrl.org/2003/role/label" xml:lang="en-US">Contact Personnel Email Address</link:label>
    <link:label xlink:type="resource" xlink:label="lbl_lab_ns5_ContactPersonnelEmailAddress" xlink:role="http://www.xbrl.org/2003/role/label" xml:lang="en-US">Contact Personnel Email Address</link:label>
    <link:label xlink:type="resource" xlink:label="lbl_lab_ns5_ContactPersonnelEmailAddress" xlink:role="http://www.xbrl.org/2003/role/label" xml:lang="en-US">Contact Personnel Email Address</link:label>
    <link:label xlink:type="resource" xlink:label="lbl_lab_ns5_ContactPersonnelEmailAddress" xlink:role="http://www.xbrl.org/2003/role/label" xml:lang="en-US">Contact Personnel Email Address</link:label>
    <link:label xlink:type="resource" xlink:label="lbl_lab_ns5_ContactPersonnelEmailAddress" xlink:role="http://www.xbrl.org/2003/role/label" xml:lang="en-US">Contact Personnel Email Address</link:label>
    <link:label xlink:type="resource" xlink:label="lbl_lab_ns5_ContactPersonnelEmailAddress" xlink:role="http://www.xbrl.org/2003/role/label" xml:lang="en-US">Contact Personnel Email Address</link:label>
    <link:label xlink:type="resource" xlink:label="lbl_lab_ns5_ContactPersonnelEmailAddress" xlink:role="http://www.xbrl.org/2003/role/label" xml:lang="en-US">Contact Personnel Email Address</link:label>
    <link:label xlink:type="resource" xlink:label="lbl_lab_ns5_ContactPersonnelEmailAddress" xlink:role="http://www.xbrl.org/2003/role/label" xml:lang="en-US">Contact Personnel Email Address</link:label>
    <link:label xlink:type="resource" xlink:label="lbl_lab_ns5_ContactPersonnelEmailAddress" xlink:role="http://www.xbrl.org/2003/role/label" xml:lang="en-US">Contact Personnel Email Address</link:label>
    <link:label xlink:type="resource" xlink:label="lbl_lab_ns5_ContactPersonnelEmailAddress" xlink:role="http://www.xbrl.org/2003/role/label" xml:lang="en-US">Contact Personnel Email Address</link:label>
    <link:label xlink:type="resource" xlink:label="lbl_lab_ns5_ContactPersonnelEmailAddress" xlink:role="http://www.xbrl.org/2003/role/label" xml:lang="en-US">Contact Personnel Email Address</link:label>
    <link:label xlink:type="resource" xlink:label="lbl_lab_ns5_ContactPersonnelEmailAddress" xlink:role="http://www.xbrl.org/2003/role/label" xml:lang="en-US">Contact Personnel Email Address</link:label>
    <link:label xlink:type="resource" xlink:label="lbl_lab_ns5_ContactPersonnelEmailAddress" xlink:role="http://www.xbrl.org/2003/role/label" xml:lang="en-US">Contact Personnel Email Address</link:label>
    <link:label xlink:type="resource" xlink:label="lbl_lab_ns5_ContactPersonnelEmailAddress" xlink:role="http://www.xbrl.org/2003/role/label" xml:lang="en-US">Contact Personnel Email Address</link:label>
    <link:label xlink:type="resource" xlink:label="lbl_lab_ns5_ContactPersonnelEmailAddress" xlink:role="http://www.xbrl.org/2003/role/label" xml:lang="en-US">Contact Personnel Email Address</link:label>
    <link:label xlink:type="resource" xlink:label="lbl_lab_ns5_ContactPersonnelEmailAddress" xlink:role="http://www.xbrl.org/2003/role/label" xml:lang="en-US">Contact Personnel Email Address</link:label>
    <link:label xlink:type="resource" xlink:label="lbl_lab_ns5_ContactPersonnelEmailAddress" xlink:role="http://www.xbrl.org/2003/role/label" xml:lang="en-US">Contact Personnel Email Address</link:label>
    <link:label xlink:type="resource" xlink:label="lbl_lab_ns5_ContactPersonnelEmailAddress" xlink:role="http://www.xbrl.org/2003/role/label" xml:lang="en-US">Contact Personnel Email Address</link:label>
    <link:label xlink:type="resource" xlink:label="lbl_lab_ns5_ContactPersonnelEmailAddress" xlink:role="http://www.xbrl.org/2003/role/label" xml:lang="en-US">Contact Personnel Email Address</link:label>
    <link:label xlink:type="resource" xlink:label="lbl_lab_ns5_ContactPersonnelEmailAddress" xlink:role="http://www.xbrl.org/2003/role/label" xml:lang="en-US">Contact Personnel Email Address</link:label>
    <link:label xlink:type="resource" xlink:label="lbl_lab_ns5_ContactPersonnelEmailAddress" xlink:role="http://www.xbrl.org/2003/role/label" xml:lang="en-US">Contact Personnel Email Address</link:label>
    <link:label xlink:type="resource" xlink:label="lbl_lab_ns5_ContactPersonnelEmailAddress" xlink:role="http://www.xbrl.org/2003/role/label" xml:lang="en-US">Contact Personnel Email Address</link:label>
    <link:label xlink:type="resource" xlink:label="lbl_lab_ns5_ContactPersonnelEmailAddress" xlink:role="http://www.xbrl.org/2003/role/label" xml:lang="en-US">Contact Personnel Email Address</link:label>
    <link:label xlink:type="resource" xlink:label="lbl_lab_ns5_ContactPersonnelEmailAddress" xlink:role="http://www.xbrl.org/2003/role/label" xml:lang="en-US">Contact Personnel Email Address</link:label>
    <link:label xlink:type="resource" xlink:label="lbl_lab_ns5_ContactPersonnelEmailAddress" xlink:role="http://www.xbrl.org/2003/role/label" xml:lang="en-US">Contact Personnel Email Address</link:label>
    <link:label xlink:type="resource" xlink:label="lbl_lab_ns5_ContactPersonnelEmailAddress" xlink:role="http://www.xbrl.org/2003/role/label" xml:lang="en-US">Contact Personnel Email Address</link:label>
    <link:label xlink:type="resource" xlink:label="lbl_lab_ns5_ContactPersonnelEmailAddress" xlink:role="http://www.xbrl.org/2003/role/label" xml:lang="en-US">Contact Personnel Email Address</link:label>
    <link:label xlink:type="resource" xlink:label="lbl_lab_ns5_ContactPersonnelEmailAddress" xlink:role="http://www.xbrl.org/2003/role/label" xml:lang="en-US">Contact Personnel Email Address</link:label>
    <link:label xlink:type="resource" xlink:label="lbl_lab_ns5_ContactPersonnelEmailAddress" xlink:role="http://www.xbrl.org/2003/role/label" xml:lang="en-US">Contact Personnel Email Address</link:label>
    <link:label xlink:type="resource" xlink:label="lbl_lab_ns5_ContactPersonnelEmailAddress" xlink:role="http://www.xbrl.org/2003/role/label" xml:lang="en-US">Contact Personnel Email Address</link:label>
    <link:label xlink:type="resource" xlink:label="lbl_lab_ns5_ContactPersonnelEmailAddress" xlink:role="http://www.xbrl.org/2003/role/label" xml:lang="en-US">Contact Personnel Email Address</link:label>
    <link:label xlink:type="resource" xlink:label="lbl_lab_ns5_ContactPersonnelEmailAddress" xlink:role="http://www.xbrl.org/2003/role/label" xml:lang="en-US">Contact Personnel Email Address</link:label>
    <link:label xlink:type="resource" xlink:label="lbl_lab_ns5_ContactPersonnelEmailAddress" xlink:role="http://www.xbrl.org/2003/role/label" xml:lang="en-US">Contact Personnel Email Address</link:label>
    <link:label xlink:type="resource" xlink:label="lbl_lab_ns5_ContactPersonnelEmailAddress" xlink:role="http://www.xbrl.org/2003/role/label" xml:lang="en-US">Contact Personnel Email Address</link:label>
    <link:label xlink:type="resource" xlink:label="lbl_lab_ns5_ContactPersonnelEmailAddress" xlink:role="http://www.xbrl.org/2003/role/label" xml:lang="en-US">Contact Personnel Email Address</link:label>
    <link:label xlink:type="resource" xlink:label="lbl_lab_ns5_ContactPersonnelEmailAddress" xlink:role="http://www.xbrl.org/2003/role/label" xml:lang="en-US">Contact Personnel Email Address</link:label>
    <link:label xlink:type="resource" xlink:label="lbl_lab_ns5_ContactPersonnelEmailAddress" xlink:role="http://www.xbrl.org/2003/role/label" xml:lang="en-US">Contact Personnel Email Address</link:label>
    <link:label xlink:type="resource" xlink:label="lbl_lab_ns5_ContactPersonnelEmailAddress" xlink:role="http://www.xbrl.org/2003/role/label" xml:lang="en-US">Contact Personnel Email Address</link:label>
    <link:label xlink:type="resource" xlink:label="lbl_lab_ns5_ContactPersonnelEmailAddress" xlink:role="http://www.xbrl.org/2003/role/label" xml:lang="en-US">Contact Personnel Email Address</link:label>
    <link:label xlink:type="resource" xlink:label="lbl_lab_ns5_ContactPersonnelEmailAddress" xlink:role="http://www.xbrl.org/2003/role/label" xml:lang="en-US">Contact Personnel Email Address</link:label>
    <link:label xlink:type="resource" xlink:label="lbl_lab_ns5_ContactPersonnelEmailAddress" xlink:role="http://www.xbrl.org/2003/role/label" xml:lang="en-US">Contact Personnel Email Address</link:label>
    <link:label xlink:type="resource" xlink:label="lbl_lab_ns5_ContactPersonnelEmailAddress" xlink:role="http://www.xbrl.org/2003/role/label" xml:lang="en-US">Contact Personnel Email Address</link:label>
    <link:label xlink:type="resource" xlink:label="lbl_lab_ns5_ContactPersonnelEmailAddress" xlink:role="http://www.xbrl.org/2003/role/label" xml:lang="en-US">Contact Personnel Email Address</link:label>
    <link:label xlink:type="resource" xlink:label="lbl_lab_ns5_ContactPersonnelEmailAddress" xlink:role="http://www.xbrl.org/2003/role/label" xml:lang="en-US">Contact Personnel Email Address</link:label>
    <link:label xlink:type="resource" xlink:label="lbl_lab_ns5_ContactPersonnelEmailAddress" xlink:role="http://www.xbrl.org/2003/role/label" xml:lang="en-US">Contact Personnel Email Address</link:label>
    <link:label xlink:type="resource" xlink:label="lbl_lab_ns5_ContactPersonnelEmailAddress" xlink:role="http://www.xbrl.org/2003/role/label" xml:lang="en-US">Contact Personnel Email Address</link:label>
    <link:label xlink:type="resource" xlink:label="lbl_lab_ns5_ContactPersonnelEmailAddress" xlink:role="http://www.xbrl.org/2003/role/label" xml:lang="en-US">Contact Personnel Email Address</link:label>
    <link:label xlink:type="resource" xlink:label="lbl_lab_ns5_ContactPersonnelEmailAddress" xlink:role="http://www.xbrl.org/2003/role/label" xml:lang="en-US">Contact Personnel Email Address</link:label>
    <link:label xlink:type="resource" xlink:label="lbl_lab_ns5_ContactPersonnelEmailAddress" xlink:role="http://www.xbrl.org/2003/role/label" xml:lang="en-US">Contact Personnel Email Address</link:label>
    <link:label xlink:type="resource" xlink:label="lbl_lab_ns5_ContactPersonnelEmailAddress" xlink:role="http://www.xbrl.org/2003/role/label" xml:lang="en-US">Contact Personnel Email Address</link:label>
    <link:label xlink:type="resource" xlink:label="lbl_lab_ns5_ContactPersonnelEmailAddress" xlink:role="http://www.xbrl.org/2003/role/label" xml:lang="en-US">Contact Personnel Email Address</link:label>
    <link:label xlink:type="resource" xlink:label="lbl_lab_ns5_ContactPersonnelEmailAddress" xlink:role="http://www.xbrl.org/2003/role/label" xml:lang="en-US">Contact Personnel Email Address</link:label>
    <link:label xlink:type="resource" xlink:label="lbl_lab_ns5_ContactPersonnelEmailAddress" xlink:role="http://www.xbrl.org/2003/role/label" xml:lang="en-US">Contact Personnel Email Address</link:label>
    <link:label xlink:type="resource" xlink:label="lbl_lab_ns5_ContactPersonnelEmailAddress" xlink:role="http://www.xbrl.org/2003/role/label" xml:lang="en-US">Contact Personnel Email Address</link:label>
    <link:label xlink:type="resource" xlink:label="lbl_lab_ns5_ContactPersonnelEmailAddress" xlink:role="http://www.xbrl.org/2003/role/label" xml:lang="en-US">Contact Personnel Email Address</link:label>
    <link:label xlink:type="resource" xlink:label="lbl_lab_ns5_ContactPersonnelEmailAddress" xlink:role="http://www.xbrl.org/2003/role/label" xml:lang="en-US">Contact Personnel Email Address</link:label>
    <link:label xlink:type="resource" xlink:label="lbl_lab_ns5_ContactPersonnelEmailAddress" xlink:role="http://www.xbrl.org/2003/role/label" xml:lang="en-US">Contact Personnel Email Address</link:label>
    <link:label xlink:type="resource" xlink:label="lbl_lab_ns5_ContactPersonnelEmailAddress" xlink:role="http://www.xbrl.org/2003/role/label" xml:lang="en-US">Contact Personnel Email Address</link:label>
    <link:label xlink:type="resource" xlink:label="lbl_lab_ns5_ContactPersonnelEmailAddress" xlink:role="http://www.xbrl.org/2003/role/label" xml:lang="en-US">Contact Personnel Email Address</link:label>
    <link:label xlink:type="resource" xlink:label="lbl_lab_ns5_ContactPersonnelEmailAddress" xlink:role="http://www.xbrl.org/2003/role/label" xml:lang="en-US">Contact Personnel Email Address</link:label>
    <link:label xlink:type="resource" xlink:label="lbl_lab_ns5_ContactPersonnelEmailAddress" xlink:role="http://www.xbrl.org/2003/role/label" xml:lang="en-US">Contact Personnel Email Address</link:label>
    <link:label xlink:type="resource" xlink:label="lbl_lab_ns5_ContactPersonnelEmailAddress" xlink:role="http://www.xbrl.org/2003/role/label" xml:lang="en-US">Contact Personnel Email Address</link:label>
    <link:label xlink:type="resource" xlink:label="lbl_lab_ns5_ContactPersonnelEmailAddress" xlink:role="http://www.xbrl.org/2003/role/label" xml:lang="en-US">Contact Personnel Email Address</link:label>
    <link:label xlink:type="resource" xlink:label="lbl_lab_ns5_ContactPersonnelEmailAddress" xlink:role="http://www.xbrl.org/2003/role/label" xml:lang="en-US">Contact Personnel Email Address</link:label>
    <link:label xlink:type="resource" xlink:label="lbl_lab_ns5_ContactPersonnelEmailAddress" xlink:role="http://www.xbrl.org/2003/role/label" xml:lang="en-US">Contact Personnel Email Address</link:label>
    <link:label xlink:type="resource" xlink:label="lbl_lab_ns5_ContactPersonnelEmailAddress" xlink:role="http://www.xbrl.org/2003/role/label" xml:lang="en-US">Contact Personnel Email Address</link:label>
    <link:label xlink:type="resource" xlink:label="lbl_lab_ns5_ContactPersonnelEmailAddress" xlink:role="http://www.xbrl.org/2003/role/label" xml:lang="en-US">Contact Personnel Email Address</link:label>
    <link:label xlink:type="resource" xlink:label="lbl_lab_ns5_ContactPersonnelEmailAddress" xlink:role="http://www.xbrl.org/2003/role/label" xml:lang="en-US">Contact Personnel Email Address</link:label>
    <link:label xlink:type="resource" xlink:label="lbl_lab_ns5_ContactPersonnelEmailAddress" xlink:role="http://www.xbrl.org/2003/role/label" xml:lang="en-US">Contact Personnel Email Address</link:label>
    <link:label xlink:type="resource" xlink:label="lbl_lab_ns5_ContactPersonnelEmailAddress" xlink:role="http://www.xbrl.org/2003/role/label" xml:lang="en-US">Contact Personnel Email Address</link:label>
    <link:label xlink:type="resource" xlink:label="lbl_lab_ns5_ContactPersonnelEmailAddress" xlink:role="http://www.xbrl.org/2003/role/label" xml:lang="en-US">Contact Personnel Email Address</link:label>
    <link:label xlink:type="resource" xlink:label="lbl_lab_ns5_ContactPersonnelEmailAddress" xlink:role="http://www.xbrl.org/2003/role/label" xml:lang="en-US">Contact Personnel Email Address</link:label>
    <link:label xlink:type="resource" xlink:label="lbl_lab_ns5_ContactPersonnelEmailAddress" xlink:role="http://www.xbrl.org/2003/role/label" xml:lang="en-US">Contact Personnel Email Address</link:label>
    <link:label xlink:type="resource" xlink:label="lbl_lab_ns5_ContactPersonnelEmailAddress" xlink:role="http://www.xbrl.org/2003/role/label" xml:lang="en-US">Contact Personnel Email Address</link:label>
    <link:label xlink:type="resource" xlink:label="lbl_lab_ns5_ContactPersonnelEmailAddress" xlink:role="http://www.xbrl.org/2003/role/label" xml:lang="en-US">Contact Personnel Email Address</link:label>
    <link:label xlink:type="resource" xlink:label="lbl_lab_ns5_ContactPersonnelEmailAddress" xlink:role="http://www.xbrl.org/2003/role/label" xml:lang="en-US">Contact Personnel Email Address</link:label>
    <link:label xlink:type="resource" xlink:label="lbl_lab_ns5_ContactPersonnelEmailAddress" xlink:role="http://www.xbrl.org/2003/role/label" xml:lang="en-US">Contact Personnel Email Address</link:label>
    <link:label xlink:type="resource" xlink:label="lbl_lab_ns5_ContactPersonnelEmailAddress" xlink:role="http://www.xbrl.org/2003/role/label" xml:lang="en-US">Contact Personnel Email Address</link:label>
    <link:label xlink:type="resource" xlink:label="lbl_lab_ns5_ContactPersonnelEmailAddress" xlink:role="http://www.xbrl.org/2003/role/label" xml:lang="en-US">Contact Personnel Email Address</link:label>
    <link:label xlink:type="resource" xlink:label="lbl_lab_ns5_ContactPersonnelEmailAddress" xlink:role="http://www.xbrl.org/2003/role/label" xml:lang="en-US">Contact Personnel Email Address</link:label>
    <link:label xlink:type="resource" xlink:label="lbl_lab_ns5_ContactPersonnelEmailAddress" xlink:role="http://www.xbrl.org/2003/role/label" xml:lang="en-US">Contact Personnel Email Address</link:label>
    <link:label xlink:type="resource" xlink:label="lbl_lab_ns5_ContactPersonnelEmailAddress" xlink:role="http://www.xbrl.org/2003/role/label" xml:lang="en-US">Contact Personnel Email Address</link:label>
    <link:label xlink:type="resource" xlink:label="lbl_lab_ns5_ContactPersonnelEmailAddress" xlink:role="http://www.xbrl.org/2003/role/label" xml:lang="en-US">Contact Personnel Email Address</link:label>
    <link:label xlink:type="resource" xlink:label="lbl_lab_ns5_ContactPersonnelEmailAddress" xlink:role="http://www.xbrl.org/2003/role/label" xml:lang="en-US">Contact Personnel Email Address</link:label>
    <link:label xlink:type="resource" xlink:label="lbl_lab_ns5_ContactPersonnelEmailAddress" xlink:role="http://www.xbrl.org/2003/role/label" xml:lang="en-US">Contact Personnel Email Address</link:label>
    <link:label xlink:type="resource" xlink:label="lbl_lab_ns5_ContactPersonnelEmailAddress" xlink:role="http://www.xbrl.org/2003/role/label" xml:lang="en-US">Contact Personnel Email Address</link:label>
    <link:label xlink:type="resource" xlink:label="lbl_lab_ns5_ContactPersonnelEmailAddress" xlink:role="http://www.xbrl.org/2003/role/label" xml:lang="en-US">Contact Personnel Email Address</link:label>
    <link:label xlink:type="resource" xlink:label="lbl_lab_ns5_ContactPersonnelEmailAddress" xlink:role="http://www.xbrl.org/2003/role/label" xml:lang="en-US">Contact Personnel Email Address</link:label>
    <link:label xlink:type="resource" xlink:label="lbl_lab_ns5_ContactPersonnelEmailAddress" xlink:role="http://www.xbrl.org/2003/role/label" xml:lang="en-US">Contact Personnel Email Address</link:label>
    <link:label xlink:type="resource" xlink:label="lbl_lab_ns5_ContactPersonnelEmailAddress" xlink:role="http://www.xbrl.org/2003/role/label" xml:lang="en-US">Contact Personnel Email Address</link:label>
    <link:label xlink:type="resource" xlink:label="lbl_lab_ns5_ContactPersonnelEmailAddress" xlink:role="http://www.xbrl.org/2003/role/label" xml:lang="en-US">Contact Personnel Email Address</link:label>
    <link:label xlink:type="resource" xlink:label="lbl_lab_ns5_ContactPersonnelEmailAddress" xlink:role="http://www.xbrl.org/2003/role/label" xml:lang="en-US">Contact Personnel Email Address</link:label>
    <link:label xlink:type="resource" xlink:label="lbl_lab_ns5_ContactPersonnelEmailAddress" xlink:role="http://www.xbrl.org/2003/role/label" xml:lang="en-US">Contact Personnel Email Address</link:label>
    <link:label xlink:type="resource" xlink:label="lbl_lab_ns5_ContactPersonnelEmailAddress" xlink:role="http://www.xbrl.org/2003/role/label" xml:lang="en-US">Contact Personnel Email Address</link:label>
    <link:label xlink:type="resource" xlink:label="lbl_lab_ns5_ContactPersonnelEmailAddress" xlink:role="http://www.xbrl.org/2003/role/label" xml:lang="en-US">Contact Personnel Email Address</link:label>
    <link:label xlink:type="resource" xlink:label="lbl_lab_ns5_ContactPersonnelEmailAddress" xlink:role="http://www.xbrl.org/2003/role/label" xml:lang="en-US">Contact Personnel Email Address</link:label>
    <link:label xlink:type="resource" xlink:label="lbl_lab_ns5_ContactPersonnelEmailAddress" xlink:role="http://www.xbrl.org/2003/role/label" xml:lang="en-US">Contact Personnel Email Address</link:label>
    <link:label xlink:type="resource" xlink:label="lbl_lab_ns5_ContactPersonnelEmailAddress" xlink:role="http://www.xbrl.org/2003/role/label" xml:lang="en-US">Contact Personnel Email Address</link:label>
    <link:label xlink:type="resource" xlink:label="lbl_lab_ns5_ContactPersonnelEmailAddress" xlink:role="http://www.xbrl.org/2003/role/label" xml:lang="en-US">Contact Personnel Email Address</link:label>
    <link:label xlink:type="resource" xlink:label="lbl_lab_ns5_ContactPersonnelEmailAddress" xlink:role="http://www.xbrl.org/2003/role/label" xml:lang="en-US">Contact Personnel Email Address</link:label>
    <link:label xlink:type="resource" xlink:label="lbl_lab_ns5_ContactPersonnelEmailAddress" xlink:role="http://www.xbrl.org/2003/role/label" xml:lang="en-US">Contact Personnel Email Address</link:label>
    <link:label xlink:type="resource" xlink:label="lbl_lab_ns5_ContactPersonnelEmailAddress" xlink:role="http://www.xbrl.org/2003/role/label" xml:lang="en-US">Contact Personnel Email Address</link:label>
    <link:label xlink:type="resource" xlink:label="lbl_lab_ns5_ContactPersonnelEmailAddress" xlink:role="http://www.xbrl.org/2003/role/label" xml:lang="en-US">Contact Personnel Email Address</link:label>
    <link:label xlink:type="resource" xlink:label="lbl_lab_ns5_ContactPersonnelEmailAddress" xlink:role="http://www.xbrl.org/2003/role/label" xml:lang="en-US">Contact Personnel Email Address</link:label>
    <link:label xlink:type="resource" xlink:label="lbl_lab_ns5_ContactPersonnelEmailAddress" xlink:role="http://www.xbrl.org/2003/role/label" xml:lang="en-US">Contact Personnel Email Address</link:label>
    <link:label xlink:type="resource" xlink:label="lbl_lab_ns5_ContactPersonnelEmailAddress" xlink:role="http://www.xbrl.org/2003/role/label" xml:lang="en-US">Contact Personnel Email Address</link:label>
    <link:label xlink:type="resource" xlink:label="lbl_lab_ns5_ContactPersonnelEmailAddress" xlink:role="http://www.xbrl.org/2003/role/label" xml:lang="en-US">Contact Personnel Email Address</link:label>
    <link:label xlink:type="resource" xlink:label="lbl_lab_ns5_ContactPersonnelEmailAddress" xlink:role="http://www.xbrl.org/2003/role/label" xml:lang="en-US">Contact Personnel Email Address</link:label>
    <link:label xlink:type="resource" xlink:label="lbl_lab_ns5_ContactPersonnelEmailAddress" xlink:role="http://www.xbrl.org/2003/role/label" xml:lang="en-US">Contact Personnel Email Address</link:label>
    <link:label xlink:type="resource" xlink:label="lbl_lab_ns5_ContactPersonnelEmailAddress" xlink:role="http://www.xbrl.org/2003/role/label" xml:lang="en-US">Contact Personnel Email Address</link:label>
    <link:label xlink:type="resource" xlink:label="lbl_lab_ns5_ContactPersonnelEmailAddress" xlink:role="http://www.xbrl.org/2003/role/label" xml:lang="en-US">Contact Personnel Email Address</link:label>
    <link:label xlink:type="resource" xlink:label="lbl_lab_ns5_ContactPersonnelEmailAddress" xlink:role="http://www.xbrl.org/2003/role/label" xml:lang="en-US">Contact Personnel Email Address</link:label>
    <link:label xlink:type="resource" xlink:label="lbl_lab_ns5_ContactPersonnelEmailAddress" xlink:role="http://www.xbrl.org/2003/role/label" xml:lang="en-US">Contact Personnel Email Address</link:label>
    <link:label xlink:type="resource" xlink:label="lbl_lab_ns5_ContactPersonnelEmailAddress" xlink:role="http://www.xbrl.org/2003/role/label" xml:lang="en-US">Contact Personnel Email Address</link:label>
    <link:label xlink:type="resource" xlink:label="lbl_lab_ns5_ContactPersonnelEmailAddress" xlink:role="http://www.xbrl.org/2003/role/label" xml:lang="en-US">Contact Personnel Email Address</link:label>
    <link:label xlink:type="resource" xlink:label="lbl_lab_ns5_ContactPersonnelEmailAddress" xlink:role="http://www.xbrl.org/2003/role/label" xml:lang="en-US">Contact Personnel Email Address</link:label>
    <link:label xlink:type="resource" xlink:label="lbl_lab_ns5_ContactPersonnelEmailAddress" xlink:role="http://www.xbrl.org/2003/role/label" xml:lang="en-US">Contact Personnel Email Address</link:label>
    <link:label xlink:type="resource" xlink:label="lbl_lab_ns5_ContactPersonnelEmailAddress" xlink:role="http://www.xbrl.org/2003/role/label" xml:lang="en-US">Contact Personnel Email Address</link:label>
    <link:label xlink:type="resource" xlink:label="lbl_lab_ns5_ContactPersonnelEmailAddress" xlink:role="http://www.xbrl.org/2003/role/label" xml:lang="en-US">Contact Personnel Email Address</link:label>
    <link:label xlink:type="resource" xlink:label="lbl_lab_ns5_ContactPersonnelEmailAddress" xlink:role="http://www.xbrl.org/2003/role/label" xml:lang="en-US">Contact Personnel Email Address</link:label>
    <link:label xlink:type="resource" xlink:label="lbl_lab_ns5_ContactPersonnelEmailAddress" xlink:role="http://www.xbrl.org/2003/role/label" xml:lang="en-US">Contact Personnel Email Address</link:label>
    <link:label xlink:type="resource" xlink:label="lbl_lab_ns5_ContactPersonnelEmailAddress" xlink:role="http://www.xbrl.org/2003/role/label" xml:lang="en-US">Contact Personnel Email Address</link:label>
    <link:label xlink:type="resource" xlink:label="lbl_lab_ns5_ContactPersonnelEmailAddress" xlink:role="http://www.xbrl.org/2003/role/label" xml:lang="en-US">Contact Personnel Email Address</link:label>
    <link:label xlink:type="resource" xlink:label="lbl_lab_ns5_ContactPersonnelEmailAddress" xlink:role="http://www.xbrl.org/2003/role/label" xml:lang="en-US">Contact Personnel Email Address</link:label>
    <link:label xlink:type="resource" xlink:label="lbl_lab_ns5_ContactPersonnelEmailAddress" xlink:role="http://www.xbrl.org/2003/role/label" xml:lang="en-US">Contact Personnel Email Address</link:label>
    <link:label xlink:type="resource" xlink:label="lbl_lab_ns5_ContactPersonnelEmailAddress" xlink:role="http://www.xbrl.org/2003/role/label" xml:lang="en-US">Contact Personnel Email Address</link:label>
    <link:label xlink:type="resource" xlink:label="lbl_lab_ns5_ContactPersonnelEmailAddress" xlink:role="http://www.xbrl.org/2003/role/label" xml:lang="en-US">Contact Personnel Email Address</link:label>
    <link:label xlink:type="resource" xlink:label="lbl_lab_ns5_ContactPersonnelEmailAddress" xlink:role="http://www.xbrl.org/2003/role/label" xml:lang="en-US">Contact Personnel Email Address</link:label>
    <link:label xlink:type="resource" xlink:label="lbl_lab_ns5_ContactPersonnelEmailAddress" xlink:role="http://www.xbrl.org/2003/role/label" xml:lang="en-US">Contact Personnel Email Address</link:label>
    <link:label xlink:type="resource" xlink:label="lbl_lab_ns5_ContactPersonnelEmailAddress" xlink:role="http://www.xbrl.org/2003/role/label" xml:lang="en-US">Contact Personnel Email Address</link:label>
  </link:labelLink>
</link:linkbase>
