<link:linkbase xmlns:link="http://www.xbrl.org/2003/linkbase" xmlns:xlink="http://www.w3.org/1999/xlink" xmlns:xsi="http://www.w3.org/2001/XMLSchema-instance" xmlns:gen="http://xbrl.org/2008/generic" xsi:schemaLocation="http://www.xbrl.org/2003/linkbase http://www.xbrl.org/2003/xbrl-linkbase-2003-12-31.xsd http://xbrl.org/2008/generic http://www.xbrl.org/2008/generic-link.xsd">
  <link:roleRef roleURI="http://xbrl.sec.gov/dei/role/document/EntityInformation" xlink:href="https://xbrl.sec.gov/dei/2023/dei-2023.xsd#ent" xlink:type="simple"/>
  <link:presentationLink xlink:role="http://xbrl.sec.gov/dei/role/document/EntityInformation" xlink:type="extended">
    <link:loc xlink:label="ns5_DocumentInformationLineItems" xlink:href="https://xbrl.sec.gov/dei/2023/dei-2023.xsd#dei_DocumentInformationLineItems" xlink:type="locator"/>
    <link:loc xlink:label="ns8_Content5" xlink:href="i00204gd-20081231.xsd#i00204gd_Content5" xlink:type="locator"/>
    <link:presentationArc xlink:arcrole="http://www.xbrl.org/2003/arcrole/parent-child" xlink:type="arc" xlink:from="ns5_DocumentInformationLineItems" xlink:to="ns8_Content5" order="19.5"/>
    <link:loc xlink:label="ns8_Content6" xlink:href="i00204gd-20081231.xsd#i00204gd_Content6" xlink:type="locator"/>
    <link:presentationArc xlink:arcrole="http://www.xbrl.org/2003/arcrole/parent-child" xlink:type="arc" xlink:from="ns5_DocumentInformationLineItems" xlink:to="ns8_Content6" order="20.0"/>
    <link:loc xlink:label="ns8_Content7" xlink:href="i00204gd-20081231.xsd#i00204gd_Content7" xlink:type="locator"/>
    <link:presentationArc xlink:arcrole="http://www.xbrl.org/2003/arcrole/parent-child" xlink:type="arc" xlink:from="ns5_DocumentInformationLineItems" xlink:to="ns8_Content7" order="20.5"/>
    <link:loc xlink:label="ns8_Content8" xlink:href="i00204gd-20081231.xsd#i00204gd_Content8" xlink:type="locator"/>
    <link:presentationArc xlink:arcrole="http://www.xbrl.org/2003/arcrole/parent-child" xlink:type="arc" xlink:from="ns5_DocumentInformationLineItems" xlink:to="ns8_Content8" order="21.0"/>
    <link:loc xlink:label="ns7_AccountingProfit" xlink:href="https://xbrl.ifrs.org/taxonomy/2023-03-23/full_ifrs/full_ifrs-cor_2023-03-23.xsd#ifrs-full_AccountingProfit" xlink:type="locator"/>
    <link:presentationArc xlink:arcrole="http://www.xbrl.org/2003/arcrole/parent-child" xlink:type="arc" xlink:from="ns5_DocumentInformationLineItems" xlink:to="ns7_AccountingProfit" order="22.0"/>
    <link:loc xlink:label="ns5_DocumentType" xlink:href="https://xbrl.sec.gov/dei/2023/dei-2023.xsd#dei_DocumentType" xlink:type="locator"/>
    <link:presentationArc xlink:arcrole="http://www.xbrl.org/2003/arcrole/parent-child" xlink:type="arc" xlink:from="ns5_DocumentInformationLineItems" xlink:to="ns5_DocumentType" order="1.0"/>
    <link:loc xlink:label="ns5_EntityEmergingGrowthCompany" xlink:href="https://xbrl.sec.gov/dei/2023/dei-2023.xsd#dei_EntityEmergingGrowthCompany" xlink:type="locator"/>
    <link:presentationArc xlink:arcrole="http://www.xbrl.org/2003/arcrole/parent-child" xlink:type="arc" xlink:from="ns5_DocumentInformationLineItems" xlink:to="ns5_EntityEmergingGrowthCompany" order="1.1"/>
    <link:loc xlink:label="ns5_EntityInvCompanyType" xlink:href="https://xbrl.sec.gov/dei/2023/dei-2023.xsd#dei_EntityInvCompanyType" xlink:type="locator"/>
    <link:presentationArc xlink:arcrole="http://www.xbrl.org/2003/arcrole/parent-child" xlink:type="arc" xlink:from="ns5_DocumentInformationLineItems" xlink:to="ns5_EntityInvCompanyType" order="1.2"/>
    <link:loc xlink:label="ns5_EntityCentralIndexKey" xlink:href="https://xbrl.sec.gov/dei/2023/dei-2023.xsd#dei_EntityCentralIndexKey" xlink:type="locator"/>
    <link:presentationArc xlink:arcrole="http://www.xbrl.org/2003/arcrole/parent-child" xlink:type="arc" xlink:from="ns5_DocumentInformationLineItems" xlink:to="ns5_EntityCentralIndexKey" order="2.0"/>
    <link:loc xlink:label="ns5_EntityRegistrantName" xlink:href="https://xbrl.sec.gov/dei/2023/dei-2023.xsd#dei_EntityRegistrantName" xlink:type="locator"/>
    <link:presentationArc xlink:arcrole="http://www.xbrl.org/2003/arcrole/parent-child" xlink:type="arc" xlink:from="ns5_DocumentInformationLineItems" xlink:to="ns5_EntityRegistrantName" order="3.0"/>
    <link:loc xlink:label="ns5_CurrentFiscalYearEndDate" xlink:href="https://xbrl.sec.gov/dei/2023/dei-2023.xsd#dei_CurrentFiscalYearEndDate" xlink:type="locator"/>
    <link:presentationArc xlink:arcrole="http://www.xbrl.org/2003/arcrole/parent-child" xlink:type="arc" xlink:from="ns5_DocumentInformationLineItems" xlink:to="ns5_CurrentFiscalYearEndDate" order="4.0"/>
    <link:loc xlink:label="ns5_AmendmentFlag" xlink:href="https://xbrl.sec.gov/dei/2023/dei-2023.xsd#dei_AmendmentFlag" xlink:type="locator"/>
    <link:presentationArc xlink:arcrole="http://www.xbrl.org/2003/arcrole/parent-child" xlink:type="arc" xlink:from="ns5_DocumentInformationLineItems" xlink:to="ns5_AmendmentFlag" order="5.0"/>
    <link:loc xlink:label="ns5_AmendmentDescription" xlink:href="https://xbrl.sec.gov/dei/2023/dei-2023.xsd#dei_AmendmentDescription" xlink:type="locator"/>
    <link:presentationArc xlink:arcrole="http://www.xbrl.org/2003/arcrole/parent-child" xlink:type="arc" xlink:from="ns5_DocumentInformationLineItems" xlink:to="ns5_AmendmentDescription" order="6.0"/>
    <link:loc xlink:label="ns5_DocumentPeriodStartDate" xlink:href="https://xbrl.sec.gov/dei/2023/dei-2023.xsd#dei_DocumentPeriodStartDate" xlink:type="locator"/>
    <link:presentationArc xlink:arcrole="http://www.xbrl.org/2003/arcrole/parent-child" xlink:type="arc" xlink:from="ns5_DocumentInformationLineItems" xlink:to="ns5_DocumentPeriodStartDate" order="6.5"/>
    <link:loc xlink:label="ns5_DocumentPeriodEndDate" xlink:href="https://xbrl.sec.gov/dei/2023/dei-2023.xsd#dei_DocumentPeriodEndDate" xlink:type="locator"/>
    <link:presentationArc xlink:arcrole="http://www.xbrl.org/2003/arcrole/parent-child" xlink:type="arc" xlink:from="ns5_DocumentInformationLineItems" xlink:to="ns5_DocumentPeriodEndDate" order="7.0"/>
    <link:loc xlink:label="ns5_DocumentDescription" xlink:href="https://xbrl.sec.gov/dei/2023/dei-2023.xsd#dei_DocumentDescription" xlink:type="locator"/>
    <link:presentationArc xlink:arcrole="http://www.xbrl.org/2003/arcrole/parent-child" xlink:type="arc" xlink:from="ns5_DocumentInformationLineItems" xlink:to="ns5_DocumentDescription" order="8.0"/>
    <link:loc xlink:label="ns5_DocumentCreationDate" xlink:href="https://xbrl.sec.gov/dei/2023/dei-2023.xsd#dei_DocumentCreationDate" xlink:type="locator"/>
    <link:presentationArc xlink:arcrole="http://www.xbrl.org/2003/arcrole/parent-child" xlink:type="arc" xlink:from="ns5_DocumentInformationLineItems" xlink:to="ns5_DocumentCreationDate" order="8.5"/>
    <link:loc xlink:label="ns5_EntityNumberOfEmployees" xlink:href="https://xbrl.sec.gov/dei/2023/dei-2023.xsd#dei_EntityNumberOfEmployees" xlink:type="locator"/>
    <link:presentationArc xlink:arcrole="http://www.xbrl.org/2003/arcrole/parent-child" xlink:type="arc" xlink:from="ns5_DocumentInformationLineItems" xlink:to="ns5_EntityNumberOfEmployees" order="12.0"/>
    <link:loc xlink:label="ns5_DocumentFiscalPeriodFocus" xlink:href="https://xbrl.sec.gov/dei/2023/dei-2023.xsd#dei_DocumentFiscalPeriodFocus" xlink:type="locator"/>
    <link:presentationArc xlink:arcrole="http://www.xbrl.org/2003/arcrole/parent-child" xlink:type="arc" xlink:from="ns5_DocumentInformationLineItems" xlink:to="ns5_DocumentFiscalPeriodFocus" order="11.0"/>
    <link:loc xlink:label="ns5_DocumentEffectiveDate" xlink:href="https://xbrl.sec.gov/dei/2023/dei-2023.xsd#dei_DocumentEffectiveDate" xlink:type="locator"/>
    <link:presentationArc xlink:arcrole="http://www.xbrl.org/2003/arcrole/parent-child" xlink:type="arc" xlink:from="ns5_DocumentInformationLineItems" xlink:to="ns5_DocumentEffectiveDate" order="9.0"/>
    <link:loc xlink:label="ns5_DocumentFiscalYearFocus" xlink:href="https://xbrl.sec.gov/dei/2023/dei-2023.xsd#dei_DocumentFiscalYearFocus" xlink:type="locator"/>
    <link:presentationArc xlink:arcrole="http://www.xbrl.org/2003/arcrole/parent-child" xlink:type="arc" xlink:from="ns5_DocumentInformationLineItems" xlink:to="ns5_DocumentFiscalYearFocus" order="10.0"/>
    <link:loc xlink:label="ns5_EntityWellKnownSeasonedIssuer" xlink:href="https://xbrl.sec.gov/dei/2023/dei-2023.xsd#dei_EntityWellKnownSeasonedIssuer" xlink:type="locator"/>
    <link:presentationArc xlink:arcrole="http://www.xbrl.org/2003/arcrole/parent-child" xlink:type="arc" xlink:from="ns5_DocumentInformationLineItems" xlink:to="ns5_EntityWellKnownSeasonedIssuer" order="13.0"/>
    <link:loc xlink:label="ns5_EntityVoluntaryFilers" xlink:href="https://xbrl.sec.gov/dei/2023/dei-2023.xsd#dei_EntityVoluntaryFilers" xlink:type="locator"/>
    <link:presentationArc xlink:arcrole="http://www.xbrl.org/2003/arcrole/parent-child" xlink:type="arc" xlink:from="ns5_DocumentInformationLineItems" xlink:to="ns5_EntityVoluntaryFilers" order="14.0"/>
    <link:loc xlink:label="ns5_EntityCurrentReportingStatus" xlink:href="https://xbrl.sec.gov/dei/2023/dei-2023.xsd#dei_EntityCurrentReportingStatus" xlink:type="locator"/>
    <link:presentationArc xlink:arcrole="http://www.xbrl.org/2003/arcrole/parent-child" xlink:type="arc" xlink:from="ns5_DocumentInformationLineItems" xlink:to="ns5_EntityCurrentReportingStatus" order="15.0"/>
    <link:loc xlink:label="ns5_EntityFilerCategory" xlink:href="https://xbrl.sec.gov/dei/2023/dei-2023.xsd#dei_EntityFilerCategory" xlink:type="locator"/>
    <link:presentationArc xlink:arcrole="http://www.xbrl.org/2003/arcrole/parent-child" xlink:type="arc" xlink:from="ns5_DocumentInformationLineItems" xlink:to="ns5_EntityFilerCategory" order="16.0"/>
    <link:loc xlink:label="ns5_EntityPublicFloat" xlink:href="https://xbrl.sec.gov/dei/2023/dei-2023.xsd#dei_EntityPublicFloat" xlink:type="locator"/>
    <link:presentationArc xlink:arcrole="http://www.xbrl.org/2003/arcrole/parent-child" xlink:type="arc" xlink:from="ns5_DocumentInformationLineItems" xlink:to="ns5_EntityPublicFloat" order="17.0"/>
    <link:loc xlink:label="ns5_EntityIncorporationDateOfIncorporation" xlink:href="https://xbrl.sec.gov/dei/2023/dei-2023.xsd#dei_EntityIncorporationDateOfIncorporation" xlink:type="locator"/>
    <link:presentationArc xlink:arcrole="http://www.xbrl.org/2003/arcrole/parent-child" xlink:type="arc" xlink:from="ns5_DocumentInformationLineItems" xlink:to="ns5_EntityIncorporationDateOfIncorporation" order="17.5"/>
    <link:loc xlink:label="ns5_EntityCommonStockSharesOutstanding" xlink:href="https://xbrl.sec.gov/dei/2023/dei-2023.xsd#dei_EntityCommonStockSharesOutstanding" xlink:type="locator"/>
    <link:presentationArc xlink:arcrole="http://www.xbrl.org/2003/arcrole/parent-child" xlink:type="arc" xlink:from="ns5_DocumentInformationLineItems" xlink:to="ns5_EntityCommonStockSharesOutstanding" order="18.0"/>
    <link:loc xlink:label="ns8_Content1" xlink:href="i00204gd-20081231.xsd#i00204gd_Content1" xlink:type="locator"/>
    <link:presentationArc xlink:arcrole="http://www.xbrl.org/2003/arcrole/parent-child" xlink:type="arc" xlink:from="ns5_DocumentInformationLineItems" xlink:to="ns8_Content1" order="18.2"/>
    <link:loc xlink:label="ns8_Content2" xlink:href="i00204gd-20081231.xsd#i00204gd_Content2" xlink:type="locator"/>
    <link:presentationArc xlink:arcrole="http://www.xbrl.org/2003/arcrole/parent-child" xlink:type="arc" xlink:from="ns5_DocumentInformationLineItems" xlink:to="ns8_Content2" order="18.3"/>
    <link:loc xlink:label="ns8_Content3" xlink:href="i00204gd-20081231.xsd#i00204gd_Content3" xlink:type="locator"/>
    <link:presentationArc xlink:arcrole="http://www.xbrl.org/2003/arcrole/parent-child" xlink:type="arc" xlink:from="ns5_DocumentInformationLineItems" xlink:to="ns8_Content3" order="18.5"/>
    <link:loc xlink:label="ns8_Content4" xlink:href="i00204gd-20081231.xsd#i00204gd_Content4" xlink:type="locator"/>
    <link:presentationArc xlink:arcrole="http://www.xbrl.org/2003/arcrole/parent-child" xlink:type="arc" xlink:from="ns5_DocumentInformationLineItems" xlink:to="ns8_Content4" order="19.0"/>
  </link:presentationLink>
</link:linkbase>
