<link:linkbase xmlns:link="http://www.xbrl.org/2003/linkbase" xmlns:xlink="http://www.w3.org/1999/xlink" xmlns:xsi="http://www.w3.org/2001/XMLSchema-instance" xmlns:gen="http://xbrl.org/2008/generic" xsi:schemaLocation="http://www.xbrl.org/2003/linkbase http://www.xbrl.org/2003/xbrl-linkbase-2003-12-31.xsd http://xbrl.org/2008/generic http://www.xbrl.org/2008/generic-link.xsd">
  <link:roleRef roleURI="http://xbrl.us/metaModel/role" xlink:href="us-gaap-metaModel-2023.xsd#role" xlink:type="simple"/>
  <link:arcroleRef arcroleURI="http://www.xbrl.org/2023/arcrole/instant-accrual" xlink:href="https://www.xbrl.org/lrr/arcrole/accounting-arcrole-2023-01-04.xsd#instant-accrual" xlink:type="simple"/>
  <link:definitionLink xlink:role="http://xbrl.us/metaModel/role" xlink:type="extended">
    <link:loc xlink:label="ns12_AdvanceRoyalties" xlink:href="https://xbrl.fasb.org/us-gaap/2023/elts/us-gaap-2023.xsd#us-gaap_AdvanceRoyalties" xlink:type="locator"/>
    <link:loc xlink:label="ns12_AmortizationOfAdvanceRoyalty" xlink:href="https://xbrl.fasb.org/us-gaap/2023/elts/us-gaap-2023.xsd#us-gaap_AmortizationOfAdvanceRoyalty" xlink:type="locator"/>
    <link:definitionArc xlink:arcrole="http://www.xbrl.org/2023/arcrole/instant-accrual" xlink:type="arc" xlink:from="ns12_AdvanceRoyalties" xlink:to="ns12_AmortizationOfAdvanceRoyalty" order="1"/>
    <link:loc xlink:label="ns12_AdditionalPaidInCapital" xlink:href="https://xbrl.fasb.org/us-gaap/2023/elts/us-gaap-2023.xsd#us-gaap_AdditionalPaidInCapital" xlink:type="locator"/>
    <link:loc xlink:label="ns12_StockOptionPlanExpense" xlink:href="https://xbrl.fasb.org/us-gaap/2023/elts/us-gaap-2023.xsd#us-gaap_StockOptionPlanExpense" xlink:type="locator"/>
    <link:definitionArc xlink:arcrole="http://www.xbrl.org/2023/arcrole/instant-accrual" xlink:type="arc" xlink:from="ns12_AdditionalPaidInCapital" xlink:to="ns12_StockOptionPlanExpense" order="3"/>
    <link:loc xlink:label="ns12_InventoryLIFOReserve" xlink:href="https://xbrl.fasb.org/us-gaap/2023/elts/us-gaap-2023.xsd#us-gaap_InventoryLIFOReserve" xlink:type="locator"/>
    <link:loc xlink:label="ns12_InventoryLIFOReserveEffectOnIncomeNet" xlink:href="https://xbrl.fasb.org/us-gaap/2023/elts/us-gaap-2023.xsd#us-gaap_InventoryLIFOReserveEffectOnIncomeNet" xlink:type="locator"/>
    <link:definitionArc xlink:arcrole="http://www.xbrl.org/2023/arcrole/instant-accrual" xlink:type="arc" xlink:from="ns12_InventoryLIFOReserve" xlink:to="ns12_InventoryLIFOReserveEffectOnIncomeNet" order="1"/>
    <link:loc xlink:label="ns12_EmployeeBenefitsAndShareBasedCompensationNoncash" xlink:href="https://xbrl.fasb.org/us-gaap/2023/elts/us-gaap-2023.xsd#us-gaap_EmployeeBenefitsAndShareBasedCompensationNoncash" xlink:type="locator"/>
    <link:definitionArc xlink:arcrole="http://www.xbrl.org/2023/arcrole/instant-accrual" xlink:type="arc" xlink:from="ns12_AdditionalPaidInCapital" xlink:to="ns12_EmployeeBenefitsAndShareBasedCompensationNoncash" order="1"/>
    <link:loc xlink:label="ns12_AccumulatedDepreciationDepletionAndAmortizationPropertyPlantAndEquipment" xlink:href="https://xbrl.fasb.org/us-gaap/2023/elts/us-gaap-2023.xsd#us-gaap_AccumulatedDepreciationDepletionAndAmortizationPropertyPlantAndEquipment" xlink:type="locator"/>
    <link:loc xlink:label="ns12_Depletion" xlink:href="https://xbrl.fasb.org/us-gaap/2023/elts/us-gaap-2023.xsd#us-gaap_Depletion" xlink:type="locator"/>
    <link:definitionArc xlink:arcrole="http://www.xbrl.org/2023/arcrole/instant-accrual" xlink:type="arc" xlink:from="ns12_AccumulatedDepreciationDepletionAndAmortizationPropertyPlantAndEquipment" xlink:to="ns12_Depletion" order="3"/>
    <link:loc xlink:label="ns12_GoodwillImpairedAccumulatedImpairmentLoss" xlink:href="https://xbrl.fasb.org/us-gaap/2023/elts/us-gaap-2023.xsd#us-gaap_GoodwillImpairedAccumulatedImpairmentLoss" xlink:type="locator"/>
    <link:loc xlink:label="ns12_GoodwillImpairmentLoss" xlink:href="https://xbrl.fasb.org/us-gaap/2023/elts/us-gaap-2023.xsd#us-gaap_GoodwillImpairmentLoss" xlink:type="locator"/>
    <link:definitionArc xlink:arcrole="http://www.xbrl.org/2023/arcrole/instant-accrual" xlink:type="arc" xlink:from="ns12_GoodwillImpairedAccumulatedImpairmentLoss" xlink:to="ns12_GoodwillImpairmentLoss" order="1"/>
    <link:loc xlink:label="ns12_AcquisitionCosts" xlink:href="https://xbrl.fasb.org/us-gaap/2023/elts/us-gaap-2023.xsd#us-gaap_AcquisitionCosts" xlink:type="locator"/>
    <link:loc xlink:label="ns12_AmortizationOfAcquisitionCosts" xlink:href="https://xbrl.fasb.org/us-gaap/2023/elts/us-gaap-2023.xsd#us-gaap_AmortizationOfAcquisitionCosts" xlink:type="locator"/>
    <link:definitionArc xlink:arcrole="http://www.xbrl.org/2023/arcrole/instant-accrual" xlink:type="arc" xlink:from="ns12_AcquisitionCosts" xlink:to="ns12_AmortizationOfAcquisitionCosts" order="1"/>
    <link:loc xlink:label="ns12_AccrualForEnvironmentalLossContingencies" xlink:href="https://xbrl.fasb.org/us-gaap/2023/elts/us-gaap-2023.xsd#us-gaap_AccrualForEnvironmentalLossContingencies" xlink:type="locator"/>
    <link:loc xlink:label="ns12_AccrualForEnvironmentalLossContingenciesForeignCurrencyTranslationGainLoss" xlink:href="https://xbrl.fasb.org/us-gaap/2023/elts/us-gaap-2023.xsd#us-gaap_AccrualForEnvironmentalLossContingenciesForeignCurrencyTranslationGainLoss" xlink:type="locator"/>
    <link:definitionArc xlink:arcrole="http://www.xbrl.org/2023/arcrole/instant-accrual" xlink:type="arc" xlink:from="ns12_AccrualForEnvironmentalLossContingencies" xlink:to="ns12_AccrualForEnvironmentalLossContingenciesForeignCurrencyTranslationGainLoss" order="3"/>
    <link:loc xlink:label="ns12_FiniteLivedIntangibleAssetsAccumulatedAmortization" xlink:href="https://xbrl.fasb.org/us-gaap/2023/elts/us-gaap-2023.xsd#us-gaap_FiniteLivedIntangibleAssetsAccumulatedAmortization" xlink:type="locator"/>
    <link:loc xlink:label="ns12_AmortizationOfIntangibleAssets" xlink:href="https://xbrl.fasb.org/us-gaap/2023/elts/us-gaap-2023.xsd#us-gaap_AmortizationOfIntangibleAssets" xlink:type="locator"/>
    <link:definitionArc xlink:arcrole="http://www.xbrl.org/2023/arcrole/instant-accrual" xlink:type="arc" xlink:from="ns12_FiniteLivedIntangibleAssetsAccumulatedAmortization" xlink:to="ns12_AmortizationOfIntangibleAssets" order="1"/>
    <link:loc xlink:label="ns12_DepreciationDepletionAndAmortization" xlink:href="https://xbrl.fasb.org/us-gaap/2023/elts/us-gaap-2023.xsd#us-gaap_DepreciationDepletionAndAmortization" xlink:type="locator"/>
    <link:definitionArc xlink:arcrole="http://www.xbrl.org/2023/arcrole/instant-accrual" xlink:type="arc" xlink:from="ns12_AccumulatedDepreciationDepletionAndAmortizationPropertyPlantAndEquipment" xlink:to="ns12_DepreciationDepletionAndAmortization" order="1"/>
    <link:loc xlink:label="ns12_WarrantsAndRightsOutstanding" xlink:href="https://xbrl.fasb.org/us-gaap/2023/elts/us-gaap-2023.xsd#us-gaap_WarrantsAndRightsOutstanding" xlink:type="locator"/>
    <link:loc xlink:label="ns12_FairValueAdjustmentOfWarrants" xlink:href="https://xbrl.fasb.org/us-gaap/2023/elts/us-gaap-2023.xsd#us-gaap_FairValueAdjustmentOfWarrants" xlink:type="locator"/>
    <link:definitionArc xlink:arcrole="http://www.xbrl.org/2023/arcrole/instant-accrual" xlink:type="arc" xlink:from="ns12_WarrantsAndRightsOutstanding" xlink:to="ns12_FairValueAdjustmentOfWarrants" order="2"/>
    <link:loc xlink:label="ns12_FinancingReceivableAllowanceForCreditLosses" xlink:href="https://xbrl.fasb.org/us-gaap/2023/elts/us-gaap-2023.xsd#us-gaap_FinancingReceivableAllowanceForCreditLosses" xlink:type="locator"/>
    <link:loc xlink:label="ns12_ProvisionForLoanLossesExpensed" xlink:href="https://xbrl.fasb.org/us-gaap/2023/elts/us-gaap-2023.xsd#us-gaap_ProvisionForLoanLossesExpensed" xlink:type="locator"/>
    <link:definitionArc xlink:arcrole="http://www.xbrl.org/2023/arcrole/instant-accrual" xlink:type="arc" xlink:from="ns12_FinancingReceivableAllowanceForCreditLosses" xlink:to="ns12_ProvisionForLoanLossesExpensed" order="1"/>
    <link:loc xlink:label="ns12_AccumulatedAmortizationOfNoncurrentDeferredFinanceCosts" xlink:href="https://xbrl.fasb.org/us-gaap/2023/elts/us-gaap-2023.xsd#us-gaap_AccumulatedAmortizationOfNoncurrentDeferredFinanceCosts" xlink:type="locator"/>
    <link:loc xlink:label="ns12_AmortizationOfFinancingCostsAndDiscounts" xlink:href="https://xbrl.fasb.org/us-gaap/2023/elts/us-gaap-2023.xsd#us-gaap_AmortizationOfFinancingCostsAndDiscounts" xlink:type="locator"/>
    <link:definitionArc xlink:arcrole="http://www.xbrl.org/2023/arcrole/instant-accrual" xlink:type="arc" xlink:from="ns12_AccumulatedAmortizationOfNoncurrentDeferredFinanceCosts" xlink:to="ns12_AmortizationOfFinancingCostsAndDiscounts" order="1"/>
    <link:loc xlink:label="ns12_FinanceLeaseRightOfUseAssetAccumulatedAmortization" xlink:href="https://xbrl.fasb.org/us-gaap/2023/elts/us-gaap-2023.xsd#us-gaap_FinanceLeaseRightOfUseAssetAccumulatedAmortization" xlink:type="locator"/>
    <link:loc xlink:label="ns12_FinanceLeaseRightOfUseAssetAmortization" xlink:href="https://xbrl.fasb.org/us-gaap/2023/elts/us-gaap-2023.xsd#us-gaap_FinanceLeaseRightOfUseAssetAmortization" xlink:type="locator"/>
    <link:definitionArc xlink:arcrole="http://www.xbrl.org/2023/arcrole/instant-accrual" xlink:type="arc" xlink:from="ns12_FinanceLeaseRightOfUseAssetAccumulatedAmortization" xlink:to="ns12_FinanceLeaseRightOfUseAssetAmortization" order="1"/>
    <link:loc xlink:label="ns12_AccrualForEnvironmentalLossContingenciesChargesToExpenseForNewLosses" xlink:href="https://xbrl.fasb.org/us-gaap/2023/elts/us-gaap-2023.xsd#us-gaap_AccrualForEnvironmentalLossContingenciesChargesToExpenseForNewLosses" xlink:type="locator"/>
    <link:definitionArc xlink:arcrole="http://www.xbrl.org/2023/arcrole/instant-accrual" xlink:type="arc" xlink:from="ns12_AccrualForEnvironmentalLossContingencies" xlink:to="ns12_AccrualForEnvironmentalLossContingenciesChargesToExpenseForNewLosses" order="1"/>
    <link:loc xlink:label="ns12_ServicingAssetAtAmortizedValue" xlink:href="https://xbrl.fasb.org/us-gaap/2023/elts/us-gaap-2023.xsd#us-gaap_ServicingAssetAtAmortizedValue" xlink:type="locator"/>
    <link:loc xlink:label="ns12_AmortizationOfMortgageServicingRightsMSRs" xlink:href="https://xbrl.fasb.org/us-gaap/2023/elts/us-gaap-2023.xsd#us-gaap_AmortizationOfMortgageServicingRightsMSRs" xlink:type="locator"/>
    <link:definitionArc xlink:arcrole="http://www.xbrl.org/2023/arcrole/instant-accrual" xlink:type="arc" xlink:from="ns12_ServicingAssetAtAmortizedValue" xlink:to="ns12_AmortizationOfMortgageServicingRightsMSRs" order="2"/>
    <link:loc xlink:label="ns12_ExtendedProductWarrantyAccrual" xlink:href="https://xbrl.fasb.org/us-gaap/2023/elts/us-gaap-2023.xsd#us-gaap_ExtendedProductWarrantyAccrual" xlink:type="locator"/>
    <link:loc xlink:label="ns12_ExtendedProductWarrantyAccrualForeignCurrencyTranslationGainLoss" xlink:href="https://xbrl.fasb.org/us-gaap/2023/elts/us-gaap-2023.xsd#us-gaap_ExtendedProductWarrantyAccrualForeignCurrencyTranslationGainLoss" xlink:type="locator"/>
    <link:definitionArc xlink:arcrole="http://www.xbrl.org/2023/arcrole/instant-accrual" xlink:type="arc" xlink:from="ns12_ExtendedProductWarrantyAccrual" xlink:to="ns12_ExtendedProductWarrantyAccrualForeignCurrencyTranslationGainLoss" order="1"/>
    <link:loc xlink:label="ns12_InventoryLIFOReservePeriodCharge" xlink:href="https://xbrl.fasb.org/us-gaap/2023/elts/us-gaap-2023.xsd#us-gaap_InventoryLIFOReservePeriodCharge" xlink:type="locator"/>
    <link:definitionArc xlink:arcrole="http://www.xbrl.org/2023/arcrole/instant-accrual" xlink:type="arc" xlink:from="ns12_InventoryLIFOReserve" xlink:to="ns12_InventoryLIFOReservePeriodCharge" order="2"/>
    <link:loc xlink:label="ns12_ProductWarrantyAccrual" xlink:href="https://xbrl.fasb.org/us-gaap/2023/elts/us-gaap-2023.xsd#us-gaap_ProductWarrantyAccrual" xlink:type="locator"/>
    <link:loc xlink:label="ns12_ProductWarrantyExpense" xlink:href="https://xbrl.fasb.org/us-gaap/2023/elts/us-gaap-2023.xsd#us-gaap_ProductWarrantyExpense" xlink:type="locator"/>
    <link:definitionArc xlink:arcrole="http://www.xbrl.org/2023/arcrole/instant-accrual" xlink:type="arc" xlink:from="ns12_ProductWarrantyAccrual" xlink:to="ns12_ProductWarrantyExpense" order="1"/>
    <link:loc xlink:label="ns12_ProvisionForLoanLeaseAndOtherLosses" xlink:href="https://xbrl.fasb.org/us-gaap/2023/elts/us-gaap-2023.xsd#us-gaap_ProvisionForLoanLeaseAndOtherLosses" xlink:type="locator"/>
    <link:definitionArc xlink:arcrole="http://www.xbrl.org/2023/arcrole/instant-accrual" xlink:type="arc" xlink:from="ns12_FinancingReceivableAllowanceForCreditLosses" xlink:to="ns12_ProvisionForLoanLeaseAndOtherLosses" order="2"/>
    <link:loc xlink:label="ns12_EquitySecuritiesFvNiCurrentAndNoncurrent" xlink:href="https://xbrl.fasb.org/us-gaap/2023/elts/us-gaap-2023.xsd#us-gaap_EquitySecuritiesFvNiCurrentAndNoncurrent" xlink:type="locator"/>
    <link:loc xlink:label="ns12_EquitySecuritiesFvNiUnrealizedGainLoss" xlink:href="https://xbrl.fasb.org/us-gaap/2023/elts/us-gaap-2023.xsd#us-gaap_EquitySecuritiesFvNiUnrealizedGainLoss" xlink:type="locator"/>
    <link:definitionArc xlink:arcrole="http://www.xbrl.org/2023/arcrole/instant-accrual" xlink:type="arc" xlink:from="ns12_EquitySecuritiesFvNiCurrentAndNoncurrent" xlink:to="ns12_EquitySecuritiesFvNiUnrealizedGainLoss" order="1"/>
    <link:loc xlink:label="ns12_AllowanceForDoubtfulAccountsReceivable" xlink:href="https://xbrl.fasb.org/us-gaap/2023/elts/us-gaap-2023.xsd#us-gaap_AllowanceForDoubtfulAccountsReceivable" xlink:type="locator"/>
    <link:loc xlink:label="ns12_ProvisionForDoubtfulAccounts" xlink:href="https://xbrl.fasb.org/us-gaap/2023/elts/us-gaap-2023.xsd#us-gaap_ProvisionForDoubtfulAccounts" xlink:type="locator"/>
    <link:definitionArc xlink:arcrole="http://www.xbrl.org/2023/arcrole/instant-accrual" xlink:type="arc" xlink:from="ns12_AllowanceForDoubtfulAccountsReceivable" xlink:to="ns12_ProvisionForDoubtfulAccounts" order="1"/>
    <link:loc xlink:label="ns12_ShareBasedCompensation" xlink:href="https://xbrl.fasb.org/us-gaap/2023/elts/us-gaap-2023.xsd#us-gaap_ShareBasedCompensation" xlink:type="locator"/>
    <link:definitionArc xlink:arcrole="http://www.xbrl.org/2023/arcrole/instant-accrual" xlink:type="arc" xlink:from="ns12_AdditionalPaidInCapital" xlink:to="ns12_ShareBasedCompensation" order="2"/>
    <link:loc xlink:label="ns12_DeferredStormAndPropertyReserveDeficiencyNoncurrent" xlink:href="https://xbrl.fasb.org/us-gaap/2023/elts/us-gaap-2023.xsd#us-gaap_DeferredStormAndPropertyReserveDeficiencyNoncurrent" xlink:type="locator"/>
    <link:loc xlink:label="ns12_StormDamageProvision" xlink:href="https://xbrl.fasb.org/us-gaap/2023/elts/us-gaap-2023.xsd#us-gaap_StormDamageProvision" xlink:type="locator"/>
    <link:definitionArc xlink:arcrole="http://www.xbrl.org/2023/arcrole/instant-accrual" xlink:type="arc" xlink:from="ns12_DeferredStormAndPropertyReserveDeficiencyNoncurrent" xlink:to="ns12_StormDamageProvision" order="1"/>
    <link:loc xlink:label="ns12_OtherDepreciationAndAmortization" xlink:href="https://xbrl.fasb.org/us-gaap/2023/elts/us-gaap-2023.xsd#us-gaap_OtherDepreciationAndAmortization" xlink:type="locator"/>
    <link:definitionArc xlink:arcrole="http://www.xbrl.org/2023/arcrole/instant-accrual" xlink:type="arc" xlink:from="ns12_AccumulatedDepreciationDepletionAndAmortizationPropertyPlantAndEquipment" xlink:to="ns12_OtherDepreciationAndAmortization" order="2"/>
    <link:loc xlink:label="ns12_DeferredSalesInducementsNet" xlink:href="https://xbrl.fasb.org/us-gaap/2023/elts/us-gaap-2023.xsd#us-gaap_DeferredSalesInducementsNet" xlink:type="locator"/>
    <link:loc xlink:label="ns12_DeferredSalesInducementsAmortizationExpense" xlink:href="https://xbrl.fasb.org/us-gaap/2023/elts/us-gaap-2023.xsd#us-gaap_DeferredSalesInducementsAmortizationExpense" xlink:type="locator"/>
    <link:definitionArc xlink:arcrole="http://www.xbrl.org/2023/arcrole/instant-accrual" xlink:type="arc" xlink:from="ns12_DeferredSalesInducementsNet" xlink:to="ns12_DeferredSalesInducementsAmortizationExpense" order="1"/>
    <link:loc xlink:label="ns12_AmortizationOfFinancingCosts" xlink:href="https://xbrl.fasb.org/us-gaap/2023/elts/us-gaap-2023.xsd#us-gaap_AmortizationOfFinancingCosts" xlink:type="locator"/>
    <link:definitionArc xlink:arcrole="http://www.xbrl.org/2023/arcrole/instant-accrual" xlink:type="arc" xlink:from="ns12_AccumulatedAmortizationOfNoncurrentDeferredFinanceCosts" xlink:to="ns12_AmortizationOfFinancingCosts" order="2"/>
    <link:loc xlink:label="ns12_DeferredPolicyAcquisitionCosts" xlink:href="https://xbrl.fasb.org/us-gaap/2023/elts/us-gaap-2023.xsd#us-gaap_DeferredPolicyAcquisitionCosts" xlink:type="locator"/>
    <link:loc xlink:label="ns12_DeferredPolicyAcquisitionCostAmortizationExpense" xlink:href="https://xbrl.fasb.org/us-gaap/2023/elts/us-gaap-2023.xsd#us-gaap_DeferredPolicyAcquisitionCostAmortizationExpense" xlink:type="locator"/>
    <link:definitionArc xlink:arcrole="http://www.xbrl.org/2023/arcrole/instant-accrual" xlink:type="arc" xlink:from="ns12_DeferredPolicyAcquisitionCosts" xlink:to="ns12_DeferredPolicyAcquisitionCostAmortizationExpense" order="1"/>
    <link:loc xlink:label="ns12_DebtInstrumentUnamortizedDiscountPremiumNet" xlink:href="https://xbrl.fasb.org/us-gaap/2023/elts/us-gaap-2023.xsd#us-gaap_DebtInstrumentUnamortizedDiscountPremiumNet" xlink:type="locator"/>
    <link:loc xlink:label="ns12_AmortizationOfDebtDiscountPremium" xlink:href="https://xbrl.fasb.org/us-gaap/2023/elts/us-gaap-2023.xsd#us-gaap_AmortizationOfDebtDiscountPremium" xlink:type="locator"/>
    <link:definitionArc xlink:arcrole="http://www.xbrl.org/2023/arcrole/instant-accrual" xlink:type="arc" xlink:from="ns12_DebtInstrumentUnamortizedDiscountPremiumNet" xlink:to="ns12_AmortizationOfDebtDiscountPremium" order="1"/>
    <link:loc xlink:label="ns12_AccrualForEnvironmentalLossContingenciesIncreaseDecreaseForRevisionInEstimates" xlink:href="https://xbrl.fasb.org/us-gaap/2023/elts/us-gaap-2023.xsd#us-gaap_AccrualForEnvironmentalLossContingenciesIncreaseDecreaseForRevisionInEstimates" xlink:type="locator"/>
    <link:definitionArc xlink:arcrole="http://www.xbrl.org/2023/arcrole/instant-accrual" xlink:type="arc" xlink:from="ns12_AccrualForEnvironmentalLossContingencies" xlink:to="ns12_AccrualForEnvironmentalLossContingenciesIncreaseDecreaseForRevisionInEstimates" order="2"/>
    <link:loc xlink:label="ns12_ContractWithCustomerReceivableAllowanceForCreditLossNoncurrent" xlink:href="https://xbrl.fasb.org/us-gaap/2023/elts/us-gaap-2023.xsd#us-gaap_ContractWithCustomerReceivableAllowanceForCreditLossNoncurrent" xlink:type="locator"/>
    <link:loc xlink:label="ns12_ContractWithCustomerReceivableCreditLossExpenseReversal" xlink:href="https://xbrl.fasb.org/us-gaap/2023/elts/us-gaap-2023.xsd#us-gaap_ContractWithCustomerReceivableCreditLossExpenseReversal" xlink:type="locator"/>
    <link:definitionArc xlink:arcrole="http://www.xbrl.org/2023/arcrole/instant-accrual" xlink:type="arc" xlink:from="ns12_ContractWithCustomerReceivableAllowanceForCreditLossNoncurrent" xlink:to="ns12_ContractWithCustomerReceivableCreditLossExpenseReversal" order="1"/>
    <link:loc xlink:label="ns12_AdjustmentOfWarrantsGrantedForServices" xlink:href="https://xbrl.fasb.org/us-gaap/2023/elts/us-gaap-2023.xsd#us-gaap_AdjustmentOfWarrantsGrantedForServices" xlink:type="locator"/>
    <link:definitionArc xlink:arcrole="http://www.xbrl.org/2023/arcrole/instant-accrual" xlink:type="arc" xlink:from="ns12_WarrantsAndRightsOutstanding" xlink:to="ns12_AdjustmentOfWarrantsGrantedForServices" order="1"/>
    <link:loc xlink:label="ns12_ContractWithCustomerReceivableAllowanceForCreditLossCurrent" xlink:href="https://xbrl.fasb.org/us-gaap/2023/elts/us-gaap-2023.xsd#us-gaap_ContractWithCustomerReceivableAllowanceForCreditLossCurrent" xlink:type="locator"/>
    <link:loc xlink:label="ns12_ContractWithCustomerReceivableCreditLossExpenseReversal_1" xlink:href="https://xbrl.fasb.org/us-gaap/2023/elts/us-gaap-2023.xsd#us-gaap_ContractWithCustomerReceivableCreditLossExpenseReversal" xlink:type="locator"/>
    <link:definitionArc xlink:arcrole="http://www.xbrl.org/2023/arcrole/instant-accrual" xlink:type="arc" xlink:from="ns12_ContractWithCustomerReceivableAllowanceForCreditLossCurrent" xlink:to="ns12_ContractWithCustomerReceivableCreditLossExpenseReversal_1" order="1"/>
    <link:loc xlink:label="ns12_RestrictedStockExpense" xlink:href="https://xbrl.fasb.org/us-gaap/2023/elts/us-gaap-2023.xsd#us-gaap_RestrictedStockExpense" xlink:type="locator"/>
    <link:definitionArc xlink:arcrole="http://www.xbrl.org/2023/arcrole/instant-accrual" xlink:type="arc" xlink:from="ns12_AdditionalPaidInCapital" xlink:to="ns12_RestrictedStockExpense" order="4"/>
    <link:loc xlink:label="ns12_TradingSecuritiesDebt" xlink:href="https://xbrl.fasb.org/us-gaap/2023/elts/us-gaap-2023.xsd#us-gaap_TradingSecuritiesDebt" xlink:type="locator"/>
    <link:loc xlink:label="ns12_DebtSecuritiesTradingUnrealizedGainLoss" xlink:href="https://xbrl.fasb.org/us-gaap/2023/elts/us-gaap-2023.xsd#us-gaap_DebtSecuritiesTradingUnrealizedGainLoss" xlink:type="locator"/>
    <link:definitionArc xlink:arcrole="http://www.xbrl.org/2023/arcrole/instant-accrual" xlink:type="arc" xlink:from="ns12_TradingSecuritiesDebt" xlink:to="ns12_DebtSecuritiesTradingUnrealizedGainLoss" order="1"/>
    <link:loc xlink:label="ns12_PresentValueOfFutureInsuranceProfitsAccumulatedAmortization" xlink:href="https://xbrl.fasb.org/us-gaap/2023/elts/us-gaap-2023.xsd#us-gaap_PresentValueOfFutureInsuranceProfitsAccumulatedAmortization" xlink:type="locator"/>
    <link:loc xlink:label="ns12_AmortizationOfValueOfBusinessAcquiredVOBA" xlink:href="https://xbrl.fasb.org/us-gaap/2023/elts/us-gaap-2023.xsd#us-gaap_AmortizationOfValueOfBusinessAcquiredVOBA" xlink:type="locator"/>
    <link:definitionArc xlink:arcrole="http://www.xbrl.org/2023/arcrole/instant-accrual" xlink:type="arc" xlink:from="ns12_PresentValueOfFutureInsuranceProfitsAccumulatedAmortization" xlink:to="ns12_AmortizationOfValueOfBusinessAcquiredVOBA" order="1"/>
    <link:loc xlink:label="ns12_ContractWithCustomerReceivableAllowanceForCreditLoss" xlink:href="https://xbrl.fasb.org/us-gaap/2023/elts/us-gaap-2023.xsd#us-gaap_ContractWithCustomerReceivableAllowanceForCreditLoss" xlink:type="locator"/>
    <link:loc xlink:label="ns12_ContractWithCustomerReceivableCreditLossExpenseReversal_2" xlink:href="https://xbrl.fasb.org/us-gaap/2023/elts/us-gaap-2023.xsd#us-gaap_ContractWithCustomerReceivableCreditLossExpenseReversal" xlink:type="locator"/>
    <link:definitionArc xlink:arcrole="http://www.xbrl.org/2023/arcrole/instant-accrual" xlink:type="arc" xlink:from="ns12_ContractWithCustomerReceivableAllowanceForCreditLoss" xlink:to="ns12_ContractWithCustomerReceivableCreditLossExpenseReversal_2" order="1"/>
    <link:loc xlink:label="ns12_ServicingAssetAtAmortizedValueAmortization1" xlink:href="https://xbrl.fasb.org/us-gaap/2023/elts/us-gaap-2023.xsd#us-gaap_ServicingAssetAtAmortizedValueAmortization1" xlink:type="locator"/>
    <link:definitionArc xlink:arcrole="http://www.xbrl.org/2023/arcrole/instant-accrual" xlink:type="arc" xlink:from="ns12_ServicingAssetAtAmortizedValue" xlink:to="ns12_ServicingAssetAtAmortizedValueAmortization1" order="1"/>
    <link:loc xlink:label="ns12_CapitalizedCostsAccumulatedDepreciationDepletionAmortizationAndValuationAllowanceForRelatingToOilAndGasProducingActivities" xlink:href="https://xbrl.fasb.org/us-gaap/2023/elts/us-gaap-2023.xsd#us-gaap_CapitalizedCostsAccumulatedDepreciationDepletionAmortizationAndValuationAllowanceForRelatingToOilAndGasProducingActivities" xlink:type="locator"/>
    <link:loc xlink:label="ns12_DepletionOfOilAndGasProperties" xlink:href="https://xbrl.fasb.org/us-gaap/2023/elts/us-gaap-2023.xsd#us-gaap_DepletionOfOilAndGasProperties" xlink:type="locator"/>
    <link:definitionArc xlink:arcrole="http://www.xbrl.org/2023/arcrole/instant-accrual" xlink:type="arc" xlink:from="ns12_CapitalizedCostsAccumulatedDepreciationDepletionAmortizationAndValuationAllowanceForRelatingToOilAndGasProducingActivities" xlink:to="ns12_DepletionOfOilAndGasProperties" order="1"/>
    <link:loc xlink:label="ns12_OperatingLeaseRightOfUseAsset" xlink:href="https://xbrl.fasb.org/us-gaap/2023/elts/us-gaap-2023.xsd#us-gaap_OperatingLeaseRightOfUseAsset" xlink:type="locator"/>
    <link:loc xlink:label="ns12_OperatingLeaseRightOfUseAssetAmortizationExpense" xlink:href="https://xbrl.fasb.org/us-gaap/2023/elts/us-gaap-2023.xsd#us-gaap_OperatingLeaseRightOfUseAssetAmortizationExpense" xlink:type="locator"/>
    <link:definitionArc xlink:arcrole="http://www.xbrl.org/2023/arcrole/instant-accrual" xlink:type="arc" xlink:from="ns12_OperatingLeaseRightOfUseAsset" xlink:to="ns12_OperatingLeaseRightOfUseAssetAmortizationExpense" order="1"/>
    <link:loc xlink:label="ns12_RealEstateOwnedValuationAllowance" xlink:href="https://xbrl.fasb.org/us-gaap/2023/elts/us-gaap-2023.xsd#us-gaap_RealEstateOwnedValuationAllowance" xlink:type="locator"/>
    <link:loc xlink:label="ns12_RealEstateOwnedValuationAllowanceProvision1" xlink:href="https://xbrl.fasb.org/us-gaap/2023/elts/us-gaap-2023.xsd#us-gaap_RealEstateOwnedValuationAllowanceProvision1" xlink:type="locator"/>
    <link:definitionArc xlink:arcrole="http://www.xbrl.org/2023/arcrole/instant-accrual" xlink:type="arc" xlink:from="ns12_RealEstateOwnedValuationAllowance" xlink:to="ns12_RealEstateOwnedValuationAllowanceProvision1" order="1"/>
    <link:loc xlink:label="ns12_AssetRetirementObligation" xlink:href="https://xbrl.fasb.org/us-gaap/2023/elts/us-gaap-2023.xsd#us-gaap_AssetRetirementObligation" xlink:type="locator"/>
    <link:loc xlink:label="ns12_AssetRetirementObligationAccretionExpense" xlink:href="https://xbrl.fasb.org/us-gaap/2023/elts/us-gaap-2023.xsd#us-gaap_AssetRetirementObligationAccretionExpense" xlink:type="locator"/>
    <link:definitionArc xlink:arcrole="http://www.xbrl.org/2023/arcrole/instant-accrual" xlink:type="arc" xlink:from="ns12_AssetRetirementObligation" xlink:to="ns12_AssetRetirementObligationAccretionExpense" order="1"/>
    <link:loc xlink:label="ns12_AvailableForSaleSecuritiesDebtSecurities" xlink:href="https://xbrl.fasb.org/us-gaap/2023/elts/us-gaap-2023.xsd#us-gaap_AvailableForSaleSecuritiesDebtSecurities" xlink:type="locator"/>
    <link:loc xlink:label="ns12_DebtSecuritiesAvailableForSaleUnrealizedGainLoss" xlink:href="https://xbrl.fasb.org/us-gaap/2023/elts/us-gaap-2023.xsd#us-gaap_DebtSecuritiesAvailableForSaleUnrealizedGainLoss" xlink:type="locator"/>
    <link:definitionArc xlink:arcrole="http://www.xbrl.org/2023/arcrole/instant-accrual" xlink:type="arc" xlink:from="ns12_AvailableForSaleSecuritiesDebtSecurities" xlink:to="ns12_DebtSecuritiesAvailableForSaleUnrealizedGainLoss" order="1"/>
    <link:loc xlink:label="ns12_AllowanceForDoubtfulAccountsPremiumsAndOtherReceivables" xlink:href="https://xbrl.fasb.org/us-gaap/2023/elts/us-gaap-2023.xsd#us-gaap_AllowanceForDoubtfulAccountsPremiumsAndOtherReceivables" xlink:type="locator"/>
    <link:loc xlink:label="ns12_ProvisionForDoubtfulAccounts_1" xlink:href="https://xbrl.fasb.org/us-gaap/2023/elts/us-gaap-2023.xsd#us-gaap_ProvisionForDoubtfulAccounts" xlink:type="locator"/>
    <link:definitionArc xlink:arcrole="http://www.xbrl.org/2023/arcrole/instant-accrual" xlink:type="arc" xlink:from="ns12_AllowanceForDoubtfulAccountsPremiumsAndOtherReceivables" xlink:to="ns12_ProvisionForDoubtfulAccounts_1" order="1"/>
    <link:loc xlink:label="ns12_InventoryValuationReserves" xlink:href="https://xbrl.fasb.org/us-gaap/2023/elts/us-gaap-2023.xsd#us-gaap_InventoryValuationReserves" xlink:type="locator"/>
    <link:loc xlink:label="ns12_InventoryWriteDown" xlink:href="https://xbrl.fasb.org/us-gaap/2023/elts/us-gaap-2023.xsd#us-gaap_InventoryWriteDown" xlink:type="locator"/>
    <link:definitionArc xlink:arcrole="http://www.xbrl.org/2023/arcrole/instant-accrual" xlink:type="arc" xlink:from="ns12_InventoryValuationReserves" xlink:to="ns12_InventoryWriteDown" order="1"/>
    <link:loc xlink:label="ns12_CostDepletion" xlink:href="https://xbrl.fasb.org/us-gaap/2023/elts/us-gaap-2023.xsd#us-gaap_CostDepletion" xlink:type="locator"/>
    <link:definitionArc xlink:arcrole="http://www.xbrl.org/2023/arcrole/instant-accrual" xlink:type="arc" xlink:from="ns12_AccumulatedDepreciationDepletionAndAmortizationPropertyPlantAndEquipment" xlink:to="ns12_CostDepletion" order="4"/>
  </link:definitionLink>
</link:linkbase>
