<link:linkbase xmlns:link="http://www.xbrl.org/2003/linkbase" xmlns:xlink="http://www.w3.org/1999/xlink" xmlns:xsi="http://www.w3.org/2001/XMLSchema-instance" xmlns:gen="http://xbrl.org/2008/generic" xsi:schemaLocation="http://www.xbrl.org/2003/linkbase http://www.xbrl.org/2003/xbrl-linkbase-2003-12-31.xsd http://xbrl.org/2008/generic http://www.xbrl.org/2008/generic-link.xsd">
  <link:roleRef roleURI="http://xbrl.us/metaModel/role" xlink:href="us-gaap-metaModel-2023.xsd#role" xlink:type="simple"/>
  <link:arcroleRef arcroleURI="http://xbrl.org/int/dim/arcrole/domain-member" xlink:href="http://www.xbrl.org/2005/xbrldt-2005.xsd#domain-member" xlink:type="simple"/>
  <link:definitionLink xlink:role="http://xbrl.us/metaModel/role" xlink:type="extended">
    <link:loc xlink:label="ns14_LiquidityDomain" xlink:href="us-gaap-metaModel-2023.xsd#us-gaap-metaModel_LiquidityDomain" xlink:type="locator"/>
    <link:loc xlink:label="ns14_CurrentTrait" xlink:href="us-gaap-metaModel-2023.xsd#us-gaap-metaModel_CurrentTrait" xlink:type="locator"/>
    <link:definitionArc xlink:arcrole="http://xbrl.org/int/dim/arcrole/domain-member" xlink:type="arc" xlink:from="ns14_LiquidityDomain" xlink:to="ns14_CurrentTrait" order="1"/>
    <link:loc xlink:label="ns13_SegmentOperatingActivitiesDomain" xlink:href="https://xbrl.fasb.org/us-gaap/2023/elts/us-gaap-2023.xsd#us-gaap_SegmentOperatingActivitiesDomain" xlink:type="locator"/>
    <link:loc xlink:label="ns13_SegmentContinuingOperationsMember" xlink:href="https://xbrl.fasb.org/us-gaap/2023/elts/us-gaap-2023.xsd#us-gaap_SegmentContinuingOperationsMember" xlink:type="locator"/>
    <link:definitionArc xlink:arcrole="http://xbrl.org/int/dim/arcrole/domain-member" xlink:type="arc" xlink:from="ns13_SegmentOperatingActivitiesDomain" xlink:to="ns13_SegmentContinuingOperationsMember" order="1"/>
    <link:loc xlink:label="ns14_CarryingValue" xlink:href="us-gaap-metaModel-2023.xsd#us-gaap-metaModel_CarryingValue" xlink:type="locator"/>
    <link:loc xlink:label="ns14_RecordedAtAmortizedCostMember" xlink:href="us-gaap-metaModel-2023.xsd#us-gaap-metaModel_RecordedAtAmortizedCostMember" xlink:type="locator"/>
    <link:definitionArc xlink:arcrole="http://xbrl.org/int/dim/arcrole/domain-member" xlink:type="arc" xlink:from="ns14_CarryingValue" xlink:to="ns14_RecordedAtAmortizedCostMember" order="2"/>
    <link:loc xlink:label="ns14_ActivityTypeDomain" xlink:href="us-gaap-metaModel-2023.xsd#us-gaap-metaModel_ActivityTypeDomain" xlink:type="locator"/>
    <link:loc xlink:label="ns14_OperatingActivity" xlink:href="us-gaap-metaModel-2023.xsd#us-gaap-metaModel_OperatingActivity" xlink:type="locator"/>
    <link:definitionArc xlink:arcrole="http://xbrl.org/int/dim/arcrole/domain-member" xlink:type="arc" xlink:from="ns14_ActivityTypeDomain" xlink:to="ns14_OperatingActivity" order="3"/>
    <link:loc xlink:label="ns14_RecordedValueDomain" xlink:href="us-gaap-metaModel-2023.xsd#us-gaap-metaModel_RecordedValueDomain" xlink:type="locator"/>
    <link:loc xlink:label="ns14_CarryingValue_1" xlink:href="us-gaap-metaModel-2023.xsd#us-gaap-metaModel_CarryingValue" xlink:type="locator"/>
    <link:definitionArc xlink:arcrole="http://xbrl.org/int/dim/arcrole/domain-member" xlink:type="arc" xlink:from="ns14_RecordedValueDomain" xlink:to="ns14_CarryingValue_1" order="1"/>
    <link:loc xlink:label="ns14_Noncurrent" xlink:href="us-gaap-metaModel-2023.xsd#us-gaap-metaModel_Noncurrent" xlink:type="locator"/>
    <link:definitionArc xlink:arcrole="http://xbrl.org/int/dim/arcrole/domain-member" xlink:type="arc" xlink:from="ns14_LiquidityDomain" xlink:to="ns14_Noncurrent" order="2"/>
    <link:loc xlink:label="ns13_RelatedPartyDomain" xlink:href="https://xbrl.fasb.org/us-gaap/2023/elts/us-gaap-2023.xsd#us-gaap_RelatedPartyDomain" xlink:type="locator"/>
    <link:loc xlink:label="ns13_RelatedPartyMember" xlink:href="https://xbrl.fasb.org/us-gaap/2023/elts/us-gaap-2023.xsd#us-gaap_RelatedPartyMember" xlink:type="locator"/>
    <link:definitionArc xlink:arcrole="http://xbrl.org/int/dim/arcrole/domain-member" xlink:type="arc" xlink:from="ns13_RelatedPartyDomain" xlink:to="ns13_RelatedPartyMember" order="1"/>
    <link:loc xlink:label="ns13_NonrelatedPartyMember" xlink:href="https://xbrl.fasb.org/us-gaap/2023/elts/us-gaap-2023.xsd#us-gaap_NonrelatedPartyMember" xlink:type="locator"/>
    <link:definitionArc xlink:arcrole="http://xbrl.org/int/dim/arcrole/domain-member" xlink:type="arc" xlink:from="ns13_RelatedPartyDomain" xlink:to="ns13_NonrelatedPartyMember" order="2"/>
    <link:loc xlink:label="ns14_RecordedAtAmortizedCostAfterAllowanceForCreditLossMember" xlink:href="us-gaap-metaModel-2023.xsd#us-gaap-metaModel_RecordedAtAmortizedCostAfterAllowanceForCreditLossMember" xlink:type="locator"/>
    <link:definitionArc xlink:arcrole="http://xbrl.org/int/dim/arcrole/domain-member" xlink:type="arc" xlink:from="ns14_CarryingValue" xlink:to="ns14_RecordedAtAmortizedCostAfterAllowanceForCreditLossMember" order="3"/>
    <link:loc xlink:label="ns14_InvestingActivity" xlink:href="us-gaap-metaModel-2023.xsd#us-gaap-metaModel_InvestingActivity" xlink:type="locator"/>
    <link:definitionArc xlink:arcrole="http://xbrl.org/int/dim/arcrole/domain-member" xlink:type="arc" xlink:from="ns14_ActivityTypeDomain" xlink:to="ns14_InvestingActivity" order="1"/>
    <link:loc xlink:label="ns14_RecordedAtLowerOfCarryingValueOrFairValue" xlink:href="us-gaap-metaModel-2023.xsd#us-gaap-metaModel_RecordedAtLowerOfCarryingValueOrFairValue" xlink:type="locator"/>
    <link:definitionArc xlink:arcrole="http://xbrl.org/int/dim/arcrole/domain-member" xlink:type="arc" xlink:from="ns14_RecordedValueDomain" xlink:to="ns14_RecordedAtLowerOfCarryingValueOrFairValue" order="2"/>
    <link:loc xlink:label="ns14_RecordedAtHistoricalCost" xlink:href="us-gaap-metaModel-2023.xsd#us-gaap-metaModel_RecordedAtHistoricalCost" xlink:type="locator"/>
    <link:definitionArc xlink:arcrole="http://xbrl.org/int/dim/arcrole/domain-member" xlink:type="arc" xlink:from="ns14_RecordedValueDomain" xlink:to="ns14_RecordedAtHistoricalCost" order="3"/>
    <link:loc xlink:label="ns14_RecordedAsEstimate" xlink:href="us-gaap-metaModel-2023.xsd#us-gaap-metaModel_RecordedAsEstimate" xlink:type="locator"/>
    <link:definitionArc xlink:arcrole="http://xbrl.org/int/dim/arcrole/domain-member" xlink:type="arc" xlink:from="ns14_RecordedValueDomain" xlink:to="ns14_RecordedAsEstimate" order="4"/>
    <link:loc xlink:label="ns14_ReportedAtFairValue" xlink:href="us-gaap-metaModel-2023.xsd#us-gaap-metaModel_ReportedAtFairValue" xlink:type="locator"/>
    <link:definitionArc xlink:arcrole="http://xbrl.org/int/dim/arcrole/domain-member" xlink:type="arc" xlink:from="ns14_CarryingValue" xlink:to="ns14_ReportedAtFairValue" order="1"/>
    <link:loc xlink:label="ns14_FinancingActivity" xlink:href="us-gaap-metaModel-2023.xsd#us-gaap-metaModel_FinancingActivity" xlink:type="locator"/>
    <link:definitionArc xlink:arcrole="http://xbrl.org/int/dim/arcrole/domain-member" xlink:type="arc" xlink:from="ns14_ActivityTypeDomain" xlink:to="ns14_FinancingActivity" order="2"/>
    <link:loc xlink:label="ns13_SegmentDiscontinuedOperationsMember" xlink:href="https://xbrl.fasb.org/us-gaap/2023/elts/us-gaap-2023.xsd#us-gaap_SegmentDiscontinuedOperationsMember" xlink:type="locator"/>
    <link:definitionArc xlink:arcrole="http://xbrl.org/int/dim/arcrole/domain-member" xlink:type="arc" xlink:from="ns13_SegmentOperatingActivitiesDomain" xlink:to="ns13_SegmentDiscontinuedOperationsMember" order="2"/>
  </link:definitionLink>
</link:linkbase>
