<link:linkbase xmlns:link="http://www.xbrl.org/2003/linkbase" xmlns:xlink="http://www.w3.org/1999/xlink" xmlns:xsi="http://www.w3.org/2001/XMLSchema-instance" xmlns:gen="http://xbrl.org/2008/generic" xsi:schemaLocation="http://www.xbrl.org/2003/linkbase http://www.xbrl.org/2003/xbrl-linkbase-2003-12-31.xsd http://xbrl.org/2008/generic http://www.xbrl.org/2008/generic-link.xsd">
  <link:roleRef roleURI="http://xbrl.us/metaModel/role" xlink:href="us-gaap-metaModel-2023.xsd#role" xlink:type="simple"/>
  <link:arcroleRef arcroleURI="http://www.xbrl.org/2021/arcrole/instant-accrual" xlink:href="https://xbrl.fasb.org/us-gaap/2024/meta/us-gaap-metaModel-2024.xsd#instant-accrual" xlink:type="simple"/>
  <link:definitionLink xlink:role="http://xbrl.us/metaModel/role" xlink:type="extended">
    <link:loc xlink:label="ns13_InventoryValuationReserves" xlink:href="https://xbrl.fasb.org/us-gaap/2023/elts/us-gaap-2023.xsd#us-gaap_InventoryValuationReserves" xlink:type="locator"/>
    <link:loc xlink:label="ns13_InventoryWriteDown" xlink:href="https://xbrl.fasb.org/us-gaap/2023/elts/us-gaap-2023.xsd#us-gaap_InventoryWriteDown" xlink:type="locator"/>
    <link:definitionArc xlink:arcrole="http://www.xbrl.org/2021/arcrole/instant-accrual" xlink:type="arc" xlink:from="ns13_InventoryValuationReserves" xlink:to="ns13_InventoryWriteDown" order="1"/>
    <link:loc xlink:label="ns13_AdditionalPaidInCapital" xlink:href="https://xbrl.fasb.org/us-gaap/2023/elts/us-gaap-2023.xsd#us-gaap_AdditionalPaidInCapital" xlink:type="locator"/>
    <link:loc xlink:label="ns13_RestrictedStockExpense" xlink:href="https://xbrl.fasb.org/us-gaap/2023/elts/us-gaap-2023.xsd#us-gaap_RestrictedStockExpense" xlink:type="locator"/>
    <link:definitionArc xlink:arcrole="http://www.xbrl.org/2021/arcrole/instant-accrual" xlink:type="arc" xlink:from="ns13_AdditionalPaidInCapital" xlink:to="ns13_RestrictedStockExpense" order="4"/>
    <link:loc xlink:label="ns13_AllowanceForDoubtfulAccountsPremiumsAndOtherReceivables" xlink:href="https://xbrl.fasb.org/us-gaap/2023/elts/us-gaap-2023.xsd#us-gaap_AllowanceForDoubtfulAccountsPremiumsAndOtherReceivables" xlink:type="locator"/>
    <link:loc xlink:label="ns13_ProvisionForDoubtfulAccounts" xlink:href="https://xbrl.fasb.org/us-gaap/2023/elts/us-gaap-2023.xsd#us-gaap_ProvisionForDoubtfulAccounts" xlink:type="locator"/>
    <link:definitionArc xlink:arcrole="http://www.xbrl.org/2021/arcrole/instant-accrual" xlink:type="arc" xlink:from="ns13_AllowanceForDoubtfulAccountsPremiumsAndOtherReceivables" xlink:to="ns13_ProvisionForDoubtfulAccounts" order="1"/>
    <link:loc xlink:label="ns13_InventoryLIFOReserve" xlink:href="https://xbrl.fasb.org/us-gaap/2023/elts/us-gaap-2023.xsd#us-gaap_InventoryLIFOReserve" xlink:type="locator"/>
    <link:loc xlink:label="ns13_InventoryLIFOReserveEffectOnIncomeNet" xlink:href="https://xbrl.fasb.org/us-gaap/2023/elts/us-gaap-2023.xsd#us-gaap_InventoryLIFOReserveEffectOnIncomeNet" xlink:type="locator"/>
    <link:definitionArc xlink:arcrole="http://www.xbrl.org/2021/arcrole/instant-accrual" xlink:type="arc" xlink:from="ns13_InventoryLIFOReserve" xlink:to="ns13_InventoryLIFOReserveEffectOnIncomeNet" order="1"/>
    <link:loc xlink:label="ns13_AdvanceRoyalties" xlink:href="https://xbrl.fasb.org/us-gaap/2023/elts/us-gaap-2023.xsd#us-gaap_AdvanceRoyalties" xlink:type="locator"/>
    <link:loc xlink:label="ns13_AmortizationOfAdvanceRoyalty" xlink:href="https://xbrl.fasb.org/us-gaap/2023/elts/us-gaap-2023.xsd#us-gaap_AmortizationOfAdvanceRoyalty" xlink:type="locator"/>
    <link:definitionArc xlink:arcrole="http://www.xbrl.org/2021/arcrole/instant-accrual" xlink:type="arc" xlink:from="ns13_AdvanceRoyalties" xlink:to="ns13_AmortizationOfAdvanceRoyalty" order="1"/>
    <link:loc xlink:label="ns13_GoodwillImpairedAccumulatedImpairmentLoss" xlink:href="https://xbrl.fasb.org/us-gaap/2023/elts/us-gaap-2023.xsd#us-gaap_GoodwillImpairedAccumulatedImpairmentLoss" xlink:type="locator"/>
    <link:loc xlink:label="ns13_GoodwillImpairmentLoss" xlink:href="https://xbrl.fasb.org/us-gaap/2023/elts/us-gaap-2023.xsd#us-gaap_GoodwillImpairmentLoss" xlink:type="locator"/>
    <link:definitionArc xlink:arcrole="http://www.xbrl.org/2021/arcrole/instant-accrual" xlink:type="arc" xlink:from="ns13_GoodwillImpairedAccumulatedImpairmentLoss" xlink:to="ns13_GoodwillImpairmentLoss" order="1"/>
    <link:loc xlink:label="ns13_AccumulatedDepreciationDepletionAndAmortizationPropertyPlantAndEquipment" xlink:href="https://xbrl.fasb.org/us-gaap/2023/elts/us-gaap-2023.xsd#us-gaap_AccumulatedDepreciationDepletionAndAmortizationPropertyPlantAndEquipment" xlink:type="locator"/>
    <link:loc xlink:label="ns13_CostDepletion" xlink:href="https://xbrl.fasb.org/us-gaap/2023/elts/us-gaap-2023.xsd#us-gaap_CostDepletion" xlink:type="locator"/>
    <link:definitionArc xlink:arcrole="http://www.xbrl.org/2021/arcrole/instant-accrual" xlink:type="arc" xlink:from="ns13_AccumulatedDepreciationDepletionAndAmortizationPropertyPlantAndEquipment" xlink:to="ns13_CostDepletion" order="4"/>
    <link:loc xlink:label="ns13_EmployeeBenefitsAndShareBasedCompensationNoncash" xlink:href="https://xbrl.fasb.org/us-gaap/2023/elts/us-gaap-2023.xsd#us-gaap_EmployeeBenefitsAndShareBasedCompensationNoncash" xlink:type="locator"/>
    <link:definitionArc xlink:arcrole="http://www.xbrl.org/2021/arcrole/instant-accrual" xlink:type="arc" xlink:from="ns13_AdditionalPaidInCapital" xlink:to="ns13_EmployeeBenefitsAndShareBasedCompensationNoncash" order="1"/>
    <link:loc xlink:label="ns13_StockOptionPlanExpense" xlink:href="https://xbrl.fasb.org/us-gaap/2023/elts/us-gaap-2023.xsd#us-gaap_StockOptionPlanExpense" xlink:type="locator"/>
    <link:definitionArc xlink:arcrole="http://www.xbrl.org/2021/arcrole/instant-accrual" xlink:type="arc" xlink:from="ns13_AdditionalPaidInCapital" xlink:to="ns13_StockOptionPlanExpense" order="3"/>
    <link:loc xlink:label="ns13_AcquisitionCosts" xlink:href="https://xbrl.fasb.org/us-gaap/2023/elts/us-gaap-2023.xsd#us-gaap_AcquisitionCosts" xlink:type="locator"/>
    <link:loc xlink:label="ns13_AmortizationOfAcquisitionCosts" xlink:href="https://xbrl.fasb.org/us-gaap/2023/elts/us-gaap-2023.xsd#us-gaap_AmortizationOfAcquisitionCosts" xlink:type="locator"/>
    <link:definitionArc xlink:arcrole="http://www.xbrl.org/2021/arcrole/instant-accrual" xlink:type="arc" xlink:from="ns13_AcquisitionCosts" xlink:to="ns13_AmortizationOfAcquisitionCosts" order="1"/>
    <link:loc xlink:label="ns13_FiniteLivedIntangibleAssetsAccumulatedAmortization" xlink:href="https://xbrl.fasb.org/us-gaap/2023/elts/us-gaap-2023.xsd#us-gaap_FiniteLivedIntangibleAssetsAccumulatedAmortization" xlink:type="locator"/>
    <link:loc xlink:label="ns13_AmortizationOfIntangibleAssets" xlink:href="https://xbrl.fasb.org/us-gaap/2023/elts/us-gaap-2023.xsd#us-gaap_AmortizationOfIntangibleAssets" xlink:type="locator"/>
    <link:definitionArc xlink:arcrole="http://www.xbrl.org/2021/arcrole/instant-accrual" xlink:type="arc" xlink:from="ns13_FiniteLivedIntangibleAssetsAccumulatedAmortization" xlink:to="ns13_AmortizationOfIntangibleAssets" order="1"/>
    <link:loc xlink:label="ns13_Depletion" xlink:href="https://xbrl.fasb.org/us-gaap/2023/elts/us-gaap-2023.xsd#us-gaap_Depletion" xlink:type="locator"/>
    <link:definitionArc xlink:arcrole="http://www.xbrl.org/2021/arcrole/instant-accrual" xlink:type="arc" xlink:from="ns13_AccumulatedDepreciationDepletionAndAmortizationPropertyPlantAndEquipment" xlink:to="ns13_Depletion" order="3"/>
    <link:loc xlink:label="ns13_FinancingReceivableAllowanceForCreditLosses" xlink:href="https://xbrl.fasb.org/us-gaap/2023/elts/us-gaap-2023.xsd#us-gaap_FinancingReceivableAllowanceForCreditLosses" xlink:type="locator"/>
    <link:loc xlink:label="ns13_ProvisionForLoanLossesExpensed" xlink:href="https://xbrl.fasb.org/us-gaap/2023/elts/us-gaap-2023.xsd#us-gaap_ProvisionForLoanLossesExpensed" xlink:type="locator"/>
    <link:definitionArc xlink:arcrole="http://www.xbrl.org/2021/arcrole/instant-accrual" xlink:type="arc" xlink:from="ns13_FinancingReceivableAllowanceForCreditLosses" xlink:to="ns13_ProvisionForLoanLossesExpensed" order="1"/>
    <link:loc xlink:label="ns13_AccrualForEnvironmentalLossContingencies" xlink:href="https://xbrl.fasb.org/us-gaap/2023/elts/us-gaap-2023.xsd#us-gaap_AccrualForEnvironmentalLossContingencies" xlink:type="locator"/>
    <link:loc xlink:label="ns13_AccrualForEnvironmentalLossContingenciesForeignCurrencyTranslationGainLoss" xlink:href="https://xbrl.fasb.org/us-gaap/2023/elts/us-gaap-2023.xsd#us-gaap_AccrualForEnvironmentalLossContingenciesForeignCurrencyTranslationGainLoss" xlink:type="locator"/>
    <link:definitionArc xlink:arcrole="http://www.xbrl.org/2021/arcrole/instant-accrual" xlink:type="arc" xlink:from="ns13_AccrualForEnvironmentalLossContingencies" xlink:to="ns13_AccrualForEnvironmentalLossContingenciesForeignCurrencyTranslationGainLoss" order="3"/>
    <link:loc xlink:label="ns13_FinanceLeaseRightOfUseAssetAccumulatedAmortization" xlink:href="https://xbrl.fasb.org/us-gaap/2023/elts/us-gaap-2023.xsd#us-gaap_FinanceLeaseRightOfUseAssetAccumulatedAmortization" xlink:type="locator"/>
    <link:loc xlink:label="ns13_FinanceLeaseRightOfUseAssetAmortization" xlink:href="https://xbrl.fasb.org/us-gaap/2023/elts/us-gaap-2023.xsd#us-gaap_FinanceLeaseRightOfUseAssetAmortization" xlink:type="locator"/>
    <link:definitionArc xlink:arcrole="http://www.xbrl.org/2021/arcrole/instant-accrual" xlink:type="arc" xlink:from="ns13_FinanceLeaseRightOfUseAssetAccumulatedAmortization" xlink:to="ns13_FinanceLeaseRightOfUseAssetAmortization" order="1"/>
    <link:loc xlink:label="ns13_DepreciationDepletionAndAmortization" xlink:href="https://xbrl.fasb.org/us-gaap/2023/elts/us-gaap-2023.xsd#us-gaap_DepreciationDepletionAndAmortization" xlink:type="locator"/>
    <link:definitionArc xlink:arcrole="http://www.xbrl.org/2021/arcrole/instant-accrual" xlink:type="arc" xlink:from="ns13_AccumulatedDepreciationDepletionAndAmortizationPropertyPlantAndEquipment" xlink:to="ns13_DepreciationDepletionAndAmortization" order="1"/>
    <link:loc xlink:label="ns13_WarrantsAndRightsOutstanding" xlink:href="https://xbrl.fasb.org/us-gaap/2023/elts/us-gaap-2023.xsd#us-gaap_WarrantsAndRightsOutstanding" xlink:type="locator"/>
    <link:loc xlink:label="ns13_FairValueAdjustmentOfWarrants" xlink:href="https://xbrl.fasb.org/us-gaap/2023/elts/us-gaap-2023.xsd#us-gaap_FairValueAdjustmentOfWarrants" xlink:type="locator"/>
    <link:definitionArc xlink:arcrole="http://www.xbrl.org/2021/arcrole/instant-accrual" xlink:type="arc" xlink:from="ns13_WarrantsAndRightsOutstanding" xlink:to="ns13_FairValueAdjustmentOfWarrants" order="2"/>
    <link:loc xlink:label="ns13_ExtendedProductWarrantyAccrual" xlink:href="https://xbrl.fasb.org/us-gaap/2023/elts/us-gaap-2023.xsd#us-gaap_ExtendedProductWarrantyAccrual" xlink:type="locator"/>
    <link:loc xlink:label="ns13_ExtendedProductWarrantyAccrualForeignCurrencyTranslationGainLoss" xlink:href="https://xbrl.fasb.org/us-gaap/2023/elts/us-gaap-2023.xsd#us-gaap_ExtendedProductWarrantyAccrualForeignCurrencyTranslationGainLoss" xlink:type="locator"/>
    <link:definitionArc xlink:arcrole="http://www.xbrl.org/2021/arcrole/instant-accrual" xlink:type="arc" xlink:from="ns13_ExtendedProductWarrantyAccrual" xlink:to="ns13_ExtendedProductWarrantyAccrualForeignCurrencyTranslationGainLoss" order="1"/>
    <link:loc xlink:label="ns13_AdjustmentOfWarrantsGrantedForServices" xlink:href="https://xbrl.fasb.org/us-gaap/2023/elts/us-gaap-2023.xsd#us-gaap_AdjustmentOfWarrantsGrantedForServices" xlink:type="locator"/>
    <link:definitionArc xlink:arcrole="http://www.xbrl.org/2021/arcrole/instant-accrual" xlink:type="arc" xlink:from="ns13_WarrantsAndRightsOutstanding" xlink:to="ns13_AdjustmentOfWarrantsGrantedForServices" order="1"/>
    <link:loc xlink:label="ns13_AccumulatedAmortizationOfNoncurrentDeferredFinanceCosts" xlink:href="https://xbrl.fasb.org/us-gaap/2023/elts/us-gaap-2023.xsd#us-gaap_AccumulatedAmortizationOfNoncurrentDeferredFinanceCosts" xlink:type="locator"/>
    <link:loc xlink:label="ns13_AmortizationOfFinancingCostsAndDiscounts" xlink:href="https://xbrl.fasb.org/us-gaap/2023/elts/us-gaap-2023.xsd#us-gaap_AmortizationOfFinancingCostsAndDiscounts" xlink:type="locator"/>
    <link:definitionArc xlink:arcrole="http://www.xbrl.org/2021/arcrole/instant-accrual" xlink:type="arc" xlink:from="ns13_AccumulatedAmortizationOfNoncurrentDeferredFinanceCosts" xlink:to="ns13_AmortizationOfFinancingCostsAndDiscounts" order="1"/>
    <link:loc xlink:label="ns13_ContractWithCustomerReceivableAllowanceForCreditLossCurrent" xlink:href="https://xbrl.fasb.org/us-gaap/2023/elts/us-gaap-2023.xsd#us-gaap_ContractWithCustomerReceivableAllowanceForCreditLossCurrent" xlink:type="locator"/>
    <link:loc xlink:label="ns13_ContractWithCustomerReceivableCreditLossExpenseReversal" xlink:href="https://xbrl.fasb.org/us-gaap/2023/elts/us-gaap-2023.xsd#us-gaap_ContractWithCustomerReceivableCreditLossExpenseReversal" xlink:type="locator"/>
    <link:definitionArc xlink:arcrole="http://www.xbrl.org/2021/arcrole/instant-accrual" xlink:type="arc" xlink:from="ns13_ContractWithCustomerReceivableAllowanceForCreditLossCurrent" xlink:to="ns13_ContractWithCustomerReceivableCreditLossExpenseReversal" order="1"/>
    <link:loc xlink:label="ns13_ServicingAssetAtAmortizedValue" xlink:href="https://xbrl.fasb.org/us-gaap/2023/elts/us-gaap-2023.xsd#us-gaap_ServicingAssetAtAmortizedValue" xlink:type="locator"/>
    <link:loc xlink:label="ns13_AmortizationOfMortgageServicingRightsMSRs" xlink:href="https://xbrl.fasb.org/us-gaap/2023/elts/us-gaap-2023.xsd#us-gaap_AmortizationOfMortgageServicingRightsMSRs" xlink:type="locator"/>
    <link:definitionArc xlink:arcrole="http://www.xbrl.org/2021/arcrole/instant-accrual" xlink:type="arc" xlink:from="ns13_ServicingAssetAtAmortizedValue" xlink:to="ns13_AmortizationOfMortgageServicingRightsMSRs" order="2"/>
    <link:loc xlink:label="ns13_ServicingAssetAtAmortizedValueAmortization1" xlink:href="https://xbrl.fasb.org/us-gaap/2023/elts/us-gaap-2023.xsd#us-gaap_ServicingAssetAtAmortizedValueAmortization1" xlink:type="locator"/>
    <link:definitionArc xlink:arcrole="http://www.xbrl.org/2021/arcrole/instant-accrual" xlink:type="arc" xlink:from="ns13_ServicingAssetAtAmortizedValue" xlink:to="ns13_ServicingAssetAtAmortizedValueAmortization1" order="1"/>
    <link:loc xlink:label="ns13_EquitySecuritiesFvNiCurrentAndNoncurrent" xlink:href="https://xbrl.fasb.org/us-gaap/2023/elts/us-gaap-2023.xsd#us-gaap_EquitySecuritiesFvNiCurrentAndNoncurrent" xlink:type="locator"/>
    <link:loc xlink:label="ns13_EquitySecuritiesFvNiUnrealizedGainLoss" xlink:href="https://xbrl.fasb.org/us-gaap/2023/elts/us-gaap-2023.xsd#us-gaap_EquitySecuritiesFvNiUnrealizedGainLoss" xlink:type="locator"/>
    <link:definitionArc xlink:arcrole="http://www.xbrl.org/2021/arcrole/instant-accrual" xlink:type="arc" xlink:from="ns13_EquitySecuritiesFvNiCurrentAndNoncurrent" xlink:to="ns13_EquitySecuritiesFvNiUnrealizedGainLoss" order="1"/>
    <link:loc xlink:label="ns13_AccrualForEnvironmentalLossContingenciesChargesToExpenseForNewLosses" xlink:href="https://xbrl.fasb.org/us-gaap/2023/elts/us-gaap-2023.xsd#us-gaap_AccrualForEnvironmentalLossContingenciesChargesToExpenseForNewLosses" xlink:type="locator"/>
    <link:definitionArc xlink:arcrole="http://www.xbrl.org/2021/arcrole/instant-accrual" xlink:type="arc" xlink:from="ns13_AccrualForEnvironmentalLossContingencies" xlink:to="ns13_AccrualForEnvironmentalLossContingenciesChargesToExpenseForNewLosses" order="1"/>
    <link:loc xlink:label="ns13_InventoryLIFOReservePeriodCharge" xlink:href="https://xbrl.fasb.org/us-gaap/2023/elts/us-gaap-2023.xsd#us-gaap_InventoryLIFOReservePeriodCharge" xlink:type="locator"/>
    <link:definitionArc xlink:arcrole="http://www.xbrl.org/2021/arcrole/instant-accrual" xlink:type="arc" xlink:from="ns13_InventoryLIFOReserve" xlink:to="ns13_InventoryLIFOReservePeriodCharge" order="2"/>
    <link:loc xlink:label="ns13_TradingSecuritiesDebt" xlink:href="https://xbrl.fasb.org/us-gaap/2023/elts/us-gaap-2023.xsd#us-gaap_TradingSecuritiesDebt" xlink:type="locator"/>
    <link:loc xlink:label="ns13_DebtSecuritiesTradingUnrealizedGainLoss" xlink:href="https://xbrl.fasb.org/us-gaap/2023/elts/us-gaap-2023.xsd#us-gaap_DebtSecuritiesTradingUnrealizedGainLoss" xlink:type="locator"/>
    <link:definitionArc xlink:arcrole="http://www.xbrl.org/2021/arcrole/instant-accrual" xlink:type="arc" xlink:from="ns13_TradingSecuritiesDebt" xlink:to="ns13_DebtSecuritiesTradingUnrealizedGainLoss" order="1"/>
    <link:loc xlink:label="ns13_ProvisionForLoanLeaseAndOtherLosses" xlink:href="https://xbrl.fasb.org/us-gaap/2023/elts/us-gaap-2023.xsd#us-gaap_ProvisionForLoanLeaseAndOtherLosses" xlink:type="locator"/>
    <link:definitionArc xlink:arcrole="http://www.xbrl.org/2021/arcrole/instant-accrual" xlink:type="arc" xlink:from="ns13_FinancingReceivableAllowanceForCreditLosses" xlink:to="ns13_ProvisionForLoanLeaseAndOtherLosses" order="2"/>
    <link:loc xlink:label="ns13_DeferredStormAndPropertyReserveDeficiencyNoncurrent" xlink:href="https://xbrl.fasb.org/us-gaap/2023/elts/us-gaap-2023.xsd#us-gaap_DeferredStormAndPropertyReserveDeficiencyNoncurrent" xlink:type="locator"/>
    <link:loc xlink:label="ns13_StormDamageProvision" xlink:href="https://xbrl.fasb.org/us-gaap/2023/elts/us-gaap-2023.xsd#us-gaap_StormDamageProvision" xlink:type="locator"/>
    <link:definitionArc xlink:arcrole="http://www.xbrl.org/2021/arcrole/instant-accrual" xlink:type="arc" xlink:from="ns13_DeferredStormAndPropertyReserveDeficiencyNoncurrent" xlink:to="ns13_StormDamageProvision" order="1"/>
    <link:loc xlink:label="ns13_ShareBasedCompensation" xlink:href="https://xbrl.fasb.org/us-gaap/2023/elts/us-gaap-2023.xsd#us-gaap_ShareBasedCompensation" xlink:type="locator"/>
    <link:definitionArc xlink:arcrole="http://www.xbrl.org/2021/arcrole/instant-accrual" xlink:type="arc" xlink:from="ns13_AdditionalPaidInCapital" xlink:to="ns13_ShareBasedCompensation" order="2"/>
    <link:loc xlink:label="ns13_ContractWithCustomerReceivableAllowanceForCreditLossNoncurrent" xlink:href="https://xbrl.fasb.org/us-gaap/2023/elts/us-gaap-2023.xsd#us-gaap_ContractWithCustomerReceivableAllowanceForCreditLossNoncurrent" xlink:type="locator"/>
    <link:loc xlink:label="ns13_ContractWithCustomerReceivableCreditLossExpenseReversal_1" xlink:href="https://xbrl.fasb.org/us-gaap/2023/elts/us-gaap-2023.xsd#us-gaap_ContractWithCustomerReceivableCreditLossExpenseReversal" xlink:type="locator"/>
    <link:definitionArc xlink:arcrole="http://www.xbrl.org/2021/arcrole/instant-accrual" xlink:type="arc" xlink:from="ns13_ContractWithCustomerReceivableAllowanceForCreditLossNoncurrent" xlink:to="ns13_ContractWithCustomerReceivableCreditLossExpenseReversal_1" order="1"/>
    <link:loc xlink:label="ns13_DeferredSalesInducementsNet" xlink:href="https://xbrl.fasb.org/us-gaap/2023/elts/us-gaap-2023.xsd#us-gaap_DeferredSalesInducementsNet" xlink:type="locator"/>
    <link:loc xlink:label="ns13_DeferredSalesInducementsAmortizationExpense" xlink:href="https://xbrl.fasb.org/us-gaap/2023/elts/us-gaap-2023.xsd#us-gaap_DeferredSalesInducementsAmortizationExpense" xlink:type="locator"/>
    <link:definitionArc xlink:arcrole="http://www.xbrl.org/2021/arcrole/instant-accrual" xlink:type="arc" xlink:from="ns13_DeferredSalesInducementsNet" xlink:to="ns13_DeferredSalesInducementsAmortizationExpense" order="1"/>
    <link:loc xlink:label="ns13_ContractWithCustomerReceivableAllowanceForCreditLoss" xlink:href="https://xbrl.fasb.org/us-gaap/2023/elts/us-gaap-2023.xsd#us-gaap_ContractWithCustomerReceivableAllowanceForCreditLoss" xlink:type="locator"/>
    <link:loc xlink:label="ns13_ContractWithCustomerReceivableCreditLossExpenseReversal_2" xlink:href="https://xbrl.fasb.org/us-gaap/2023/elts/us-gaap-2023.xsd#us-gaap_ContractWithCustomerReceivableCreditLossExpenseReversal" xlink:type="locator"/>
    <link:definitionArc xlink:arcrole="http://www.xbrl.org/2021/arcrole/instant-accrual" xlink:type="arc" xlink:from="ns13_ContractWithCustomerReceivableAllowanceForCreditLoss" xlink:to="ns13_ContractWithCustomerReceivableCreditLossExpenseReversal_2" order="1"/>
    <link:loc xlink:label="ns13_OtherDepreciationAndAmortization" xlink:href="https://xbrl.fasb.org/us-gaap/2023/elts/us-gaap-2023.xsd#us-gaap_OtherDepreciationAndAmortization" xlink:type="locator"/>
    <link:definitionArc xlink:arcrole="http://www.xbrl.org/2021/arcrole/instant-accrual" xlink:type="arc" xlink:from="ns13_AccumulatedDepreciationDepletionAndAmortizationPropertyPlantAndEquipment" xlink:to="ns13_OtherDepreciationAndAmortization" order="2"/>
    <link:loc xlink:label="ns13_DeferredPolicyAcquisitionCosts" xlink:href="https://xbrl.fasb.org/us-gaap/2023/elts/us-gaap-2023.xsd#us-gaap_DeferredPolicyAcquisitionCosts" xlink:type="locator"/>
    <link:loc xlink:label="ns13_DeferredPolicyAcquisitionCostAmortizationExpense" xlink:href="https://xbrl.fasb.org/us-gaap/2023/elts/us-gaap-2023.xsd#us-gaap_DeferredPolicyAcquisitionCostAmortizationExpense" xlink:type="locator"/>
    <link:definitionArc xlink:arcrole="http://www.xbrl.org/2021/arcrole/instant-accrual" xlink:type="arc" xlink:from="ns13_DeferredPolicyAcquisitionCosts" xlink:to="ns13_DeferredPolicyAcquisitionCostAmortizationExpense" order="1"/>
    <link:loc xlink:label="ns13_RealEstateOwnedValuationAllowance" xlink:href="https://xbrl.fasb.org/us-gaap/2023/elts/us-gaap-2023.xsd#us-gaap_RealEstateOwnedValuationAllowance" xlink:type="locator"/>
    <link:loc xlink:label="ns13_RealEstateOwnedValuationAllowanceProvision1" xlink:href="https://xbrl.fasb.org/us-gaap/2023/elts/us-gaap-2023.xsd#us-gaap_RealEstateOwnedValuationAllowanceProvision1" xlink:type="locator"/>
    <link:definitionArc xlink:arcrole="http://www.xbrl.org/2021/arcrole/instant-accrual" xlink:type="arc" xlink:from="ns13_RealEstateOwnedValuationAllowance" xlink:to="ns13_RealEstateOwnedValuationAllowanceProvision1" order="1"/>
    <link:loc xlink:label="ns13_AmortizationOfFinancingCosts" xlink:href="https://xbrl.fasb.org/us-gaap/2023/elts/us-gaap-2023.xsd#us-gaap_AmortizationOfFinancingCosts" xlink:type="locator"/>
    <link:definitionArc xlink:arcrole="http://www.xbrl.org/2021/arcrole/instant-accrual" xlink:type="arc" xlink:from="ns13_AccumulatedAmortizationOfNoncurrentDeferredFinanceCosts" xlink:to="ns13_AmortizationOfFinancingCosts" order="2"/>
    <link:loc xlink:label="ns13_DebtInstrumentUnamortizedDiscountPremiumNet" xlink:href="https://xbrl.fasb.org/us-gaap/2023/elts/us-gaap-2023.xsd#us-gaap_DebtInstrumentUnamortizedDiscountPremiumNet" xlink:type="locator"/>
    <link:loc xlink:label="ns13_AmortizationOfDebtDiscountPremium" xlink:href="https://xbrl.fasb.org/us-gaap/2023/elts/us-gaap-2023.xsd#us-gaap_AmortizationOfDebtDiscountPremium" xlink:type="locator"/>
    <link:definitionArc xlink:arcrole="http://www.xbrl.org/2021/arcrole/instant-accrual" xlink:type="arc" xlink:from="ns13_DebtInstrumentUnamortizedDiscountPremiumNet" xlink:to="ns13_AmortizationOfDebtDiscountPremium" order="1"/>
    <link:loc xlink:label="ns13_CapitalizedCostsAccumulatedDepreciationDepletionAmortizationAndValuationAllowanceForRelatingToOilAndGasProducingActivities" xlink:href="https://xbrl.fasb.org/us-gaap/2023/elts/us-gaap-2023.xsd#us-gaap_CapitalizedCostsAccumulatedDepreciationDepletionAmortizationAndValuationAllowanceForRelatingToOilAndGasProducingActivities" xlink:type="locator"/>
    <link:loc xlink:label="ns13_DepletionOfOilAndGasProperties" xlink:href="https://xbrl.fasb.org/us-gaap/2023/elts/us-gaap-2023.xsd#us-gaap_DepletionOfOilAndGasProperties" xlink:type="locator"/>
    <link:definitionArc xlink:arcrole="http://www.xbrl.org/2021/arcrole/instant-accrual" xlink:type="arc" xlink:from="ns13_CapitalizedCostsAccumulatedDepreciationDepletionAmortizationAndValuationAllowanceForRelatingToOilAndGasProducingActivities" xlink:to="ns13_DepletionOfOilAndGasProperties" order="1"/>
    <link:loc xlink:label="ns13_AccrualForEnvironmentalLossContingenciesIncreaseDecreaseForRevisionInEstimates" xlink:href="https://xbrl.fasb.org/us-gaap/2023/elts/us-gaap-2023.xsd#us-gaap_AccrualForEnvironmentalLossContingenciesIncreaseDecreaseForRevisionInEstimates" xlink:type="locator"/>
    <link:definitionArc xlink:arcrole="http://www.xbrl.org/2021/arcrole/instant-accrual" xlink:type="arc" xlink:from="ns13_AccrualForEnvironmentalLossContingencies" xlink:to="ns13_AccrualForEnvironmentalLossContingenciesIncreaseDecreaseForRevisionInEstimates" order="2"/>
    <link:loc xlink:label="ns13_ProductWarrantyAccrual" xlink:href="https://xbrl.fasb.org/us-gaap/2023/elts/us-gaap-2023.xsd#us-gaap_ProductWarrantyAccrual" xlink:type="locator"/>
    <link:loc xlink:label="ns13_ProductWarrantyExpense" xlink:href="https://xbrl.fasb.org/us-gaap/2023/elts/us-gaap-2023.xsd#us-gaap_ProductWarrantyExpense" xlink:type="locator"/>
    <link:definitionArc xlink:arcrole="http://www.xbrl.org/2021/arcrole/instant-accrual" xlink:type="arc" xlink:from="ns13_ProductWarrantyAccrual" xlink:to="ns13_ProductWarrantyExpense" order="1"/>
    <link:loc xlink:label="ns13_AvailableForSaleSecuritiesDebtSecurities" xlink:href="https://xbrl.fasb.org/us-gaap/2023/elts/us-gaap-2023.xsd#us-gaap_AvailableForSaleSecuritiesDebtSecurities" xlink:type="locator"/>
    <link:loc xlink:label="ns13_DebtSecuritiesAvailableForSaleUnrealizedGainLoss" xlink:href="https://xbrl.fasb.org/us-gaap/2023/elts/us-gaap-2023.xsd#us-gaap_DebtSecuritiesAvailableForSaleUnrealizedGainLoss" xlink:type="locator"/>
    <link:definitionArc xlink:arcrole="http://www.xbrl.org/2021/arcrole/instant-accrual" xlink:type="arc" xlink:from="ns13_AvailableForSaleSecuritiesDebtSecurities" xlink:to="ns13_DebtSecuritiesAvailableForSaleUnrealizedGainLoss" order="1"/>
    <link:loc xlink:label="ns13_PresentValueOfFutureInsuranceProfitsAccumulatedAmortization" xlink:href="https://xbrl.fasb.org/us-gaap/2023/elts/us-gaap-2023.xsd#us-gaap_PresentValueOfFutureInsuranceProfitsAccumulatedAmortization" xlink:type="locator"/>
    <link:loc xlink:label="ns13_AmortizationOfValueOfBusinessAcquiredVOBA" xlink:href="https://xbrl.fasb.org/us-gaap/2023/elts/us-gaap-2023.xsd#us-gaap_AmortizationOfValueOfBusinessAcquiredVOBA" xlink:type="locator"/>
    <link:definitionArc xlink:arcrole="http://www.xbrl.org/2021/arcrole/instant-accrual" xlink:type="arc" xlink:from="ns13_PresentValueOfFutureInsuranceProfitsAccumulatedAmortization" xlink:to="ns13_AmortizationOfValueOfBusinessAcquiredVOBA" order="1"/>
    <link:loc xlink:label="ns13_AssetRetirementObligation" xlink:href="https://xbrl.fasb.org/us-gaap/2023/elts/us-gaap-2023.xsd#us-gaap_AssetRetirementObligation" xlink:type="locator"/>
    <link:loc xlink:label="ns13_AssetRetirementObligationAccretionExpense" xlink:href="https://xbrl.fasb.org/us-gaap/2023/elts/us-gaap-2023.xsd#us-gaap_AssetRetirementObligationAccretionExpense" xlink:type="locator"/>
    <link:definitionArc xlink:arcrole="http://www.xbrl.org/2021/arcrole/instant-accrual" xlink:type="arc" xlink:from="ns13_AssetRetirementObligation" xlink:to="ns13_AssetRetirementObligationAccretionExpense" order="1"/>
    <link:loc xlink:label="ns13_OperatingLeaseRightOfUseAsset" xlink:href="https://xbrl.fasb.org/us-gaap/2023/elts/us-gaap-2023.xsd#us-gaap_OperatingLeaseRightOfUseAsset" xlink:type="locator"/>
    <link:loc xlink:label="ns13_OperatingLeaseRightOfUseAssetAmortizationExpense" xlink:href="https://xbrl.fasb.org/us-gaap/2023/elts/us-gaap-2023.xsd#us-gaap_OperatingLeaseRightOfUseAssetAmortizationExpense" xlink:type="locator"/>
    <link:definitionArc xlink:arcrole="http://www.xbrl.org/2021/arcrole/instant-accrual" xlink:type="arc" xlink:from="ns13_OperatingLeaseRightOfUseAsset" xlink:to="ns13_OperatingLeaseRightOfUseAssetAmortizationExpense" order="1"/>
    <link:loc xlink:label="ns13_AllowanceForDoubtfulAccountsReceivable" xlink:href="https://xbrl.fasb.org/us-gaap/2023/elts/us-gaap-2023.xsd#us-gaap_AllowanceForDoubtfulAccountsReceivable" xlink:type="locator"/>
    <link:loc xlink:label="ns13_ProvisionForDoubtfulAccounts_1" xlink:href="https://xbrl.fasb.org/us-gaap/2023/elts/us-gaap-2023.xsd#us-gaap_ProvisionForDoubtfulAccounts" xlink:type="locator"/>
    <link:definitionArc xlink:arcrole="http://www.xbrl.org/2021/arcrole/instant-accrual" xlink:type="arc" xlink:from="ns13_AllowanceForDoubtfulAccountsReceivable" xlink:to="ns13_ProvisionForDoubtfulAccounts_1" order="1"/>
  </link:definitionLink>
</link:linkbase>
