<link:linkbase xmlns:link="http://www.xbrl.org/2003/linkbase" xmlns:xlink="http://www.w3.org/1999/xlink" xmlns:xsi="http://www.w3.org/2001/XMLSchema-instance" xmlns:gen="http://xbrl.org/2008/generic" xsi:schemaLocation="http://www.xbrl.org/2003/linkbase http://www.xbrl.org/2003/xbrl-linkbase-2003-12-31.xsd http://xbrl.org/2008/generic http://www.xbrl.org/2008/generic-link.xsd">
  <link:roleRef roleURI="http://xbrl.us/metaModel/role" xlink:href="us-gaap-metaModel-2023.xsd#role" xlink:type="simple"/>
  <link:arcroleRef arcroleURI="http://www.xbrl.org/2023/arcrole/concept-dimensional-equivalent" xlink:href="dim-equiv-arcrole-2023.xsd#concept-dimensional-equivalent" xlink:type="simple"/>
  <link:definitionLink xlink:role="http://xbrl.us/metaModel/role" xlink:type="extended">
    <link:loc xlink:label="ns12_UnrealizedGainLossOnCashFlowHedgingInstruments" xlink:href="https://xbrl.fasb.org/us-gaap/2023/elts/us-gaap-2023.xsd#us-gaap_UnrealizedGainLossOnCashFlowHedgingInstruments" xlink:type="locator"/>
    <link:loc xlink:label="ns12_DerivativeNetHedgeIneffectivenessGainLoss" xlink:href="https://xbrl.fasb.org/us-gaap/2023/elts/us-gaap-2023.xsd#us-gaap_DerivativeNetHedgeIneffectivenessGainLoss" xlink:type="locator"/>
    <link:definitionArc xlink:arcrole="http://www.xbrl.org/2023/arcrole/concept-dimensional-equivalent" xlink:type="arc" xlink:from="ns12_UnrealizedGainLossOnCashFlowHedgingInstruments" xlink:to="ns12_DerivativeNetHedgeIneffectivenessGainLoss" order="1"/>
    <link:loc xlink:label="ns12_TreasuryStockValue" xlink:href="https://xbrl.fasb.org/us-gaap/2023/elts/us-gaap-2023.xsd#us-gaap_TreasuryStockValue" xlink:type="locator"/>
    <link:loc xlink:label="ns12_StockholdersEquityIncludingPortionAttributableToNoncontrollingInterest" xlink:href="https://xbrl.fasb.org/us-gaap/2023/elts/us-gaap-2023.xsd#us-gaap_StockholdersEquityIncludingPortionAttributableToNoncontrollingInterest" xlink:type="locator"/>
    <link:definitionArc xlink:arcrole="http://www.xbrl.org/2023/arcrole/concept-dimensional-equivalent" xlink:type="arc" xlink:from="ns12_TreasuryStockValue" xlink:to="ns12_StockholdersEquityIncludingPortionAttributableToNoncontrollingInterest" order="1"/>
    <link:loc xlink:label="ns12_FiniteLivedCustomerRelationshipsGross" xlink:href="https://xbrl.fasb.org/us-gaap/2023/elts/us-gaap-2023.xsd#us-gaap_FiniteLivedCustomerRelationshipsGross" xlink:type="locator"/>
    <link:loc xlink:label="ns12_FiniteLivedIntangibleAssetsGross" xlink:href="https://xbrl.fasb.org/us-gaap/2023/elts/us-gaap-2023.xsd#us-gaap_FiniteLivedIntangibleAssetsGross" xlink:type="locator"/>
    <link:definitionArc xlink:arcrole="http://www.xbrl.org/2023/arcrole/concept-dimensional-equivalent" xlink:type="arc" xlink:from="ns12_FiniteLivedCustomerRelationshipsGross" xlink:to="ns12_FiniteLivedIntangibleAssetsGross" order="1"/>
    <link:loc xlink:label="ns12_InterestRateDerivativeLiabilitiesAtFairValue" xlink:href="https://xbrl.fasb.org/us-gaap/2023/elts/us-gaap-2023.xsd#us-gaap_InterestRateDerivativeLiabilitiesAtFairValue" xlink:type="locator"/>
    <link:loc xlink:label="ns12_DerivativeInstrumentRiskAxis" xlink:href="https://xbrl.fasb.org/us-gaap/2023/elts/us-gaap-2023.xsd#us-gaap_DerivativeInstrumentRiskAxis" xlink:type="locator"/>
    <link:definitionArc xlink:arcrole="http://www.xbrl.org/2023/arcrole/concept-dimensional-equivalent" xlink:type="arc" xlink:from="ns12_InterestRateDerivativeLiabilitiesAtFairValue" xlink:to="ns12_DerivativeInstrumentRiskAxis" order="2"/>
    <link:loc xlink:label="ns12_TreasuryStockPreferredValue" xlink:href="https://xbrl.fasb.org/us-gaap/2023/elts/us-gaap-2023.xsd#us-gaap_TreasuryStockPreferredValue" xlink:type="locator"/>
    <link:loc xlink:label="ns12_TreasuryStockPreferredMember" xlink:href="https://xbrl.fasb.org/us-gaap/2023/elts/us-gaap-2023.xsd#us-gaap_TreasuryStockPreferredMember" xlink:type="locator"/>
    <link:definitionArc xlink:arcrole="http://www.xbrl.org/2023/arcrole/concept-dimensional-equivalent" xlink:type="arc" xlink:from="ns12_TreasuryStockPreferredValue" xlink:to="ns12_TreasuryStockPreferredMember" order="3"/>
    <link:loc xlink:label="ns12_InterestRateDerivativeAssetsAtFairValue" xlink:href="https://xbrl.fasb.org/us-gaap/2023/elts/us-gaap-2023.xsd#us-gaap_InterestRateDerivativeAssetsAtFairValue" xlink:type="locator"/>
    <link:loc xlink:label="ns12_DerivativeInstrumentRiskAxis_1" xlink:href="https://xbrl.fasb.org/us-gaap/2023/elts/us-gaap-2023.xsd#us-gaap_DerivativeInstrumentRiskAxis" xlink:type="locator"/>
    <link:definitionArc xlink:arcrole="http://www.xbrl.org/2023/arcrole/concept-dimensional-equivalent" xlink:type="arc" xlink:from="ns12_InterestRateDerivativeAssetsAtFairValue" xlink:to="ns12_DerivativeInstrumentRiskAxis_1" order="2"/>
    <link:loc xlink:label="ns12_TreasuryStockCommonValue" xlink:href="https://xbrl.fasb.org/us-gaap/2023/elts/us-gaap-2023.xsd#us-gaap_TreasuryStockCommonValue" xlink:type="locator"/>
    <link:loc xlink:label="ns12_TreasuryStockCommonMember" xlink:href="https://xbrl.fasb.org/us-gaap/2023/elts/us-gaap-2023.xsd#us-gaap_TreasuryStockCommonMember" xlink:type="locator"/>
    <link:definitionArc xlink:arcrole="http://www.xbrl.org/2023/arcrole/concept-dimensional-equivalent" xlink:type="arc" xlink:from="ns12_TreasuryStockCommonValue" xlink:to="ns12_TreasuryStockCommonMember" order="3"/>
    <link:loc xlink:label="ns12_IndefiniteLivedLicenseAgreements" xlink:href="https://xbrl.fasb.org/us-gaap/2023/elts/us-gaap-2023.xsd#us-gaap_IndefiniteLivedLicenseAgreements" xlink:type="locator"/>
    <link:loc xlink:label="ns12_IndefiniteLivedIntangibleAssetsExcludingGoodwill" xlink:href="https://xbrl.fasb.org/us-gaap/2023/elts/us-gaap-2023.xsd#us-gaap_IndefiniteLivedIntangibleAssetsExcludingGoodwill" xlink:type="locator"/>
    <link:definitionArc xlink:arcrole="http://www.xbrl.org/2023/arcrole/concept-dimensional-equivalent" xlink:type="arc" xlink:from="ns12_IndefiniteLivedLicenseAgreements" xlink:to="ns12_IndefiniteLivedIntangibleAssetsExcludingGoodwill" order="1"/>
    <link:loc xlink:label="ns12_FiniteLivedCustomerListsGross" xlink:href="https://xbrl.fasb.org/us-gaap/2023/elts/us-gaap-2023.xsd#us-gaap_FiniteLivedCustomerListsGross" xlink:type="locator"/>
    <link:loc xlink:label="ns12_FiniteLivedIntangibleAssetsGross_1" xlink:href="https://xbrl.fasb.org/us-gaap/2023/elts/us-gaap-2023.xsd#us-gaap_FiniteLivedIntangibleAssetsGross" xlink:type="locator"/>
    <link:definitionArc xlink:arcrole="http://www.xbrl.org/2023/arcrole/concept-dimensional-equivalent" xlink:type="arc" xlink:from="ns12_FiniteLivedCustomerListsGross" xlink:to="ns12_FiniteLivedIntangibleAssetsGross_1" order="1"/>
    <link:loc xlink:label="ns12_StockholdersEquityIncludingPortionAttributableToNoncontrollingInterest_1" xlink:href="https://xbrl.fasb.org/us-gaap/2023/elts/us-gaap-2023.xsd#us-gaap_StockholdersEquityIncludingPortionAttributableToNoncontrollingInterest" xlink:type="locator"/>
    <link:definitionArc xlink:arcrole="http://www.xbrl.org/2023/arcrole/concept-dimensional-equivalent" xlink:type="arc" xlink:from="ns12_TreasuryStockPreferredValue" xlink:to="ns12_StockholdersEquityIncludingPortionAttributableToNoncontrollingInterest_1" order="1"/>
    <link:loc xlink:label="ns12_IndefiniteLivedTrademarks" xlink:href="https://xbrl.fasb.org/us-gaap/2023/elts/us-gaap-2023.xsd#us-gaap_IndefiniteLivedTrademarks" xlink:type="locator"/>
    <link:loc xlink:label="ns12_IndefiniteLivedIntangibleAssetsByMajorClassAxis" xlink:href="https://xbrl.fasb.org/us-gaap/2023/elts/us-gaap-2023.xsd#us-gaap_IndefiniteLivedIntangibleAssetsByMajorClassAxis" xlink:type="locator"/>
    <link:definitionArc xlink:arcrole="http://www.xbrl.org/2023/arcrole/concept-dimensional-equivalent" xlink:type="arc" xlink:from="ns12_IndefiniteLivedTrademarks" xlink:to="ns12_IndefiniteLivedIntangibleAssetsByMajorClassAxis" order="2"/>
    <link:loc xlink:label="ns12_TimberAndTimberlands" xlink:href="https://xbrl.fasb.org/us-gaap/2023/elts/us-gaap-2023.xsd#us-gaap_TimberAndTimberlands" xlink:type="locator"/>
    <link:loc xlink:label="ns12_TimberPropertiesMember" xlink:href="https://xbrl.fasb.org/us-gaap/2023/elts/us-gaap-2023.xsd#us-gaap_TimberPropertiesMember" xlink:type="locator"/>
    <link:definitionArc xlink:arcrole="http://www.xbrl.org/2023/arcrole/concept-dimensional-equivalent" xlink:type="arc" xlink:from="ns12_TimberAndTimberlands" xlink:to="ns12_TimberPropertiesMember" order="3"/>
    <link:loc xlink:label="ns12_FiniteLivedCoreDepositsGross" xlink:href="https://xbrl.fasb.org/us-gaap/2023/elts/us-gaap-2023.xsd#us-gaap_FiniteLivedCoreDepositsGross" xlink:type="locator"/>
    <link:loc xlink:label="ns12_FiniteLivedIntangibleAssetsGross_2" xlink:href="https://xbrl.fasb.org/us-gaap/2023/elts/us-gaap-2023.xsd#us-gaap_FiniteLivedIntangibleAssetsGross" xlink:type="locator"/>
    <link:definitionArc xlink:arcrole="http://www.xbrl.org/2023/arcrole/concept-dimensional-equivalent" xlink:type="arc" xlink:from="ns12_FiniteLivedCoreDepositsGross" xlink:to="ns12_FiniteLivedIntangibleAssetsGross_2" order="1"/>
    <link:loc xlink:label="ns12_StockholdersEquityIncludingPortionAttributableToNoncontrollingInterest_2" xlink:href="https://xbrl.fasb.org/us-gaap/2023/elts/us-gaap-2023.xsd#us-gaap_StockholdersEquityIncludingPortionAttributableToNoncontrollingInterest" xlink:type="locator"/>
    <link:definitionArc xlink:arcrole="http://www.xbrl.org/2023/arcrole/concept-dimensional-equivalent" xlink:type="arc" xlink:from="ns12_TreasuryStockCommonValue" xlink:to="ns12_StockholdersEquityIncludingPortionAttributableToNoncontrollingInterest_2" order="1"/>
    <link:loc xlink:label="ns12_IndefiniteLivedTradeNames" xlink:href="https://xbrl.fasb.org/us-gaap/2023/elts/us-gaap-2023.xsd#us-gaap_IndefiniteLivedTradeNames" xlink:type="locator"/>
    <link:loc xlink:label="ns12_IndefiniteLivedIntangibleAssetsByMajorClassAxis_1" xlink:href="https://xbrl.fasb.org/us-gaap/2023/elts/us-gaap-2023.xsd#us-gaap_IndefiniteLivedIntangibleAssetsByMajorClassAxis" xlink:type="locator"/>
    <link:definitionArc xlink:arcrole="http://www.xbrl.org/2023/arcrole/concept-dimensional-equivalent" xlink:type="arc" xlink:from="ns12_IndefiniteLivedTradeNames" xlink:to="ns12_IndefiniteLivedIntangibleAssetsByMajorClassAxis_1" order="2"/>
    <link:loc xlink:label="ns12_StockholdersEquity" xlink:href="https://xbrl.fasb.org/us-gaap/2023/elts/us-gaap-2023.xsd#us-gaap_StockholdersEquity" xlink:type="locator"/>
    <link:loc xlink:label="ns12_ParentMember" xlink:href="https://xbrl.fasb.org/us-gaap/2023/elts/us-gaap-2023.xsd#us-gaap_ParentMember" xlink:type="locator"/>
    <link:definitionArc xlink:arcrole="http://www.xbrl.org/2023/arcrole/concept-dimensional-equivalent" xlink:type="arc" xlink:from="ns12_StockholdersEquity" xlink:to="ns12_ParentMember" order="3"/>
    <link:loc xlink:label="ns12_FiniteLivedContractualRightsGross" xlink:href="https://xbrl.fasb.org/us-gaap/2023/elts/us-gaap-2023.xsd#us-gaap_FiniteLivedContractualRightsGross" xlink:type="locator"/>
    <link:loc xlink:label="ns12_FiniteLivedIntangibleAssetsGross_3" xlink:href="https://xbrl.fasb.org/us-gaap/2023/elts/us-gaap-2023.xsd#us-gaap_FiniteLivedIntangibleAssetsGross" xlink:type="locator"/>
    <link:definitionArc xlink:arcrole="http://www.xbrl.org/2023/arcrole/concept-dimensional-equivalent" xlink:type="arc" xlink:from="ns12_FiniteLivedContractualRightsGross" xlink:to="ns12_FiniteLivedIntangibleAssetsGross_3" order="1"/>
    <link:loc xlink:label="ns12_IndefiniteLivedIntangibleAssetsByMajorClassAxis_2" xlink:href="https://xbrl.fasb.org/us-gaap/2023/elts/us-gaap-2023.xsd#us-gaap_IndefiniteLivedIntangibleAssetsByMajorClassAxis" xlink:type="locator"/>
    <link:definitionArc xlink:arcrole="http://www.xbrl.org/2023/arcrole/concept-dimensional-equivalent" xlink:type="arc" xlink:from="ns12_IndefiniteLivedLicenseAgreements" xlink:to="ns12_IndefiniteLivedIntangibleAssetsByMajorClassAxis_2" order="2"/>
    <link:loc xlink:label="ns12_DeferredCompensationEquity" xlink:href="https://xbrl.fasb.org/us-gaap/2023/elts/us-gaap-2023.xsd#us-gaap_DeferredCompensationEquity" xlink:type="locator"/>
    <link:loc xlink:label="ns12_StockholdersEquityIncludingPortionAttributableToNoncontrollingInterest_3" xlink:href="https://xbrl.fasb.org/us-gaap/2023/elts/us-gaap-2023.xsd#us-gaap_StockholdersEquityIncludingPortionAttributableToNoncontrollingInterest" xlink:type="locator"/>
    <link:definitionArc xlink:arcrole="http://www.xbrl.org/2023/arcrole/concept-dimensional-equivalent" xlink:type="arc" xlink:from="ns12_DeferredCompensationEquity" xlink:to="ns12_StockholdersEquityIncludingPortionAttributableToNoncontrollingInterest_3" order="1"/>
    <link:loc xlink:label="ns12_CashFlowHedgesDerivativeInstrumentsAtFairValueNet" xlink:href="https://xbrl.fasb.org/us-gaap/2023/elts/us-gaap-2023.xsd#us-gaap_CashFlowHedgesDerivativeInstrumentsAtFairValueNet" xlink:type="locator"/>
    <link:loc xlink:label="ns12_DerivativeInstrumentsGainLossByHedgingRelationshipAxis" xlink:href="https://xbrl.fasb.org/us-gaap/2023/elts/us-gaap-2023.xsd#us-gaap_DerivativeInstrumentsGainLossByHedgingRelationshipAxis" xlink:type="locator"/>
    <link:definitionArc xlink:arcrole="http://www.xbrl.org/2023/arcrole/concept-dimensional-equivalent" xlink:type="arc" xlink:from="ns12_CashFlowHedgesDerivativeInstrumentsAtFairValueNet" xlink:to="ns12_DerivativeInstrumentsGainLossByHedgingRelationshipAxis" order="2"/>
    <link:loc xlink:label="ns12_CashFlowHedgeDerivativeInstrumentLiabilitiesAtFairValue" xlink:href="https://xbrl.fasb.org/us-gaap/2023/elts/us-gaap-2023.xsd#us-gaap_CashFlowHedgeDerivativeInstrumentLiabilitiesAtFairValue" xlink:type="locator"/>
    <link:loc xlink:label="ns12_DerivativeInstrumentsGainLossByHedgingRelationshipAxis_1" xlink:href="https://xbrl.fasb.org/us-gaap/2023/elts/us-gaap-2023.xsd#us-gaap_DerivativeInstrumentsGainLossByHedgingRelationshipAxis" xlink:type="locator"/>
    <link:definitionArc xlink:arcrole="http://www.xbrl.org/2023/arcrole/concept-dimensional-equivalent" xlink:type="arc" xlink:from="ns12_CashFlowHedgeDerivativeInstrumentLiabilitiesAtFairValue" xlink:to="ns12_DerivativeInstrumentsGainLossByHedgingRelationshipAxis_1" order="2"/>
    <link:loc xlink:label="ns12_PropertyPlantAndEquipmentGross" xlink:href="https://xbrl.fasb.org/us-gaap/2023/elts/us-gaap-2023.xsd#us-gaap_PropertyPlantAndEquipmentGross" xlink:type="locator"/>
    <link:definitionArc xlink:arcrole="http://www.xbrl.org/2023/arcrole/concept-dimensional-equivalent" xlink:type="arc" xlink:from="ns12_TimberAndTimberlands" xlink:to="ns12_PropertyPlantAndEquipmentGross" order="1"/>
    <link:loc xlink:label="ns12_FiniteLivedTrademarksGross" xlink:href="https://xbrl.fasb.org/us-gaap/2023/elts/us-gaap-2023.xsd#us-gaap_FiniteLivedTrademarksGross" xlink:type="locator"/>
    <link:loc xlink:label="ns12_TrademarksMember" xlink:href="https://xbrl.fasb.org/us-gaap/2023/elts/us-gaap-2023.xsd#us-gaap_TrademarksMember" xlink:type="locator"/>
    <link:definitionArc xlink:arcrole="http://www.xbrl.org/2023/arcrole/concept-dimensional-equivalent" xlink:type="arc" xlink:from="ns12_FiniteLivedTrademarksGross" xlink:to="ns12_TrademarksMember" order="3"/>
    <link:loc xlink:label="ns12_IndefiniteLivedFranchiseRights" xlink:href="https://xbrl.fasb.org/us-gaap/2023/elts/us-gaap-2023.xsd#us-gaap_IndefiniteLivedFranchiseRights" xlink:type="locator"/>
    <link:loc xlink:label="ns12_IndefiniteLivedIntangibleAssetsByMajorClassAxis_3" xlink:href="https://xbrl.fasb.org/us-gaap/2023/elts/us-gaap-2023.xsd#us-gaap_IndefiniteLivedIntangibleAssetsByMajorClassAxis" xlink:type="locator"/>
    <link:definitionArc xlink:arcrole="http://www.xbrl.org/2023/arcrole/concept-dimensional-equivalent" xlink:type="arc" xlink:from="ns12_IndefiniteLivedFranchiseRights" xlink:to="ns12_IndefiniteLivedIntangibleAssetsByMajorClassAxis_3" order="2"/>
    <link:loc xlink:label="ns12_IndefiniteLivedIntangibleAssetsExcludingGoodwill_1" xlink:href="https://xbrl.fasb.org/us-gaap/2023/elts/us-gaap-2023.xsd#us-gaap_IndefiniteLivedIntangibleAssetsExcludingGoodwill" xlink:type="locator"/>
    <link:definitionArc xlink:arcrole="http://www.xbrl.org/2023/arcrole/concept-dimensional-equivalent" xlink:type="arc" xlink:from="ns12_IndefiniteLivedFranchiseRights" xlink:to="ns12_IndefiniteLivedIntangibleAssetsExcludingGoodwill_1" order="1"/>
    <link:loc xlink:label="ns12_RetainedEarningsUnappropriated" xlink:href="https://xbrl.fasb.org/us-gaap/2023/elts/us-gaap-2023.xsd#us-gaap_RetainedEarningsUnappropriated" xlink:type="locator"/>
    <link:loc xlink:label="ns12_RetainedEarningsUnappropriatedMember" xlink:href="https://xbrl.fasb.org/us-gaap/2023/elts/us-gaap-2023.xsd#us-gaap_RetainedEarningsUnappropriatedMember" xlink:type="locator"/>
    <link:definitionArc xlink:arcrole="http://www.xbrl.org/2023/arcrole/concept-dimensional-equivalent" xlink:type="arc" xlink:from="ns12_RetainedEarningsUnappropriated" xlink:to="ns12_RetainedEarningsUnappropriatedMember" order="3"/>
    <link:loc xlink:label="ns12_CashFlowHedgeDerivativeInstrumentAssetsAtFairValue" xlink:href="https://xbrl.fasb.org/us-gaap/2023/elts/us-gaap-2023.xsd#us-gaap_CashFlowHedgeDerivativeInstrumentAssetsAtFairValue" xlink:type="locator"/>
    <link:loc xlink:label="ns12_DerivativeInstrumentsGainLossByHedgingRelationshipAxis_2" xlink:href="https://xbrl.fasb.org/us-gaap/2023/elts/us-gaap-2023.xsd#us-gaap_DerivativeInstrumentsGainLossByHedgingRelationshipAxis" xlink:type="locator"/>
    <link:definitionArc xlink:arcrole="http://www.xbrl.org/2023/arcrole/concept-dimensional-equivalent" xlink:type="arc" xlink:from="ns12_CashFlowHedgeDerivativeInstrumentAssetsAtFairValue" xlink:to="ns12_DerivativeInstrumentsGainLossByHedgingRelationshipAxis_2" order="2"/>
    <link:loc xlink:label="ns12_CreditRiskDerivativesAtFairValueNet" xlink:href="https://xbrl.fasb.org/us-gaap/2023/elts/us-gaap-2023.xsd#us-gaap_CreditRiskDerivativesAtFairValueNet" xlink:type="locator"/>
    <link:loc xlink:label="ns12_DerivativeFairValueOfDerivativeNet" xlink:href="https://xbrl.fasb.org/us-gaap/2023/elts/us-gaap-2023.xsd#us-gaap_DerivativeFairValueOfDerivativeNet" xlink:type="locator"/>
    <link:definitionArc xlink:arcrole="http://www.xbrl.org/2023/arcrole/concept-dimensional-equivalent" xlink:type="arc" xlink:from="ns12_CreditRiskDerivativesAtFairValueNet" xlink:to="ns12_DerivativeFairValueOfDerivativeNet" order="1"/>
    <link:loc xlink:label="ns12_FiniteLivedTradeNamesGross" xlink:href="https://xbrl.fasb.org/us-gaap/2023/elts/us-gaap-2023.xsd#us-gaap_FiniteLivedTradeNamesGross" xlink:type="locator"/>
    <link:loc xlink:label="ns12_TradeNamesMember" xlink:href="https://xbrl.fasb.org/us-gaap/2023/elts/us-gaap-2023.xsd#us-gaap_TradeNamesMember" xlink:type="locator"/>
    <link:definitionArc xlink:arcrole="http://www.xbrl.org/2023/arcrole/concept-dimensional-equivalent" xlink:type="arc" xlink:from="ns12_FiniteLivedTradeNamesGross" xlink:to="ns12_TradeNamesMember" order="3"/>
    <link:loc xlink:label="ns12_RetainedEarningsAccumulatedDeficit" xlink:href="https://xbrl.fasb.org/us-gaap/2023/elts/us-gaap-2023.xsd#us-gaap_RetainedEarningsAccumulatedDeficit" xlink:type="locator"/>
    <link:loc xlink:label="ns12_RetainedEarningsMember" xlink:href="https://xbrl.fasb.org/us-gaap/2023/elts/us-gaap-2023.xsd#us-gaap_RetainedEarningsMember" xlink:type="locator"/>
    <link:definitionArc xlink:arcrole="http://www.xbrl.org/2023/arcrole/concept-dimensional-equivalent" xlink:type="arc" xlink:from="ns12_RetainedEarningsAccumulatedDeficit" xlink:to="ns12_RetainedEarningsMember" order="3"/>
    <link:loc xlink:label="ns12_IndefiniteLivedContractualRights" xlink:href="https://xbrl.fasb.org/us-gaap/2023/elts/us-gaap-2023.xsd#us-gaap_IndefiniteLivedContractualRights" xlink:type="locator"/>
    <link:loc xlink:label="ns12_IndefiniteLivedIntangibleAssetsExcludingGoodwill_2" xlink:href="https://xbrl.fasb.org/us-gaap/2023/elts/us-gaap-2023.xsd#us-gaap_IndefiniteLivedIntangibleAssetsExcludingGoodwill" xlink:type="locator"/>
    <link:definitionArc xlink:arcrole="http://www.xbrl.org/2023/arcrole/concept-dimensional-equivalent" xlink:type="arc" xlink:from="ns12_IndefiniteLivedContractualRights" xlink:to="ns12_IndefiniteLivedIntangibleAssetsExcludingGoodwill_2" order="1"/>
    <link:loc xlink:label="ns12_StockholdersEquityIncludingPortionAttributableToNoncontrollingInterest_4" xlink:href="https://xbrl.fasb.org/us-gaap/2023/elts/us-gaap-2023.xsd#us-gaap_StockholdersEquityIncludingPortionAttributableToNoncontrollingInterest" xlink:type="locator"/>
    <link:definitionArc xlink:arcrole="http://www.xbrl.org/2023/arcrole/concept-dimensional-equivalent" xlink:type="arc" xlink:from="ns12_StockholdersEquity" xlink:to="ns12_StockholdersEquityIncludingPortionAttributableToNoncontrollingInterest_4" order="1"/>
    <link:loc xlink:label="ns12_BuildingsAndImprovementsGross" xlink:href="https://xbrl.fasb.org/us-gaap/2023/elts/us-gaap-2023.xsd#us-gaap_BuildingsAndImprovementsGross" xlink:type="locator"/>
    <link:loc xlink:label="ns12_PropertyPlantAndEquipmentByTypeAxis" xlink:href="https://xbrl.fasb.org/us-gaap/2023/elts/us-gaap-2023.xsd#us-gaap_PropertyPlantAndEquipmentByTypeAxis" xlink:type="locator"/>
    <link:definitionArc xlink:arcrole="http://www.xbrl.org/2023/arcrole/concept-dimensional-equivalent" xlink:type="arc" xlink:from="ns12_BuildingsAndImprovementsGross" xlink:to="ns12_PropertyPlantAndEquipmentByTypeAxis" order="2"/>
    <link:loc xlink:label="ns12_IndefiniteLivedIntangibleAssetsByMajorClassAxis_4" xlink:href="https://xbrl.fasb.org/us-gaap/2023/elts/us-gaap-2023.xsd#us-gaap_IndefiniteLivedIntangibleAssetsByMajorClassAxis" xlink:type="locator"/>
    <link:definitionArc xlink:arcrole="http://www.xbrl.org/2023/arcrole/concept-dimensional-equivalent" xlink:type="arc" xlink:from="ns12_IndefiniteLivedContractualRights" xlink:to="ns12_IndefiniteLivedIntangibleAssetsByMajorClassAxis_4" order="2"/>
    <link:loc xlink:label="ns12_FiniteLivedPatentsGross" xlink:href="https://xbrl.fasb.org/us-gaap/2023/elts/us-gaap-2023.xsd#us-gaap_FiniteLivedPatentsGross" xlink:type="locator"/>
    <link:loc xlink:label="ns12_PatentsMember" xlink:href="https://xbrl.fasb.org/us-gaap/2023/elts/us-gaap-2023.xsd#us-gaap_PatentsMember" xlink:type="locator"/>
    <link:definitionArc xlink:arcrole="http://www.xbrl.org/2023/arcrole/concept-dimensional-equivalent" xlink:type="arc" xlink:from="ns12_FiniteLivedPatentsGross" xlink:to="ns12_PatentsMember" order="3"/>
    <link:loc xlink:label="ns12_CreditRiskDerivativeLiabilitiesAtFairValue" xlink:href="https://xbrl.fasb.org/us-gaap/2023/elts/us-gaap-2023.xsd#us-gaap_CreditRiskDerivativeLiabilitiesAtFairValue" xlink:type="locator"/>
    <link:loc xlink:label="ns12_DerivativeLiabilities" xlink:href="https://xbrl.fasb.org/us-gaap/2023/elts/us-gaap-2023.xsd#us-gaap_DerivativeLiabilities" xlink:type="locator"/>
    <link:definitionArc xlink:arcrole="http://www.xbrl.org/2023/arcrole/concept-dimensional-equivalent" xlink:type="arc" xlink:from="ns12_CreditRiskDerivativeLiabilitiesAtFairValue" xlink:to="ns12_DerivativeLiabilities" order="1"/>
    <link:loc xlink:label="ns12_AociLossCashFlowHedgeCumulativeGainLossAfterTax" xlink:href="https://xbrl.fasb.org/us-gaap/2023/elts/us-gaap-2023.xsd#us-gaap_AociLossCashFlowHedgeCumulativeGainLossAfterTax" xlink:type="locator"/>
    <link:loc xlink:label="ns12_StatementEquityComponentsAxis" xlink:href="https://xbrl.fasb.org/us-gaap/2023/elts/us-gaap-2023.xsd#us-gaap_StatementEquityComponentsAxis" xlink:type="locator"/>
    <link:definitionArc xlink:arcrole="http://www.xbrl.org/2023/arcrole/concept-dimensional-equivalent" xlink:type="arc" xlink:from="ns12_AociLossCashFlowHedgeCumulativeGainLossAfterTax" xlink:to="ns12_StatementEquityComponentsAxis" order="2"/>
    <link:loc xlink:label="ns12_ReceivableFromOfficersAndDirectorsForIssuanceOfCapitalStock" xlink:href="https://xbrl.fasb.org/us-gaap/2023/elts/us-gaap-2023.xsd#us-gaap_ReceivableFromOfficersAndDirectorsForIssuanceOfCapitalStock" xlink:type="locator"/>
    <link:loc xlink:label="ns12_ReceivablesFromStockholderMember" xlink:href="https://xbrl.fasb.org/us-gaap/2023/elts/us-gaap-2023.xsd#us-gaap_ReceivablesFromStockholderMember" xlink:type="locator"/>
    <link:definitionArc xlink:arcrole="http://www.xbrl.org/2023/arcrole/concept-dimensional-equivalent" xlink:type="arc" xlink:from="ns12_ReceivableFromOfficersAndDirectorsForIssuanceOfCapitalStock" xlink:to="ns12_ReceivablesFromStockholderMember" order="3"/>
    <link:loc xlink:label="ns12_FiniteLivedNoncompeteAgreementsGross" xlink:href="https://xbrl.fasb.org/us-gaap/2023/elts/us-gaap-2023.xsd#us-gaap_FiniteLivedNoncompeteAgreementsGross" xlink:type="locator"/>
    <link:loc xlink:label="ns12_NoncompeteAgreementsMember" xlink:href="https://xbrl.fasb.org/us-gaap/2023/elts/us-gaap-2023.xsd#us-gaap_NoncompeteAgreementsMember" xlink:type="locator"/>
    <link:definitionArc xlink:arcrole="http://www.xbrl.org/2023/arcrole/concept-dimensional-equivalent" xlink:type="arc" xlink:from="ns12_FiniteLivedNoncompeteAgreementsGross" xlink:to="ns12_NoncompeteAgreementsMember" order="3"/>
    <link:loc xlink:label="ns12_FurnitureAndFixturesGross" xlink:href="https://xbrl.fasb.org/us-gaap/2023/elts/us-gaap-2023.xsd#us-gaap_FurnitureAndFixturesGross" xlink:type="locator"/>
    <link:loc xlink:label="ns12_PropertyPlantAndEquipmentByTypeAxis_1" xlink:href="https://xbrl.fasb.org/us-gaap/2023/elts/us-gaap-2023.xsd#us-gaap_PropertyPlantAndEquipmentByTypeAxis" xlink:type="locator"/>
    <link:definitionArc xlink:arcrole="http://www.xbrl.org/2023/arcrole/concept-dimensional-equivalent" xlink:type="arc" xlink:from="ns12_FurnitureAndFixturesGross" xlink:to="ns12_PropertyPlantAndEquipmentByTypeAxis_1" order="2"/>
    <link:loc xlink:label="ns12_PropertyPlantAndEquipmentGross_1" xlink:href="https://xbrl.fasb.org/us-gaap/2023/elts/us-gaap-2023.xsd#us-gaap_PropertyPlantAndEquipmentGross" xlink:type="locator"/>
    <link:definitionArc xlink:arcrole="http://www.xbrl.org/2023/arcrole/concept-dimensional-equivalent" xlink:type="arc" xlink:from="ns12_FurnitureAndFixturesGross" xlink:to="ns12_PropertyPlantAndEquipmentGross_1" order="1"/>
    <link:loc xlink:label="ns12_CreditRiskDerivativeAssetsAtFairValue" xlink:href="https://xbrl.fasb.org/us-gaap/2023/elts/us-gaap-2023.xsd#us-gaap_CreditRiskDerivativeAssetsAtFairValue" xlink:type="locator"/>
    <link:loc xlink:label="ns12_DerivativeAssets" xlink:href="https://xbrl.fasb.org/us-gaap/2023/elts/us-gaap-2023.xsd#us-gaap_DerivativeAssets" xlink:type="locator"/>
    <link:definitionArc xlink:arcrole="http://www.xbrl.org/2023/arcrole/concept-dimensional-equivalent" xlink:type="arc" xlink:from="ns12_CreditRiskDerivativeAssetsAtFairValue" xlink:to="ns12_DerivativeAssets" order="1"/>
    <link:loc xlink:label="ns12_AociDerivativeQualifyingAsHedgeExcludedComponentAfterTax" xlink:href="https://xbrl.fasb.org/us-gaap/2023/elts/us-gaap-2023.xsd#us-gaap_AociDerivativeQualifyingAsHedgeExcludedComponentAfterTax" xlink:type="locator"/>
    <link:loc xlink:label="ns12_StatementEquityComponentsAxis_1" xlink:href="https://xbrl.fasb.org/us-gaap/2023/elts/us-gaap-2023.xsd#us-gaap_StatementEquityComponentsAxis" xlink:type="locator"/>
    <link:definitionArc xlink:arcrole="http://www.xbrl.org/2023/arcrole/concept-dimensional-equivalent" xlink:type="arc" xlink:from="ns12_AociDerivativeQualifyingAsHedgeExcludedComponentAfterTax" xlink:to="ns12_StatementEquityComponentsAxis_1" order="2"/>
    <link:loc xlink:label="ns12_PropertyPlantAndEquipmentOther" xlink:href="https://xbrl.fasb.org/us-gaap/2023/elts/us-gaap-2023.xsd#us-gaap_PropertyPlantAndEquipmentOther" xlink:type="locator"/>
    <link:loc xlink:label="ns12_OtherCapitalizedPropertyPlantAndEquipmentMember" xlink:href="https://xbrl.fasb.org/us-gaap/2023/elts/us-gaap-2023.xsd#us-gaap_OtherCapitalizedPropertyPlantAndEquipmentMember" xlink:type="locator"/>
    <link:definitionArc xlink:arcrole="http://www.xbrl.org/2023/arcrole/concept-dimensional-equivalent" xlink:type="arc" xlink:from="ns12_PropertyPlantAndEquipmentOther" xlink:to="ns12_OtherCapitalizedPropertyPlantAndEquipmentMember" order="3"/>
    <link:loc xlink:label="ns12_FiniteLivedLicenseAgreementsGross" xlink:href="https://xbrl.fasb.org/us-gaap/2023/elts/us-gaap-2023.xsd#us-gaap_FiniteLivedLicenseAgreementsGross" xlink:type="locator"/>
    <link:loc xlink:label="ns12_LicensingAgreementsMember" xlink:href="https://xbrl.fasb.org/us-gaap/2023/elts/us-gaap-2023.xsd#us-gaap_LicensingAgreementsMember" xlink:type="locator"/>
    <link:definitionArc xlink:arcrole="http://www.xbrl.org/2023/arcrole/concept-dimensional-equivalent" xlink:type="arc" xlink:from="ns12_FiniteLivedLicenseAgreementsGross" xlink:to="ns12_LicensingAgreementsMember" order="3"/>
    <link:loc xlink:label="ns12_StockholdersEquityIncludingPortionAttributableToNoncontrollingInterest_5" xlink:href="https://xbrl.fasb.org/us-gaap/2023/elts/us-gaap-2023.xsd#us-gaap_StockholdersEquityIncludingPortionAttributableToNoncontrollingInterest" xlink:type="locator"/>
    <link:definitionArc xlink:arcrole="http://www.xbrl.org/2023/arcrole/concept-dimensional-equivalent" xlink:type="arc" xlink:from="ns12_RetainedEarningsUnappropriated" xlink:to="ns12_StockholdersEquityIncludingPortionAttributableToNoncontrollingInterest_5" order="1"/>
    <link:loc xlink:label="ns12_AdditionalPaidInCapital" xlink:href="https://xbrl.fasb.org/us-gaap/2023/elts/us-gaap-2023.xsd#us-gaap_AdditionalPaidInCapital" xlink:type="locator"/>
    <link:loc xlink:label="ns12_StatementEquityComponentsAxis_2" xlink:href="https://xbrl.fasb.org/us-gaap/2023/elts/us-gaap-2023.xsd#us-gaap_StatementEquityComponentsAxis" xlink:type="locator"/>
    <link:definitionArc xlink:arcrole="http://www.xbrl.org/2023/arcrole/concept-dimensional-equivalent" xlink:type="arc" xlink:from="ns12_AdditionalPaidInCapital" xlink:to="ns12_StatementEquityComponentsAxis_2" order="2"/>
    <link:loc xlink:label="ns12_FiniteLivedIntangibleAssetsByMajorClassAxis" xlink:href="https://xbrl.fasb.org/us-gaap/2023/elts/us-gaap-2023.xsd#us-gaap_FiniteLivedIntangibleAssetsByMajorClassAxis" xlink:type="locator"/>
    <link:definitionArc xlink:arcrole="http://www.xbrl.org/2023/arcrole/concept-dimensional-equivalent" xlink:type="arc" xlink:from="ns12_FiniteLivedTrademarksGross" xlink:to="ns12_FiniteLivedIntangibleAssetsByMajorClassAxis" order="2"/>
    <link:loc xlink:label="ns12_FiniteLivedIntangibleAssetOffMarketLeaseFavorableGross" xlink:href="https://xbrl.fasb.org/us-gaap/2023/elts/us-gaap-2023.xsd#us-gaap_FiniteLivedIntangibleAssetOffMarketLeaseFavorableGross" xlink:type="locator"/>
    <link:loc xlink:label="ns12_OffMarketFavorableLeaseMember" xlink:href="https://xbrl.fasb.org/us-gaap/2023/elts/us-gaap-2023.xsd#us-gaap_OffMarketFavorableLeaseMember" xlink:type="locator"/>
    <link:definitionArc xlink:arcrole="http://www.xbrl.org/2023/arcrole/concept-dimensional-equivalent" xlink:type="arc" xlink:from="ns12_FiniteLivedIntangibleAssetOffMarketLeaseFavorableGross" xlink:to="ns12_OffMarketFavorableLeaseMember" order="3"/>
    <link:loc xlink:label="ns12_ConstructionInProgressGross" xlink:href="https://xbrl.fasb.org/us-gaap/2023/elts/us-gaap-2023.xsd#us-gaap_ConstructionInProgressGross" xlink:type="locator"/>
    <link:loc xlink:label="ns12_PropertyPlantAndEquipmentGross_2" xlink:href="https://xbrl.fasb.org/us-gaap/2023/elts/us-gaap-2023.xsd#us-gaap_PropertyPlantAndEquipmentGross" xlink:type="locator"/>
    <link:definitionArc xlink:arcrole="http://www.xbrl.org/2023/arcrole/concept-dimensional-equivalent" xlink:type="arc" xlink:from="ns12_ConstructionInProgressGross" xlink:to="ns12_PropertyPlantAndEquipmentGross_2" order="1"/>
    <link:loc xlink:label="ns12_FiniteLivedIntangibleAssetsGross_4" xlink:href="https://xbrl.fasb.org/us-gaap/2023/elts/us-gaap-2023.xsd#us-gaap_FiniteLivedIntangibleAssetsGross" xlink:type="locator"/>
    <link:definitionArc xlink:arcrole="http://www.xbrl.org/2023/arcrole/concept-dimensional-equivalent" xlink:type="arc" xlink:from="ns12_FiniteLivedTrademarksGross" xlink:to="ns12_FiniteLivedIntangibleAssetsGross_4" order="1"/>
    <link:loc xlink:label="ns12_OtherIndefiniteLivedIntangibleAssets" xlink:href="https://xbrl.fasb.org/us-gaap/2023/elts/us-gaap-2023.xsd#us-gaap_OtherIndefiniteLivedIntangibleAssets" xlink:type="locator"/>
    <link:loc xlink:label="ns12_OtherIntangibleAssetsMember" xlink:href="https://xbrl.fasb.org/us-gaap/2023/elts/us-gaap-2023.xsd#us-gaap_OtherIntangibleAssetsMember" xlink:type="locator"/>
    <link:definitionArc xlink:arcrole="http://www.xbrl.org/2023/arcrole/concept-dimensional-equivalent" xlink:type="arc" xlink:from="ns12_OtherIndefiniteLivedIntangibleAssets" xlink:to="ns12_OtherIntangibleAssetsMember" order="3"/>
    <link:loc xlink:label="ns12_AccumulatedOtherComprehensiveIncomeLossNetOfTax" xlink:href="https://xbrl.fasb.org/us-gaap/2023/elts/us-gaap-2023.xsd#us-gaap_AccumulatedOtherComprehensiveIncomeLossNetOfTax" xlink:type="locator"/>
    <link:loc xlink:label="ns12_StatementEquityComponentsAxis_3" xlink:href="https://xbrl.fasb.org/us-gaap/2023/elts/us-gaap-2023.xsd#us-gaap_StatementEquityComponentsAxis" xlink:type="locator"/>
    <link:definitionArc xlink:arcrole="http://www.xbrl.org/2023/arcrole/concept-dimensional-equivalent" xlink:type="arc" xlink:from="ns12_AccumulatedOtherComprehensiveIncomeLossNetOfTax" xlink:to="ns12_StatementEquityComponentsAxis_3" order="2"/>
    <link:loc xlink:label="ns12_FiniteLivedIntangibleAssetsByMajorClassAxis_1" xlink:href="https://xbrl.fasb.org/us-gaap/2023/elts/us-gaap-2023.xsd#us-gaap_FiniteLivedIntangibleAssetsByMajorClassAxis" xlink:type="locator"/>
    <link:definitionArc xlink:arcrole="http://www.xbrl.org/2023/arcrole/concept-dimensional-equivalent" xlink:type="arc" xlink:from="ns12_FiniteLivedTradeNamesGross" xlink:to="ns12_FiniteLivedIntangibleAssetsByMajorClassAxis_1" order="2"/>
    <link:loc xlink:label="ns12_FiniteLivedIntangibleAssetAcquiredInPlaceLeases" xlink:href="https://xbrl.fasb.org/us-gaap/2023/elts/us-gaap-2023.xsd#us-gaap_FiniteLivedIntangibleAssetAcquiredInPlaceLeases" xlink:type="locator"/>
    <link:loc xlink:label="ns12_LeasesAcquiredInPlaceMember" xlink:href="https://xbrl.fasb.org/us-gaap/2023/elts/us-gaap-2023.xsd#us-gaap_LeasesAcquiredInPlaceMember" xlink:type="locator"/>
    <link:definitionArc xlink:arcrole="http://www.xbrl.org/2023/arcrole/concept-dimensional-equivalent" xlink:type="arc" xlink:from="ns12_FiniteLivedIntangibleAssetAcquiredInPlaceLeases" xlink:to="ns12_LeasesAcquiredInPlaceMember" order="3"/>
    <link:loc xlink:label="ns12_CommonStockValue" xlink:href="https://xbrl.fasb.org/us-gaap/2023/elts/us-gaap-2023.xsd#us-gaap_CommonStockValue" xlink:type="locator"/>
    <link:loc xlink:label="ns12_StockholdersEquityIncludingPortionAttributableToNoncontrollingInterest_6" xlink:href="https://xbrl.fasb.org/us-gaap/2023/elts/us-gaap-2023.xsd#us-gaap_StockholdersEquityIncludingPortionAttributableToNoncontrollingInterest" xlink:type="locator"/>
    <link:definitionArc xlink:arcrole="http://www.xbrl.org/2023/arcrole/concept-dimensional-equivalent" xlink:type="arc" xlink:from="ns12_CommonStockValue" xlink:to="ns12_StockholdersEquityIncludingPortionAttributableToNoncontrollingInterest_6" order="1"/>
    <link:loc xlink:label="ns12_FiniteLivedIntangibleAssetsGross_5" xlink:href="https://xbrl.fasb.org/us-gaap/2023/elts/us-gaap-2023.xsd#us-gaap_FiniteLivedIntangibleAssetsGross" xlink:type="locator"/>
    <link:definitionArc xlink:arcrole="http://www.xbrl.org/2023/arcrole/concept-dimensional-equivalent" xlink:type="arc" xlink:from="ns12_FiniteLivedTradeNamesGross" xlink:to="ns12_FiniteLivedIntangibleAssetsGross_5" order="1"/>
    <link:loc xlink:label="ns12_StockholdersEquityIncludingPortionAttributableToNoncontrollingInterest_7" xlink:href="https://xbrl.fasb.org/us-gaap/2023/elts/us-gaap-2023.xsd#us-gaap_StockholdersEquityIncludingPortionAttributableToNoncontrollingInterest" xlink:type="locator"/>
    <link:definitionArc xlink:arcrole="http://www.xbrl.org/2023/arcrole/concept-dimensional-equivalent" xlink:type="arc" xlink:from="ns12_RetainedEarningsAccumulatedDeficit" xlink:to="ns12_StockholdersEquityIncludingPortionAttributableToNoncontrollingInterest_7" order="1"/>
    <link:loc xlink:label="ns12_AccumulatedOtherComprehensiveIncomeLossForeignCurrencyTranslationAdjustmentNetOfTax" xlink:href="https://xbrl.fasb.org/us-gaap/2023/elts/us-gaap-2023.xsd#us-gaap_AccumulatedOtherComprehensiveIncomeLossForeignCurrencyTranslationAdjustmentNetOfTax" xlink:type="locator"/>
    <link:loc xlink:label="ns12_StatementEquityComponentsAxis_4" xlink:href="https://xbrl.fasb.org/us-gaap/2023/elts/us-gaap-2023.xsd#us-gaap_StatementEquityComponentsAxis" xlink:type="locator"/>
    <link:definitionArc xlink:arcrole="http://www.xbrl.org/2023/arcrole/concept-dimensional-equivalent" xlink:type="arc" xlink:from="ns12_AccumulatedOtherComprehensiveIncomeLossForeignCurrencyTranslationAdjustmentNetOfTax" xlink:to="ns12_StatementEquityComponentsAxis_4" order="2"/>
    <link:loc xlink:label="ns12_OtherFiniteLivedIntangibleAssetsGross" xlink:href="https://xbrl.fasb.org/us-gaap/2023/elts/us-gaap-2023.xsd#us-gaap_OtherFiniteLivedIntangibleAssetsGross" xlink:type="locator"/>
    <link:loc xlink:label="ns12_OtherIntangibleAssetsMember_1" xlink:href="https://xbrl.fasb.org/us-gaap/2023/elts/us-gaap-2023.xsd#us-gaap_OtherIntangibleAssetsMember" xlink:type="locator"/>
    <link:definitionArc xlink:arcrole="http://www.xbrl.org/2023/arcrole/concept-dimensional-equivalent" xlink:type="arc" xlink:from="ns12_OtherFiniteLivedIntangibleAssetsGross" xlink:to="ns12_OtherIntangibleAssetsMember_1" order="3"/>
    <link:loc xlink:label="ns12_CustomerRelationshipsMember" xlink:href="https://xbrl.fasb.org/us-gaap/2023/elts/us-gaap-2023.xsd#us-gaap_CustomerRelationshipsMember" xlink:type="locator"/>
    <link:definitionArc xlink:arcrole="http://www.xbrl.org/2023/arcrole/concept-dimensional-equivalent" xlink:type="arc" xlink:from="ns12_FiniteLivedCustomerRelationshipsGross" xlink:to="ns12_CustomerRelationshipsMember" order="3"/>
    <link:loc xlink:label="ns12_FiniteLivedIntangibleAssetsByMajorClassAxis_2" xlink:href="https://xbrl.fasb.org/us-gaap/2023/elts/us-gaap-2023.xsd#us-gaap_FiniteLivedIntangibleAssetsByMajorClassAxis" xlink:type="locator"/>
    <link:definitionArc xlink:arcrole="http://www.xbrl.org/2023/arcrole/concept-dimensional-equivalent" xlink:type="arc" xlink:from="ns12_FiniteLivedPatentsGross" xlink:to="ns12_FiniteLivedIntangibleAssetsByMajorClassAxis_2" order="2"/>
    <link:loc xlink:label="ns12_FiniteLivedIntangibleAssetsGross_6" xlink:href="https://xbrl.fasb.org/us-gaap/2023/elts/us-gaap-2023.xsd#us-gaap_FiniteLivedIntangibleAssetsGross" xlink:type="locator"/>
    <link:definitionArc xlink:arcrole="http://www.xbrl.org/2023/arcrole/concept-dimensional-equivalent" xlink:type="arc" xlink:from="ns12_FiniteLivedPatentsGross" xlink:to="ns12_FiniteLivedIntangibleAssetsGross_6" order="1"/>
    <link:loc xlink:label="ns12_DerivativeFairValueOfDerivativeNet_1" xlink:href="https://xbrl.fasb.org/us-gaap/2023/elts/us-gaap-2023.xsd#us-gaap_DerivativeFairValueOfDerivativeNet" xlink:type="locator"/>
    <link:definitionArc xlink:arcrole="http://www.xbrl.org/2023/arcrole/concept-dimensional-equivalent" xlink:type="arc" xlink:from="ns12_CashFlowHedgesDerivativeInstrumentsAtFairValueNet" xlink:to="ns12_DerivativeFairValueOfDerivativeNet_1" order="1"/>
    <link:loc xlink:label="ns12_AccumulatedOtherComprehensiveIncomeLossFinancialLiabilityFairValueOptionAfterTax" xlink:href="https://xbrl.fasb.org/us-gaap/2023/elts/us-gaap-2023.xsd#us-gaap_AccumulatedOtherComprehensiveIncomeLossFinancialLiabilityFairValueOptionAfterTax" xlink:type="locator"/>
    <link:loc xlink:label="ns12_StatementEquityComponentsAxis_5" xlink:href="https://xbrl.fasb.org/us-gaap/2023/elts/us-gaap-2023.xsd#us-gaap_StatementEquityComponentsAxis" xlink:type="locator"/>
    <link:definitionArc xlink:arcrole="http://www.xbrl.org/2023/arcrole/concept-dimensional-equivalent" xlink:type="arc" xlink:from="ns12_AccumulatedOtherComprehensiveIncomeLossFinancialLiabilityFairValueOptionAfterTax" xlink:to="ns12_StatementEquityComponentsAxis_5" order="2"/>
    <link:loc xlink:label="ns12_StockholdersEquityIncludingPortionAttributableToNoncontrollingInterest_8" xlink:href="https://xbrl.fasb.org/us-gaap/2023/elts/us-gaap-2023.xsd#us-gaap_StockholdersEquityIncludingPortionAttributableToNoncontrollingInterest" xlink:type="locator"/>
    <link:definitionArc xlink:arcrole="http://www.xbrl.org/2023/arcrole/concept-dimensional-equivalent" xlink:type="arc" xlink:from="ns12_ReceivableFromOfficersAndDirectorsForIssuanceOfCapitalStock" xlink:to="ns12_StockholdersEquityIncludingPortionAttributableToNoncontrollingInterest_8" order="1"/>
    <link:loc xlink:label="ns12_CustomerListsMember" xlink:href="https://xbrl.fasb.org/us-gaap/2023/elts/us-gaap-2023.xsd#us-gaap_CustomerListsMember" xlink:type="locator"/>
    <link:definitionArc xlink:arcrole="http://www.xbrl.org/2023/arcrole/concept-dimensional-equivalent" xlink:type="arc" xlink:from="ns12_FiniteLivedCustomerListsGross" xlink:to="ns12_CustomerListsMember" order="3"/>
    <link:loc xlink:label="ns12_OtherAdditionalCapital" xlink:href="https://xbrl.fasb.org/us-gaap/2023/elts/us-gaap-2023.xsd#us-gaap_OtherAdditionalCapital" xlink:type="locator"/>
    <link:loc xlink:label="ns12_OtherAdditionalCapitalMember" xlink:href="https://xbrl.fasb.org/us-gaap/2023/elts/us-gaap-2023.xsd#us-gaap_OtherAdditionalCapitalMember" xlink:type="locator"/>
    <link:definitionArc xlink:arcrole="http://www.xbrl.org/2023/arcrole/concept-dimensional-equivalent" xlink:type="arc" xlink:from="ns12_OtherAdditionalCapital" xlink:to="ns12_OtherAdditionalCapitalMember" order="3"/>
    <link:loc xlink:label="ns12_FiniteLivedIntangibleAssetsGross_7" xlink:href="https://xbrl.fasb.org/us-gaap/2023/elts/us-gaap-2023.xsd#us-gaap_FiniteLivedIntangibleAssetsGross" xlink:type="locator"/>
    <link:definitionArc xlink:arcrole="http://www.xbrl.org/2023/arcrole/concept-dimensional-equivalent" xlink:type="arc" xlink:from="ns12_FiniteLivedNoncompeteAgreementsGross" xlink:to="ns12_FiniteLivedIntangibleAssetsGross_7" order="1"/>
    <link:loc xlink:label="ns12_DerivativeLiabilities_1" xlink:href="https://xbrl.fasb.org/us-gaap/2023/elts/us-gaap-2023.xsd#us-gaap_DerivativeLiabilities" xlink:type="locator"/>
    <link:definitionArc xlink:arcrole="http://www.xbrl.org/2023/arcrole/concept-dimensional-equivalent" xlink:type="arc" xlink:from="ns12_CashFlowHedgeDerivativeInstrumentLiabilitiesAtFairValue" xlink:to="ns12_DerivativeLiabilities_1" order="1"/>
    <link:loc xlink:label="ns12_AccumulatedOtherComprehensiveIncomeLossDefinedBenefitPensionAndOtherPostretirementPlansNetOfTax" xlink:href="https://xbrl.fasb.org/us-gaap/2023/elts/us-gaap-2023.xsd#us-gaap_AccumulatedOtherComprehensiveIncomeLossDefinedBenefitPensionAndOtherPostretirementPlansNetOfTax" xlink:type="locator"/>
    <link:loc xlink:label="ns12_StatementEquityComponentsAxis_6" xlink:href="https://xbrl.fasb.org/us-gaap/2023/elts/us-gaap-2023.xsd#us-gaap_StatementEquityComponentsAxis" xlink:type="locator"/>
    <link:definitionArc xlink:arcrole="http://www.xbrl.org/2023/arcrole/concept-dimensional-equivalent" xlink:type="arc" xlink:from="ns12_AccumulatedOtherComprehensiveIncomeLossDefinedBenefitPensionAndOtherPostretirementPlansNetOfTax" xlink:to="ns12_StatementEquityComponentsAxis_6" order="2"/>
    <link:loc xlink:label="ns12_PropertyPlantAndEquipmentGross_3" xlink:href="https://xbrl.fasb.org/us-gaap/2023/elts/us-gaap-2023.xsd#us-gaap_PropertyPlantAndEquipmentGross" xlink:type="locator"/>
    <link:definitionArc xlink:arcrole="http://www.xbrl.org/2023/arcrole/concept-dimensional-equivalent" xlink:type="arc" xlink:from="ns12_PropertyPlantAndEquipmentOther" xlink:to="ns12_PropertyPlantAndEquipmentGross_3" order="1"/>
    <link:loc xlink:label="ns12_CoreDepositsMember" xlink:href="https://xbrl.fasb.org/us-gaap/2023/elts/us-gaap-2023.xsd#us-gaap_CoreDepositsMember" xlink:type="locator"/>
    <link:definitionArc xlink:arcrole="http://www.xbrl.org/2023/arcrole/concept-dimensional-equivalent" xlink:type="arc" xlink:from="ns12_FiniteLivedCoreDepositsGross" xlink:to="ns12_CoreDepositsMember" order="3"/>
    <link:loc xlink:label="ns12_FiniteLivedIntangibleAssetsByMajorClassAxis_3" xlink:href="https://xbrl.fasb.org/us-gaap/2023/elts/us-gaap-2023.xsd#us-gaap_FiniteLivedIntangibleAssetsByMajorClassAxis" xlink:type="locator"/>
    <link:definitionArc xlink:arcrole="http://www.xbrl.org/2023/arcrole/concept-dimensional-equivalent" xlink:type="arc" xlink:from="ns12_FiniteLivedNoncompeteAgreementsGross" xlink:to="ns12_FiniteLivedIntangibleAssetsByMajorClassAxis_3" order="2"/>
    <link:loc xlink:label="ns12_FiniteLivedIntangibleAssetsGross_8" xlink:href="https://xbrl.fasb.org/us-gaap/2023/elts/us-gaap-2023.xsd#us-gaap_FiniteLivedIntangibleAssetsGross" xlink:type="locator"/>
    <link:definitionArc xlink:arcrole="http://www.xbrl.org/2023/arcrole/concept-dimensional-equivalent" xlink:type="arc" xlink:from="ns12_FiniteLivedLicenseAgreementsGross" xlink:to="ns12_FiniteLivedIntangibleAssetsGross_8" order="1"/>
    <link:loc xlink:label="ns12_NetIncomeLoss" xlink:href="https://xbrl.fasb.org/us-gaap/2023/elts/us-gaap-2023.xsd#us-gaap_NetIncomeLoss" xlink:type="locator"/>
    <link:loc xlink:label="ns12_RetainedEarningsMember_1" xlink:href="https://xbrl.fasb.org/us-gaap/2023/elts/us-gaap-2023.xsd#us-gaap_RetainedEarningsMember" xlink:type="locator"/>
    <link:definitionArc xlink:arcrole="http://www.xbrl.org/2023/arcrole/concept-dimensional-equivalent" xlink:type="arc" xlink:from="ns12_NetIncomeLoss" xlink:to="ns12_RetainedEarningsMember_1" order="3"/>
    <link:loc xlink:label="ns12_AccumulatedOtherComprehensiveIncomeLossAvailableForSaleSecuritiesAdjustmentNetOfTax" xlink:href="https://xbrl.fasb.org/us-gaap/2023/elts/us-gaap-2023.xsd#us-gaap_AccumulatedOtherComprehensiveIncomeLossAvailableForSaleSecuritiesAdjustmentNetOfTax" xlink:type="locator"/>
    <link:loc xlink:label="ns12_StatementEquityComponentsAxis_7" xlink:href="https://xbrl.fasb.org/us-gaap/2023/elts/us-gaap-2023.xsd#us-gaap_StatementEquityComponentsAxis" xlink:type="locator"/>
    <link:definitionArc xlink:arcrole="http://www.xbrl.org/2023/arcrole/concept-dimensional-equivalent" xlink:type="arc" xlink:from="ns12_AccumulatedOtherComprehensiveIncomeLossAvailableForSaleSecuritiesAdjustmentNetOfTax" xlink:to="ns12_StatementEquityComponentsAxis_7" order="2"/>
    <link:loc xlink:label="ns12_DerivativeAssets_1" xlink:href="https://xbrl.fasb.org/us-gaap/2023/elts/us-gaap-2023.xsd#us-gaap_DerivativeAssets" xlink:type="locator"/>
    <link:definitionArc xlink:arcrole="http://www.xbrl.org/2023/arcrole/concept-dimensional-equivalent" xlink:type="arc" xlink:from="ns12_CashFlowHedgeDerivativeInstrumentAssetsAtFairValue" xlink:to="ns12_DerivativeAssets_1" order="1"/>
    <link:loc xlink:label="ns12_ContractualRightsMember" xlink:href="https://xbrl.fasb.org/us-gaap/2023/elts/us-gaap-2023.xsd#us-gaap_ContractualRightsMember" xlink:type="locator"/>
    <link:definitionArc xlink:arcrole="http://www.xbrl.org/2023/arcrole/concept-dimensional-equivalent" xlink:type="arc" xlink:from="ns12_FiniteLivedContractualRightsGross" xlink:to="ns12_ContractualRightsMember" order="3"/>
    <link:loc xlink:label="ns12_FiniteLivedIntangibleAssetsByMajorClassAxis_4" xlink:href="https://xbrl.fasb.org/us-gaap/2023/elts/us-gaap-2023.xsd#us-gaap_FiniteLivedIntangibleAssetsByMajorClassAxis" xlink:type="locator"/>
    <link:definitionArc xlink:arcrole="http://www.xbrl.org/2023/arcrole/concept-dimensional-equivalent" xlink:type="arc" xlink:from="ns12_FiniteLivedLicenseAgreementsGross" xlink:to="ns12_FiniteLivedIntangibleAssetsByMajorClassAxis_4" order="2"/>
    <link:loc xlink:label="ns12_WarrantsAndRightsOutstanding" xlink:href="https://xbrl.fasb.org/us-gaap/2023/elts/us-gaap-2023.xsd#us-gaap_WarrantsAndRightsOutstanding" xlink:type="locator"/>
    <link:loc xlink:label="ns12_StockholdersEquityIncludingPortionAttributableToNoncontrollingInterest_9" xlink:href="https://xbrl.fasb.org/us-gaap/2023/elts/us-gaap-2023.xsd#us-gaap_StockholdersEquityIncludingPortionAttributableToNoncontrollingInterest" xlink:type="locator"/>
    <link:definitionArc xlink:arcrole="http://www.xbrl.org/2023/arcrole/concept-dimensional-equivalent" xlink:type="arc" xlink:from="ns12_WarrantsAndRightsOutstanding" xlink:to="ns12_StockholdersEquityIncludingPortionAttributableToNoncontrollingInterest_9" order="1"/>
    <link:loc xlink:label="ns12_MinorityInterest" xlink:href="https://xbrl.fasb.org/us-gaap/2023/elts/us-gaap-2023.xsd#us-gaap_MinorityInterest" xlink:type="locator"/>
    <link:loc xlink:label="ns12_NoncontrollingInterestMember" xlink:href="https://xbrl.fasb.org/us-gaap/2023/elts/us-gaap-2023.xsd#us-gaap_NoncontrollingInterestMember" xlink:type="locator"/>
    <link:definitionArc xlink:arcrole="http://www.xbrl.org/2023/arcrole/concept-dimensional-equivalent" xlink:type="arc" xlink:from="ns12_MinorityInterest" xlink:to="ns12_NoncontrollingInterestMember" order="3"/>
    <link:loc xlink:label="ns12_FiniteLivedIntangibleAssetsGross_9" xlink:href="https://xbrl.fasb.org/us-gaap/2023/elts/us-gaap-2023.xsd#us-gaap_FiniteLivedIntangibleAssetsGross" xlink:type="locator"/>
    <link:definitionArc xlink:arcrole="http://www.xbrl.org/2023/arcrole/concept-dimensional-equivalent" xlink:type="arc" xlink:from="ns12_FiniteLivedIntangibleAssetOffMarketLeaseFavorableGross" xlink:to="ns12_FiniteLivedIntangibleAssetsGross_9" order="1"/>
    <link:loc xlink:label="ns12_IndefiniteLivedIntangibleAssetsExcludingGoodwill_3" xlink:href="https://xbrl.fasb.org/us-gaap/2023/elts/us-gaap-2023.xsd#us-gaap_IndefiniteLivedIntangibleAssetsExcludingGoodwill" xlink:type="locator"/>
    <link:definitionArc xlink:arcrole="http://www.xbrl.org/2023/arcrole/concept-dimensional-equivalent" xlink:type="arc" xlink:from="ns12_OtherIndefiniteLivedIntangibleAssets" xlink:to="ns12_IndefiniteLivedIntangibleAssetsExcludingGoodwill_3" order="1"/>
    <link:loc xlink:label="ns12_DeferredCompensationShareBasedPaymentsMember" xlink:href="https://xbrl.fasb.org/us-gaap/2023/elts/us-gaap-2023.xsd#us-gaap_DeferredCompensationShareBasedPaymentsMember" xlink:type="locator"/>
    <link:definitionArc xlink:arcrole="http://www.xbrl.org/2023/arcrole/concept-dimensional-equivalent" xlink:type="arc" xlink:from="ns12_DeferredCompensationEquity" xlink:to="ns12_DeferredCompensationShareBasedPaymentsMember" order="3"/>
    <link:loc xlink:label="ns12_PropertyPlantAndEquipmentGross_4" xlink:href="https://xbrl.fasb.org/us-gaap/2023/elts/us-gaap-2023.xsd#us-gaap_PropertyPlantAndEquipmentGross" xlink:type="locator"/>
    <link:definitionArc xlink:arcrole="http://www.xbrl.org/2023/arcrole/concept-dimensional-equivalent" xlink:type="arc" xlink:from="ns12_BuildingsAndImprovementsGross" xlink:to="ns12_PropertyPlantAndEquipmentGross_4" order="1"/>
    <link:loc xlink:label="ns12_FiniteLivedIntangibleAssetsGross_10" xlink:href="https://xbrl.fasb.org/us-gaap/2023/elts/us-gaap-2023.xsd#us-gaap_FiniteLivedIntangibleAssetsGross" xlink:type="locator"/>
    <link:definitionArc xlink:arcrole="http://www.xbrl.org/2023/arcrole/concept-dimensional-equivalent" xlink:type="arc" xlink:from="ns12_FiniteLivedIntangibleAssetAcquiredInPlaceLeases" xlink:to="ns12_FiniteLivedIntangibleAssetsGross_10" order="1"/>
    <link:loc xlink:label="ns12_FiniteLivedIntangibleAssetsByMajorClassAxis_5" xlink:href="https://xbrl.fasb.org/us-gaap/2023/elts/us-gaap-2023.xsd#us-gaap_FiniteLivedIntangibleAssetsByMajorClassAxis" xlink:type="locator"/>
    <link:definitionArc xlink:arcrole="http://www.xbrl.org/2023/arcrole/concept-dimensional-equivalent" xlink:type="arc" xlink:from="ns12_FiniteLivedIntangibleAssetOffMarketLeaseFavorableGross" xlink:to="ns12_FiniteLivedIntangibleAssetsByMajorClassAxis_5" order="2"/>
    <link:loc xlink:label="ns12_CreditRiskContractMember" xlink:href="https://xbrl.fasb.org/us-gaap/2023/elts/us-gaap-2023.xsd#us-gaap_CreditRiskContractMember" xlink:type="locator"/>
    <link:definitionArc xlink:arcrole="http://www.xbrl.org/2023/arcrole/concept-dimensional-equivalent" xlink:type="arc" xlink:from="ns12_CreditRiskDerivativesAtFairValueNet" xlink:to="ns12_CreditRiskContractMember" order="3"/>
    <link:loc xlink:label="ns12_MachineryAndEquipmentGross" xlink:href="https://xbrl.fasb.org/us-gaap/2023/elts/us-gaap-2023.xsd#us-gaap_MachineryAndEquipmentGross" xlink:type="locator"/>
    <link:loc xlink:label="ns12_MachineryAndEquipmentMember" xlink:href="https://xbrl.fasb.org/us-gaap/2023/elts/us-gaap-2023.xsd#us-gaap_MachineryAndEquipmentMember" xlink:type="locator"/>
    <link:definitionArc xlink:arcrole="http://www.xbrl.org/2023/arcrole/concept-dimensional-equivalent" xlink:type="arc" xlink:from="ns12_MachineryAndEquipmentGross" xlink:to="ns12_MachineryAndEquipmentMember" order="3"/>
    <link:loc xlink:label="ns12_CreditRiskContractMember_1" xlink:href="https://xbrl.fasb.org/us-gaap/2023/elts/us-gaap-2023.xsd#us-gaap_CreditRiskContractMember" xlink:type="locator"/>
    <link:definitionArc xlink:arcrole="http://www.xbrl.org/2023/arcrole/concept-dimensional-equivalent" xlink:type="arc" xlink:from="ns12_CreditRiskDerivativeLiabilitiesAtFairValue" xlink:to="ns12_CreditRiskContractMember_1" order="3"/>
    <link:loc xlink:label="ns12_FiniteLivedIntangibleAssetsGross_11" xlink:href="https://xbrl.fasb.org/us-gaap/2023/elts/us-gaap-2023.xsd#us-gaap_FiniteLivedIntangibleAssetsGross" xlink:type="locator"/>
    <link:definitionArc xlink:arcrole="http://www.xbrl.org/2023/arcrole/concept-dimensional-equivalent" xlink:type="arc" xlink:from="ns12_OtherFiniteLivedIntangibleAssetsGross" xlink:to="ns12_FiniteLivedIntangibleAssetsGross_11" order="1"/>
    <link:loc xlink:label="ns12_CreditRiskContractMember_2" xlink:href="https://xbrl.fasb.org/us-gaap/2023/elts/us-gaap-2023.xsd#us-gaap_CreditRiskContractMember" xlink:type="locator"/>
    <link:definitionArc xlink:arcrole="http://www.xbrl.org/2023/arcrole/concept-dimensional-equivalent" xlink:type="arc" xlink:from="ns12_CreditRiskDerivativeAssetsAtFairValue" xlink:to="ns12_CreditRiskContractMember_2" order="3"/>
    <link:loc xlink:label="ns12_StockholdersEquityIncludingPortionAttributableToNoncontrollingInterest_10" xlink:href="https://xbrl.fasb.org/us-gaap/2023/elts/us-gaap-2023.xsd#us-gaap_StockholdersEquityIncludingPortionAttributableToNoncontrollingInterest" xlink:type="locator"/>
    <link:definitionArc xlink:arcrole="http://www.xbrl.org/2023/arcrole/concept-dimensional-equivalent" xlink:type="arc" xlink:from="ns12_AociLossCashFlowHedgeCumulativeGainLossAfterTax" xlink:to="ns12_StockholdersEquityIncludingPortionAttributableToNoncontrollingInterest_10" order="1"/>
    <link:loc xlink:label="ns12_ConstructionInProgressMember" xlink:href="https://xbrl.fasb.org/us-gaap/2023/elts/us-gaap-2023.xsd#us-gaap_ConstructionInProgressMember" xlink:type="locator"/>
    <link:definitionArc xlink:arcrole="http://www.xbrl.org/2023/arcrole/concept-dimensional-equivalent" xlink:type="arc" xlink:from="ns12_ConstructionInProgressGross" xlink:to="ns12_ConstructionInProgressMember" order="3"/>
    <link:loc xlink:label="ns12_FiniteLivedIntangibleAssetsByMajorClassAxis_6" xlink:href="https://xbrl.fasb.org/us-gaap/2023/elts/us-gaap-2023.xsd#us-gaap_FiniteLivedIntangibleAssetsByMajorClassAxis" xlink:type="locator"/>
    <link:definitionArc xlink:arcrole="http://www.xbrl.org/2023/arcrole/concept-dimensional-equivalent" xlink:type="arc" xlink:from="ns12_FiniteLivedIntangibleAssetAcquiredInPlaceLeases" xlink:to="ns12_FiniteLivedIntangibleAssetsByMajorClassAxis_6" order="2"/>
    <link:loc xlink:label="ns12_CommonStockMember" xlink:href="https://xbrl.fasb.org/us-gaap/2023/elts/us-gaap-2023.xsd#us-gaap_CommonStockMember" xlink:type="locator"/>
    <link:definitionArc xlink:arcrole="http://www.xbrl.org/2023/arcrole/concept-dimensional-equivalent" xlink:type="arc" xlink:from="ns12_CommonStockValue" xlink:to="ns12_CommonStockMember" order="3"/>
    <link:loc xlink:label="ns12_LeaseholdImprovementsGross" xlink:href="https://xbrl.fasb.org/us-gaap/2023/elts/us-gaap-2023.xsd#us-gaap_LeaseholdImprovementsGross" xlink:type="locator"/>
    <link:loc xlink:label="ns12_LeaseholdImprovementsMember" xlink:href="https://xbrl.fasb.org/us-gaap/2023/elts/us-gaap-2023.xsd#us-gaap_LeaseholdImprovementsMember" xlink:type="locator"/>
    <link:definitionArc xlink:arcrole="http://www.xbrl.org/2023/arcrole/concept-dimensional-equivalent" xlink:type="arc" xlink:from="ns12_LeaseholdImprovementsGross" xlink:to="ns12_LeaseholdImprovementsMember" order="3"/>
    <link:loc xlink:label="ns12_CashFlowHedgingMember" xlink:href="https://xbrl.fasb.org/us-gaap/2023/elts/us-gaap-2023.xsd#us-gaap_CashFlowHedgingMember" xlink:type="locator"/>
    <link:definitionArc xlink:arcrole="http://www.xbrl.org/2023/arcrole/concept-dimensional-equivalent" xlink:type="arc" xlink:from="ns12_CashFlowHedgesDerivativeInstrumentsAtFairValueNet" xlink:to="ns12_CashFlowHedgingMember" order="3"/>
    <link:loc xlink:label="ns12_StockholdersEquityIncludingPortionAttributableToNoncontrollingInterest_11" xlink:href="https://xbrl.fasb.org/us-gaap/2023/elts/us-gaap-2023.xsd#us-gaap_StockholdersEquityIncludingPortionAttributableToNoncontrollingInterest" xlink:type="locator"/>
    <link:definitionArc xlink:arcrole="http://www.xbrl.org/2023/arcrole/concept-dimensional-equivalent" xlink:type="arc" xlink:from="ns12_OtherAdditionalCapital" xlink:to="ns12_StockholdersEquityIncludingPortionAttributableToNoncontrollingInterest_11" order="1"/>
    <link:loc xlink:label="ns12_CashFlowHedgingMember_1" xlink:href="https://xbrl.fasb.org/us-gaap/2023/elts/us-gaap-2023.xsd#us-gaap_CashFlowHedgingMember" xlink:type="locator"/>
    <link:definitionArc xlink:arcrole="http://www.xbrl.org/2023/arcrole/concept-dimensional-equivalent" xlink:type="arc" xlink:from="ns12_CashFlowHedgeDerivativeInstrumentLiabilitiesAtFairValue" xlink:to="ns12_CashFlowHedgingMember_1" order="3"/>
    <link:loc xlink:label="ns12_StockholdersEquityIncludingPortionAttributableToNoncontrollingInterest_12" xlink:href="https://xbrl.fasb.org/us-gaap/2023/elts/us-gaap-2023.xsd#us-gaap_StockholdersEquityIncludingPortionAttributableToNoncontrollingInterest" xlink:type="locator"/>
    <link:definitionArc xlink:arcrole="http://www.xbrl.org/2023/arcrole/concept-dimensional-equivalent" xlink:type="arc" xlink:from="ns12_AociDerivativeQualifyingAsHedgeExcludedComponentAfterTax" xlink:to="ns12_StockholdersEquityIncludingPortionAttributableToNoncontrollingInterest_12" order="1"/>
    <link:loc xlink:label="ns12_CashFlowHedgingMember_2" xlink:href="https://xbrl.fasb.org/us-gaap/2023/elts/us-gaap-2023.xsd#us-gaap_CashFlowHedgingMember" xlink:type="locator"/>
    <link:definitionArc xlink:arcrole="http://www.xbrl.org/2023/arcrole/concept-dimensional-equivalent" xlink:type="arc" xlink:from="ns12_CashFlowHedgeDerivativeInstrumentAssetsAtFairValue" xlink:to="ns12_CashFlowHedgingMember_2" order="3"/>
    <link:loc xlink:label="ns12_ProfitLoss" xlink:href="https://xbrl.fasb.org/us-gaap/2023/elts/us-gaap-2023.xsd#us-gaap_ProfitLoss" xlink:type="locator"/>
    <link:definitionArc xlink:arcrole="http://www.xbrl.org/2023/arcrole/concept-dimensional-equivalent" xlink:type="arc" xlink:from="ns12_NetIncomeLoss" xlink:to="ns12_ProfitLoss" order="1"/>
    <link:loc xlink:label="ns12_BuildingAndBuildingImprovementsMember" xlink:href="https://xbrl.fasb.org/us-gaap/2023/elts/us-gaap-2023.xsd#us-gaap_BuildingAndBuildingImprovementsMember" xlink:type="locator"/>
    <link:definitionArc xlink:arcrole="http://www.xbrl.org/2023/arcrole/concept-dimensional-equivalent" xlink:type="arc" xlink:from="ns12_BuildingsAndImprovementsGross" xlink:to="ns12_BuildingAndBuildingImprovementsMember" order="3"/>
    <link:loc xlink:label="ns12_FiniteLivedIntangibleAssetsByMajorClassAxis_7" xlink:href="https://xbrl.fasb.org/us-gaap/2023/elts/us-gaap-2023.xsd#us-gaap_FiniteLivedIntangibleAssetsByMajorClassAxis" xlink:type="locator"/>
    <link:definitionArc xlink:arcrole="http://www.xbrl.org/2023/arcrole/concept-dimensional-equivalent" xlink:type="arc" xlink:from="ns12_FiniteLivedCustomerRelationshipsGross" xlink:to="ns12_FiniteLivedIntangibleAssetsByMajorClassAxis_7" order="2"/>
    <link:loc xlink:label="ns12_AccumulatedGainLossNetCashFlowHedgeParentMember" xlink:href="https://xbrl.fasb.org/us-gaap/2023/elts/us-gaap-2023.xsd#us-gaap_AccumulatedGainLossNetCashFlowHedgeParentMember" xlink:type="locator"/>
    <link:definitionArc xlink:arcrole="http://www.xbrl.org/2023/arcrole/concept-dimensional-equivalent" xlink:type="arc" xlink:from="ns12_AociLossCashFlowHedgeCumulativeGainLossAfterTax" xlink:to="ns12_AccumulatedGainLossNetCashFlowHedgeParentMember" order="3"/>
    <link:loc xlink:label="ns12_LandImprovements" xlink:href="https://xbrl.fasb.org/us-gaap/2023/elts/us-gaap-2023.xsd#us-gaap_LandImprovements" xlink:type="locator"/>
    <link:loc xlink:label="ns12_LandImprovementsMember" xlink:href="https://xbrl.fasb.org/us-gaap/2023/elts/us-gaap-2023.xsd#us-gaap_LandImprovementsMember" xlink:type="locator"/>
    <link:definitionArc xlink:arcrole="http://www.xbrl.org/2023/arcrole/concept-dimensional-equivalent" xlink:type="arc" xlink:from="ns12_LandImprovements" xlink:to="ns12_LandImprovementsMember" order="3"/>
    <link:loc xlink:label="ns12_AociDerivativeQualifyingAsHedgeExcludedComponentParentMember" xlink:href="https://xbrl.fasb.org/us-gaap/2023/elts/us-gaap-2023.xsd#us-gaap_AociDerivativeQualifyingAsHedgeExcludedComponentParentMember" xlink:type="locator"/>
    <link:definitionArc xlink:arcrole="http://www.xbrl.org/2023/arcrole/concept-dimensional-equivalent" xlink:type="arc" xlink:from="ns12_AociDerivativeQualifyingAsHedgeExcludedComponentAfterTax" xlink:to="ns12_AociDerivativeQualifyingAsHedgeExcludedComponentParentMember" order="3"/>
    <link:loc xlink:label="ns12_StockholdersEquityIncludingPortionAttributableToNoncontrollingInterest_13" xlink:href="https://xbrl.fasb.org/us-gaap/2023/elts/us-gaap-2023.xsd#us-gaap_StockholdersEquityIncludingPortionAttributableToNoncontrollingInterest" xlink:type="locator"/>
    <link:definitionArc xlink:arcrole="http://www.xbrl.org/2023/arcrole/concept-dimensional-equivalent" xlink:type="arc" xlink:from="ns12_AdditionalPaidInCapital" xlink:to="ns12_StockholdersEquityIncludingPortionAttributableToNoncontrollingInterest_13" order="1"/>
    <link:loc xlink:label="ns12_AdditionalPaidInCapitalMember" xlink:href="https://xbrl.fasb.org/us-gaap/2023/elts/us-gaap-2023.xsd#us-gaap_AdditionalPaidInCapitalMember" xlink:type="locator"/>
    <link:definitionArc xlink:arcrole="http://www.xbrl.org/2023/arcrole/concept-dimensional-equivalent" xlink:type="arc" xlink:from="ns12_AdditionalPaidInCapital" xlink:to="ns12_AdditionalPaidInCapitalMember" order="3"/>
    <link:loc xlink:label="ns12_StockholdersEquityIncludingPortionAttributableToNoncontrollingInterest_14" xlink:href="https://xbrl.fasb.org/us-gaap/2023/elts/us-gaap-2023.xsd#us-gaap_StockholdersEquityIncludingPortionAttributableToNoncontrollingInterest" xlink:type="locator"/>
    <link:definitionArc xlink:arcrole="http://www.xbrl.org/2023/arcrole/concept-dimensional-equivalent" xlink:type="arc" xlink:from="ns12_MinorityInterest" xlink:to="ns12_StockholdersEquityIncludingPortionAttributableToNoncontrollingInterest_14" order="1"/>
    <link:loc xlink:label="ns12_AccumulatedOtherComprehensiveIncomeMember" xlink:href="https://xbrl.fasb.org/us-gaap/2023/elts/us-gaap-2023.xsd#us-gaap_AccumulatedOtherComprehensiveIncomeMember" xlink:type="locator"/>
    <link:definitionArc xlink:arcrole="http://www.xbrl.org/2023/arcrole/concept-dimensional-equivalent" xlink:type="arc" xlink:from="ns12_AccumulatedOtherComprehensiveIncomeLossNetOfTax" xlink:to="ns12_AccumulatedOtherComprehensiveIncomeMember" order="3"/>
    <link:loc xlink:label="ns12_LandAndLandImprovements" xlink:href="https://xbrl.fasb.org/us-gaap/2023/elts/us-gaap-2023.xsd#us-gaap_LandAndLandImprovements" xlink:type="locator"/>
    <link:loc xlink:label="ns12_LandAndLandImprovementsMember" xlink:href="https://xbrl.fasb.org/us-gaap/2023/elts/us-gaap-2023.xsd#us-gaap_LandAndLandImprovementsMember" xlink:type="locator"/>
    <link:definitionArc xlink:arcrole="http://www.xbrl.org/2023/arcrole/concept-dimensional-equivalent" xlink:type="arc" xlink:from="ns12_LandAndLandImprovements" xlink:to="ns12_LandAndLandImprovementsMember" order="3"/>
    <link:loc xlink:label="ns12_AccumulatedTranslationAdjustmentMember" xlink:href="https://xbrl.fasb.org/us-gaap/2023/elts/us-gaap-2023.xsd#us-gaap_AccumulatedTranslationAdjustmentMember" xlink:type="locator"/>
    <link:definitionArc xlink:arcrole="http://www.xbrl.org/2023/arcrole/concept-dimensional-equivalent" xlink:type="arc" xlink:from="ns12_AccumulatedOtherComprehensiveIncomeLossForeignCurrencyTranslationAdjustmentNetOfTax" xlink:to="ns12_AccumulatedTranslationAdjustmentMember" order="3"/>
    <link:loc xlink:label="ns12_StockholdersEquityIncludingPortionAttributableToNoncontrollingInterest_15" xlink:href="https://xbrl.fasb.org/us-gaap/2023/elts/us-gaap-2023.xsd#us-gaap_StockholdersEquityIncludingPortionAttributableToNoncontrollingInterest" xlink:type="locator"/>
    <link:definitionArc xlink:arcrole="http://www.xbrl.org/2023/arcrole/concept-dimensional-equivalent" xlink:type="arc" xlink:from="ns12_AccumulatedOtherComprehensiveIncomeLossNetOfTax" xlink:to="ns12_StockholdersEquityIncludingPortionAttributableToNoncontrollingInterest_15" order="1"/>
    <link:loc xlink:label="ns12_AccumulatedGainLossFinancialLiabilityFairValueOptionAttributableToParentMember" xlink:href="https://xbrl.fasb.org/us-gaap/2023/elts/us-gaap-2023.xsd#us-gaap_AccumulatedGainLossFinancialLiabilityFairValueOptionAttributableToParentMember" xlink:type="locator"/>
    <link:definitionArc xlink:arcrole="http://www.xbrl.org/2023/arcrole/concept-dimensional-equivalent" xlink:type="arc" xlink:from="ns12_AccumulatedOtherComprehensiveIncomeLossFinancialLiabilityFairValueOptionAfterTax" xlink:to="ns12_AccumulatedGainLossFinancialLiabilityFairValueOptionAttributableToParentMember" order="3"/>
    <link:loc xlink:label="ns12_FiniteLivedIntangibleAssetsByMajorClassAxis_8" xlink:href="https://xbrl.fasb.org/us-gaap/2023/elts/us-gaap-2023.xsd#us-gaap_FiniteLivedIntangibleAssetsByMajorClassAxis" xlink:type="locator"/>
    <link:definitionArc xlink:arcrole="http://www.xbrl.org/2023/arcrole/concept-dimensional-equivalent" xlink:type="arc" xlink:from="ns12_FiniteLivedCustomerListsGross" xlink:to="ns12_FiniteLivedIntangibleAssetsByMajorClassAxis_8" order="2"/>
    <link:loc xlink:label="ns12_AccumulatedDefinedBenefitPlansAdjustmentMember" xlink:href="https://xbrl.fasb.org/us-gaap/2023/elts/us-gaap-2023.xsd#us-gaap_AccumulatedDefinedBenefitPlansAdjustmentMember" xlink:type="locator"/>
    <link:definitionArc xlink:arcrole="http://www.xbrl.org/2023/arcrole/concept-dimensional-equivalent" xlink:type="arc" xlink:from="ns12_AccumulatedOtherComprehensiveIncomeLossDefinedBenefitPensionAndOtherPostretirementPlansNetOfTax" xlink:to="ns12_AccumulatedDefinedBenefitPlansAdjustmentMember" order="3"/>
    <link:loc xlink:label="ns12_PropertyPlantAndEquipmentGross_5" xlink:href="https://xbrl.fasb.org/us-gaap/2023/elts/us-gaap-2023.xsd#us-gaap_PropertyPlantAndEquipmentGross" xlink:type="locator"/>
    <link:definitionArc xlink:arcrole="http://www.xbrl.org/2023/arcrole/concept-dimensional-equivalent" xlink:type="arc" xlink:from="ns12_MachineryAndEquipmentGross" xlink:to="ns12_PropertyPlantAndEquipmentGross_5" order="1"/>
    <link:loc xlink:label="ns12_AccumulatedNetUnrealizedInvestmentGainLossMember" xlink:href="https://xbrl.fasb.org/us-gaap/2023/elts/us-gaap-2023.xsd#us-gaap_AccumulatedNetUnrealizedInvestmentGainLossMember" xlink:type="locator"/>
    <link:definitionArc xlink:arcrole="http://www.xbrl.org/2023/arcrole/concept-dimensional-equivalent" xlink:type="arc" xlink:from="ns12_AccumulatedOtherComprehensiveIncomeLossAvailableForSaleSecuritiesAdjustmentNetOfTax" xlink:to="ns12_AccumulatedNetUnrealizedInvestmentGainLossMember" order="3"/>
    <link:loc xlink:label="ns12_Land" xlink:href="https://xbrl.fasb.org/us-gaap/2023/elts/us-gaap-2023.xsd#us-gaap_Land" xlink:type="locator"/>
    <link:loc xlink:label="ns12_LandMember" xlink:href="https://xbrl.fasb.org/us-gaap/2023/elts/us-gaap-2023.xsd#us-gaap_LandMember" xlink:type="locator"/>
    <link:definitionArc xlink:arcrole="http://www.xbrl.org/2023/arcrole/concept-dimensional-equivalent" xlink:type="arc" xlink:from="ns12_Land" xlink:to="ns12_LandMember" order="3"/>
    <link:loc xlink:label="ns12_StatementEquityComponentsAxis_8" xlink:href="https://xbrl.fasb.org/us-gaap/2023/elts/us-gaap-2023.xsd#us-gaap_StatementEquityComponentsAxis" xlink:type="locator"/>
    <link:definitionArc xlink:arcrole="http://www.xbrl.org/2023/arcrole/concept-dimensional-equivalent" xlink:type="arc" xlink:from="ns12_WarrantsAndRightsOutstanding" xlink:to="ns12_StatementEquityComponentsAxis_8" order="2"/>
    <link:loc xlink:label="ns12_PropertyPlantAndEquipmentGross_6" xlink:href="https://xbrl.fasb.org/us-gaap/2023/elts/us-gaap-2023.xsd#us-gaap_PropertyPlantAndEquipmentGross" xlink:type="locator"/>
    <link:definitionArc xlink:arcrole="http://www.xbrl.org/2023/arcrole/concept-dimensional-equivalent" xlink:type="arc" xlink:from="ns12_LeaseholdImprovementsGross" xlink:to="ns12_PropertyPlantAndEquipmentGross_6" order="1"/>
    <link:loc xlink:label="ns12_DerivativeInstrumentsGainLossByHedgingRelationshipAxis_3" xlink:href="https://xbrl.fasb.org/us-gaap/2023/elts/us-gaap-2023.xsd#us-gaap_DerivativeInstrumentsGainLossByHedgingRelationshipAxis" xlink:type="locator"/>
    <link:definitionArc xlink:arcrole="http://www.xbrl.org/2023/arcrole/concept-dimensional-equivalent" xlink:type="arc" xlink:from="ns12_UnrealizedGainLossOnCashFlowHedgingInstruments" xlink:to="ns12_DerivativeInstrumentsGainLossByHedgingRelationshipAxis_3" order="2"/>
    <link:loc xlink:label="ns12_StockholdersEquityIncludingPortionAttributableToNoncontrollingInterest_16" xlink:href="https://xbrl.fasb.org/us-gaap/2023/elts/us-gaap-2023.xsd#us-gaap_StockholdersEquityIncludingPortionAttributableToNoncontrollingInterest" xlink:type="locator"/>
    <link:definitionArc xlink:arcrole="http://www.xbrl.org/2023/arcrole/concept-dimensional-equivalent" xlink:type="arc" xlink:from="ns12_AccumulatedOtherComprehensiveIncomeLossForeignCurrencyTranslationAdjustmentNetOfTax" xlink:to="ns12_StockholdersEquityIncludingPortionAttributableToNoncontrollingInterest_16" order="1"/>
    <link:loc xlink:label="ns12_StatementEquityComponentsAxis_9" xlink:href="https://xbrl.fasb.org/us-gaap/2023/elts/us-gaap-2023.xsd#us-gaap_StatementEquityComponentsAxis" xlink:type="locator"/>
    <link:definitionArc xlink:arcrole="http://www.xbrl.org/2023/arcrole/concept-dimensional-equivalent" xlink:type="arc" xlink:from="ns12_TreasuryStockValue" xlink:to="ns12_StatementEquityComponentsAxis_9" order="2"/>
    <link:loc xlink:label="ns12_FiniteLivedIntangibleAssetsByMajorClassAxis_9" xlink:href="https://xbrl.fasb.org/us-gaap/2023/elts/us-gaap-2023.xsd#us-gaap_FiniteLivedIntangibleAssetsByMajorClassAxis" xlink:type="locator"/>
    <link:definitionArc xlink:arcrole="http://www.xbrl.org/2023/arcrole/concept-dimensional-equivalent" xlink:type="arc" xlink:from="ns12_FiniteLivedCoreDepositsGross" xlink:to="ns12_FiniteLivedIntangibleAssetsByMajorClassAxis_9" order="2"/>
    <link:loc xlink:label="ns12_StatementEquityComponentsAxis_10" xlink:href="https://xbrl.fasb.org/us-gaap/2023/elts/us-gaap-2023.xsd#us-gaap_StatementEquityComponentsAxis" xlink:type="locator"/>
    <link:definitionArc xlink:arcrole="http://www.xbrl.org/2023/arcrole/concept-dimensional-equivalent" xlink:type="arc" xlink:from="ns12_TreasuryStockPreferredValue" xlink:to="ns12_StatementEquityComponentsAxis_10" order="2"/>
    <link:loc xlink:label="ns12_InterestRateDerivativesAtFairValueNet" xlink:href="https://xbrl.fasb.org/us-gaap/2023/elts/us-gaap-2023.xsd#us-gaap_InterestRateDerivativesAtFairValueNet" xlink:type="locator"/>
    <link:loc xlink:label="ns12_InterestRateContractMember" xlink:href="https://xbrl.fasb.org/us-gaap/2023/elts/us-gaap-2023.xsd#us-gaap_InterestRateContractMember" xlink:type="locator"/>
    <link:definitionArc xlink:arcrole="http://www.xbrl.org/2023/arcrole/concept-dimensional-equivalent" xlink:type="arc" xlink:from="ns12_InterestRateDerivativesAtFairValueNet" xlink:to="ns12_InterestRateContractMember" order="3"/>
    <link:loc xlink:label="ns12_StatementEquityComponentsAxis_11" xlink:href="https://xbrl.fasb.org/us-gaap/2023/elts/us-gaap-2023.xsd#us-gaap_StatementEquityComponentsAxis" xlink:type="locator"/>
    <link:definitionArc xlink:arcrole="http://www.xbrl.org/2023/arcrole/concept-dimensional-equivalent" xlink:type="arc" xlink:from="ns12_TreasuryStockCommonValue" xlink:to="ns12_StatementEquityComponentsAxis_11" order="2"/>
    <link:loc xlink:label="ns12_PropertyPlantAndEquipmentGross_7" xlink:href="https://xbrl.fasb.org/us-gaap/2023/elts/us-gaap-2023.xsd#us-gaap_PropertyPlantAndEquipmentGross" xlink:type="locator"/>
    <link:definitionArc xlink:arcrole="http://www.xbrl.org/2023/arcrole/concept-dimensional-equivalent" xlink:type="arc" xlink:from="ns12_LandImprovements" xlink:to="ns12_PropertyPlantAndEquipmentGross_7" order="1"/>
    <link:loc xlink:label="ns12_PropertyPlantAndEquipmentByTypeAxis_2" xlink:href="https://xbrl.fasb.org/us-gaap/2023/elts/us-gaap-2023.xsd#us-gaap_PropertyPlantAndEquipmentByTypeAxis" xlink:type="locator"/>
    <link:definitionArc xlink:arcrole="http://www.xbrl.org/2023/arcrole/concept-dimensional-equivalent" xlink:type="arc" xlink:from="ns12_TimberAndTimberlands" xlink:to="ns12_PropertyPlantAndEquipmentByTypeAxis_2" order="2"/>
    <link:loc xlink:label="ns12_FiniteLivedIntangibleAssetsByMajorClassAxis_10" xlink:href="https://xbrl.fasb.org/us-gaap/2023/elts/us-gaap-2023.xsd#us-gaap_FiniteLivedIntangibleAssetsByMajorClassAxis" xlink:type="locator"/>
    <link:definitionArc xlink:arcrole="http://www.xbrl.org/2023/arcrole/concept-dimensional-equivalent" xlink:type="arc" xlink:from="ns12_FiniteLivedContractualRightsGross" xlink:to="ns12_FiniteLivedIntangibleAssetsByMajorClassAxis_10" order="2"/>
    <link:loc xlink:label="ns12_StatementEquityComponentsAxis_12" xlink:href="https://xbrl.fasb.org/us-gaap/2023/elts/us-gaap-2023.xsd#us-gaap_StatementEquityComponentsAxis" xlink:type="locator"/>
    <link:definitionArc xlink:arcrole="http://www.xbrl.org/2023/arcrole/concept-dimensional-equivalent" xlink:type="arc" xlink:from="ns12_StockholdersEquity" xlink:to="ns12_StatementEquityComponentsAxis_12" order="2"/>
    <link:loc xlink:label="ns12_StockholdersEquityIncludingPortionAttributableToNoncontrollingInterest_17" xlink:href="https://xbrl.fasb.org/us-gaap/2023/elts/us-gaap-2023.xsd#us-gaap_StockholdersEquityIncludingPortionAttributableToNoncontrollingInterest" xlink:type="locator"/>
    <link:definitionArc xlink:arcrole="http://www.xbrl.org/2023/arcrole/concept-dimensional-equivalent" xlink:type="arc" xlink:from="ns12_AccumulatedOtherComprehensiveIncomeLossFinancialLiabilityFairValueOptionAfterTax" xlink:to="ns12_StockholdersEquityIncludingPortionAttributableToNoncontrollingInterest_17" order="1"/>
    <link:loc xlink:label="ns12_StatementEquityComponentsAxis_13" xlink:href="https://xbrl.fasb.org/us-gaap/2023/elts/us-gaap-2023.xsd#us-gaap_StatementEquityComponentsAxis" xlink:type="locator"/>
    <link:definitionArc xlink:arcrole="http://www.xbrl.org/2023/arcrole/concept-dimensional-equivalent" xlink:type="arc" xlink:from="ns12_RetainedEarningsUnappropriated" xlink:to="ns12_StatementEquityComponentsAxis_13" order="2"/>
    <link:loc xlink:label="ns12_InterestRateContractMember_1" xlink:href="https://xbrl.fasb.org/us-gaap/2023/elts/us-gaap-2023.xsd#us-gaap_InterestRateContractMember" xlink:type="locator"/>
    <link:definitionArc xlink:arcrole="http://www.xbrl.org/2023/arcrole/concept-dimensional-equivalent" xlink:type="arc" xlink:from="ns12_InterestRateDerivativeLiabilitiesAtFairValue" xlink:to="ns12_InterestRateContractMember_1" order="3"/>
    <link:loc xlink:label="ns12_StatementEquityComponentsAxis_14" xlink:href="https://xbrl.fasb.org/us-gaap/2023/elts/us-gaap-2023.xsd#us-gaap_StatementEquityComponentsAxis" xlink:type="locator"/>
    <link:definitionArc xlink:arcrole="http://www.xbrl.org/2023/arcrole/concept-dimensional-equivalent" xlink:type="arc" xlink:from="ns12_RetainedEarningsAccumulatedDeficit" xlink:to="ns12_StatementEquityComponentsAxis_14" order="2"/>
    <link:loc xlink:label="ns12_PropertyPlantAndEquipmentGross_8" xlink:href="https://xbrl.fasb.org/us-gaap/2023/elts/us-gaap-2023.xsd#us-gaap_PropertyPlantAndEquipmentGross" xlink:type="locator"/>
    <link:definitionArc xlink:arcrole="http://www.xbrl.org/2023/arcrole/concept-dimensional-equivalent" xlink:type="arc" xlink:from="ns12_LandAndLandImprovements" xlink:to="ns12_PropertyPlantAndEquipmentGross_8" order="1"/>
    <link:loc xlink:label="ns12_StatementEquityComponentsAxis_15" xlink:href="https://xbrl.fasb.org/us-gaap/2023/elts/us-gaap-2023.xsd#us-gaap_StatementEquityComponentsAxis" xlink:type="locator"/>
    <link:definitionArc xlink:arcrole="http://www.xbrl.org/2023/arcrole/concept-dimensional-equivalent" xlink:type="arc" xlink:from="ns12_ReceivableFromOfficersAndDirectorsForIssuanceOfCapitalStock" xlink:to="ns12_StatementEquityComponentsAxis_15" order="2"/>
    <link:loc xlink:label="ns12_StatementEquityComponentsAxis_16" xlink:href="https://xbrl.fasb.org/us-gaap/2023/elts/us-gaap-2023.xsd#us-gaap_StatementEquityComponentsAxis" xlink:type="locator"/>
    <link:definitionArc xlink:arcrole="http://www.xbrl.org/2023/arcrole/concept-dimensional-equivalent" xlink:type="arc" xlink:from="ns12_DeferredCompensationEquity" xlink:to="ns12_StatementEquityComponentsAxis_16" order="2"/>
    <link:loc xlink:label="ns12_PropertyPlantAndEquipmentByTypeAxis_3" xlink:href="https://xbrl.fasb.org/us-gaap/2023/elts/us-gaap-2023.xsd#us-gaap_PropertyPlantAndEquipmentByTypeAxis" xlink:type="locator"/>
    <link:definitionArc xlink:arcrole="http://www.xbrl.org/2023/arcrole/concept-dimensional-equivalent" xlink:type="arc" xlink:from="ns12_PropertyPlantAndEquipmentOther" xlink:to="ns12_PropertyPlantAndEquipmentByTypeAxis_3" order="2"/>
    <link:loc xlink:label="ns12_StockholdersEquityIncludingPortionAttributableToNoncontrollingInterest_18" xlink:href="https://xbrl.fasb.org/us-gaap/2023/elts/us-gaap-2023.xsd#us-gaap_StockholdersEquityIncludingPortionAttributableToNoncontrollingInterest" xlink:type="locator"/>
    <link:definitionArc xlink:arcrole="http://www.xbrl.org/2023/arcrole/concept-dimensional-equivalent" xlink:type="arc" xlink:from="ns12_AccumulatedOtherComprehensiveIncomeLossDefinedBenefitPensionAndOtherPostretirementPlansNetOfTax" xlink:to="ns12_StockholdersEquityIncludingPortionAttributableToNoncontrollingInterest_18" order="1"/>
    <link:loc xlink:label="ns12_IndefiniteLivedIntangibleAssetsByMajorClassAxis_5" xlink:href="https://xbrl.fasb.org/us-gaap/2023/elts/us-gaap-2023.xsd#us-gaap_IndefiniteLivedIntangibleAssetsByMajorClassAxis" xlink:type="locator"/>
    <link:definitionArc xlink:arcrole="http://www.xbrl.org/2023/arcrole/concept-dimensional-equivalent" xlink:type="arc" xlink:from="ns12_OtherIndefiniteLivedIntangibleAssets" xlink:to="ns12_IndefiniteLivedIntangibleAssetsByMajorClassAxis_5" order="2"/>
    <link:loc xlink:label="ns12_InterestRateContractMember_2" xlink:href="https://xbrl.fasb.org/us-gaap/2023/elts/us-gaap-2023.xsd#us-gaap_InterestRateContractMember" xlink:type="locator"/>
    <link:definitionArc xlink:arcrole="http://www.xbrl.org/2023/arcrole/concept-dimensional-equivalent" xlink:type="arc" xlink:from="ns12_InterestRateDerivativeAssetsAtFairValue" xlink:to="ns12_InterestRateContractMember_2" order="3"/>
    <link:loc xlink:label="ns12_FiniteLivedIntangibleAssetsByMajorClassAxis_11" xlink:href="https://xbrl.fasb.org/us-gaap/2023/elts/us-gaap-2023.xsd#us-gaap_FiniteLivedIntangibleAssetsByMajorClassAxis" xlink:type="locator"/>
    <link:definitionArc xlink:arcrole="http://www.xbrl.org/2023/arcrole/concept-dimensional-equivalent" xlink:type="arc" xlink:from="ns12_OtherFiniteLivedIntangibleAssetsGross" xlink:to="ns12_FiniteLivedIntangibleAssetsByMajorClassAxis_11" order="2"/>
    <link:loc xlink:label="ns12_PropertyPlantAndEquipmentGross_9" xlink:href="https://xbrl.fasb.org/us-gaap/2023/elts/us-gaap-2023.xsd#us-gaap_PropertyPlantAndEquipmentGross" xlink:type="locator"/>
    <link:definitionArc xlink:arcrole="http://www.xbrl.org/2023/arcrole/concept-dimensional-equivalent" xlink:type="arc" xlink:from="ns12_Land" xlink:to="ns12_PropertyPlantAndEquipmentGross_9" order="1"/>
    <link:loc xlink:label="ns12_StatementEquityComponentsAxis_17" xlink:href="https://xbrl.fasb.org/us-gaap/2023/elts/us-gaap-2023.xsd#us-gaap_StatementEquityComponentsAxis" xlink:type="locator"/>
    <link:definitionArc xlink:arcrole="http://www.xbrl.org/2023/arcrole/concept-dimensional-equivalent" xlink:type="arc" xlink:from="ns12_OtherAdditionalCapital" xlink:to="ns12_StatementEquityComponentsAxis_17" order="2"/>
    <link:loc xlink:label="ns12_DerivativeInstrumentRiskAxis_2" xlink:href="https://xbrl.fasb.org/us-gaap/2023/elts/us-gaap-2023.xsd#us-gaap_DerivativeInstrumentRiskAxis" xlink:type="locator"/>
    <link:definitionArc xlink:arcrole="http://www.xbrl.org/2023/arcrole/concept-dimensional-equivalent" xlink:type="arc" xlink:from="ns12_CreditRiskDerivativesAtFairValueNet" xlink:to="ns12_DerivativeInstrumentRiskAxis_2" order="2"/>
    <link:loc xlink:label="ns12_StatementEquityComponentsAxis_18" xlink:href="https://xbrl.fasb.org/us-gaap/2023/elts/us-gaap-2023.xsd#us-gaap_StatementEquityComponentsAxis" xlink:type="locator"/>
    <link:definitionArc xlink:arcrole="http://www.xbrl.org/2023/arcrole/concept-dimensional-equivalent" xlink:type="arc" xlink:from="ns12_NetIncomeLoss" xlink:to="ns12_StatementEquityComponentsAxis_18" order="2"/>
    <link:loc xlink:label="ns12_StockholdersEquityIncludingPortionAttributableToNoncontrollingInterest_19" xlink:href="https://xbrl.fasb.org/us-gaap/2023/elts/us-gaap-2023.xsd#us-gaap_StockholdersEquityIncludingPortionAttributableToNoncontrollingInterest" xlink:type="locator"/>
    <link:definitionArc xlink:arcrole="http://www.xbrl.org/2023/arcrole/concept-dimensional-equivalent" xlink:type="arc" xlink:from="ns12_AccumulatedOtherComprehensiveIncomeLossAvailableForSaleSecuritiesAdjustmentNetOfTax" xlink:to="ns12_StockholdersEquityIncludingPortionAttributableToNoncontrollingInterest_19" order="1"/>
    <link:loc xlink:label="ns12_StatementEquityComponentsAxis_19" xlink:href="https://xbrl.fasb.org/us-gaap/2023/elts/us-gaap-2023.xsd#us-gaap_StatementEquityComponentsAxis" xlink:type="locator"/>
    <link:definitionArc xlink:arcrole="http://www.xbrl.org/2023/arcrole/concept-dimensional-equivalent" xlink:type="arc" xlink:from="ns12_MinorityInterest" xlink:to="ns12_StatementEquityComponentsAxis_19" order="2"/>
    <link:loc xlink:label="ns12_TrademarksMember_1" xlink:href="https://xbrl.fasb.org/us-gaap/2023/elts/us-gaap-2023.xsd#us-gaap_TrademarksMember" xlink:type="locator"/>
    <link:definitionArc xlink:arcrole="http://www.xbrl.org/2023/arcrole/concept-dimensional-equivalent" xlink:type="arc" xlink:from="ns12_IndefiniteLivedTrademarks" xlink:to="ns12_TrademarksMember_1" order="3"/>
    <link:loc xlink:label="ns12_PropertyPlantAndEquipmentByTypeAxis_4" xlink:href="https://xbrl.fasb.org/us-gaap/2023/elts/us-gaap-2023.xsd#us-gaap_PropertyPlantAndEquipmentByTypeAxis" xlink:type="locator"/>
    <link:definitionArc xlink:arcrole="http://www.xbrl.org/2023/arcrole/concept-dimensional-equivalent" xlink:type="arc" xlink:from="ns12_MachineryAndEquipmentGross" xlink:to="ns12_PropertyPlantAndEquipmentByTypeAxis_4" order="2"/>
    <link:loc xlink:label="ns12_DerivativeFairValueOfDerivativeNet_2" xlink:href="https://xbrl.fasb.org/us-gaap/2023/elts/us-gaap-2023.xsd#us-gaap_DerivativeFairValueOfDerivativeNet" xlink:type="locator"/>
    <link:definitionArc xlink:arcrole="http://www.xbrl.org/2023/arcrole/concept-dimensional-equivalent" xlink:type="arc" xlink:from="ns12_InterestRateDerivativesAtFairValueNet" xlink:to="ns12_DerivativeFairValueOfDerivativeNet_2" order="1"/>
    <link:loc xlink:label="ns12_PropertyPlantAndEquipmentByTypeAxis_5" xlink:href="https://xbrl.fasb.org/us-gaap/2023/elts/us-gaap-2023.xsd#us-gaap_PropertyPlantAndEquipmentByTypeAxis" xlink:type="locator"/>
    <link:definitionArc xlink:arcrole="http://www.xbrl.org/2023/arcrole/concept-dimensional-equivalent" xlink:type="arc" xlink:from="ns12_LeaseholdImprovementsGross" xlink:to="ns12_PropertyPlantAndEquipmentByTypeAxis_5" order="2"/>
    <link:loc xlink:label="ns12_DerivativeInstrumentRiskAxis_3" xlink:href="https://xbrl.fasb.org/us-gaap/2023/elts/us-gaap-2023.xsd#us-gaap_DerivativeInstrumentRiskAxis" xlink:type="locator"/>
    <link:definitionArc xlink:arcrole="http://www.xbrl.org/2023/arcrole/concept-dimensional-equivalent" xlink:type="arc" xlink:from="ns12_CreditRiskDerivativeLiabilitiesAtFairValue" xlink:to="ns12_DerivativeInstrumentRiskAxis_3" order="2"/>
    <link:loc xlink:label="ns12_PropertyPlantAndEquipmentByTypeAxis_6" xlink:href="https://xbrl.fasb.org/us-gaap/2023/elts/us-gaap-2023.xsd#us-gaap_PropertyPlantAndEquipmentByTypeAxis" xlink:type="locator"/>
    <link:definitionArc xlink:arcrole="http://www.xbrl.org/2023/arcrole/concept-dimensional-equivalent" xlink:type="arc" xlink:from="ns12_LandImprovements" xlink:to="ns12_PropertyPlantAndEquipmentByTypeAxis_6" order="2"/>
    <link:loc xlink:label="ns12_TradeNamesMember_1" xlink:href="https://xbrl.fasb.org/us-gaap/2023/elts/us-gaap-2023.xsd#us-gaap_TradeNamesMember" xlink:type="locator"/>
    <link:definitionArc xlink:arcrole="http://www.xbrl.org/2023/arcrole/concept-dimensional-equivalent" xlink:type="arc" xlink:from="ns12_IndefiniteLivedTradeNames" xlink:to="ns12_TradeNamesMember_1" order="3"/>
    <link:loc xlink:label="ns12_ParentMember_1" xlink:href="https://xbrl.fasb.org/us-gaap/2023/elts/us-gaap-2023.xsd#us-gaap_ParentMember" xlink:type="locator"/>
    <link:definitionArc xlink:arcrole="http://www.xbrl.org/2023/arcrole/concept-dimensional-equivalent" xlink:type="arc" xlink:from="ns12_NetIncomeLoss" xlink:to="ns12_ParentMember_1" order="4"/>
    <link:loc xlink:label="ns12_DerivativeLiabilities_2" xlink:href="https://xbrl.fasb.org/us-gaap/2023/elts/us-gaap-2023.xsd#us-gaap_DerivativeLiabilities" xlink:type="locator"/>
    <link:definitionArc xlink:arcrole="http://www.xbrl.org/2023/arcrole/concept-dimensional-equivalent" xlink:type="arc" xlink:from="ns12_InterestRateDerivativeLiabilitiesAtFairValue" xlink:to="ns12_DerivativeLiabilities_2" order="1"/>
    <link:loc xlink:label="ns12_PropertyPlantAndEquipmentByTypeAxis_7" xlink:href="https://xbrl.fasb.org/us-gaap/2023/elts/us-gaap-2023.xsd#us-gaap_PropertyPlantAndEquipmentByTypeAxis" xlink:type="locator"/>
    <link:definitionArc xlink:arcrole="http://www.xbrl.org/2023/arcrole/concept-dimensional-equivalent" xlink:type="arc" xlink:from="ns12_LandAndLandImprovements" xlink:to="ns12_PropertyPlantAndEquipmentByTypeAxis_7" order="2"/>
    <link:loc xlink:label="ns12_DerivativeInstrumentRiskAxis_4" xlink:href="https://xbrl.fasb.org/us-gaap/2023/elts/us-gaap-2023.xsd#us-gaap_DerivativeInstrumentRiskAxis" xlink:type="locator"/>
    <link:definitionArc xlink:arcrole="http://www.xbrl.org/2023/arcrole/concept-dimensional-equivalent" xlink:type="arc" xlink:from="ns12_CreditRiskDerivativeAssetsAtFairValue" xlink:to="ns12_DerivativeInstrumentRiskAxis_4" order="2"/>
    <link:loc xlink:label="ns12_WarrantMember" xlink:href="https://xbrl.fasb.org/us-gaap/2023/elts/us-gaap-2023.xsd#us-gaap_WarrantMember" xlink:type="locator"/>
    <link:definitionArc xlink:arcrole="http://www.xbrl.org/2023/arcrole/concept-dimensional-equivalent" xlink:type="arc" xlink:from="ns12_WarrantsAndRightsOutstanding" xlink:to="ns12_WarrantMember" order="3"/>
    <link:loc xlink:label="ns12_LicensingAgreementsMember_1" xlink:href="https://xbrl.fasb.org/us-gaap/2023/elts/us-gaap-2023.xsd#us-gaap_LicensingAgreementsMember" xlink:type="locator"/>
    <link:definitionArc xlink:arcrole="http://www.xbrl.org/2023/arcrole/concept-dimensional-equivalent" xlink:type="arc" xlink:from="ns12_IndefiniteLivedLicenseAgreements" xlink:to="ns12_LicensingAgreementsMember_1" order="3"/>
    <link:loc xlink:label="ns12_PropertyPlantAndEquipmentByTypeAxis_8" xlink:href="https://xbrl.fasb.org/us-gaap/2023/elts/us-gaap-2023.xsd#us-gaap_PropertyPlantAndEquipmentByTypeAxis" xlink:type="locator"/>
    <link:definitionArc xlink:arcrole="http://www.xbrl.org/2023/arcrole/concept-dimensional-equivalent" xlink:type="arc" xlink:from="ns12_Land" xlink:to="ns12_PropertyPlantAndEquipmentByTypeAxis_8" order="2"/>
    <link:loc xlink:label="ns12_DerivativeAssets_2" xlink:href="https://xbrl.fasb.org/us-gaap/2023/elts/us-gaap-2023.xsd#us-gaap_DerivativeAssets" xlink:type="locator"/>
    <link:definitionArc xlink:arcrole="http://www.xbrl.org/2023/arcrole/concept-dimensional-equivalent" xlink:type="arc" xlink:from="ns12_InterestRateDerivativeAssetsAtFairValue" xlink:to="ns12_DerivativeAssets_2" order="1"/>
    <link:loc xlink:label="ns12_CashFlowHedgingMember_3" xlink:href="https://xbrl.fasb.org/us-gaap/2023/elts/us-gaap-2023.xsd#us-gaap_CashFlowHedgingMember" xlink:type="locator"/>
    <link:definitionArc xlink:arcrole="http://www.xbrl.org/2023/arcrole/concept-dimensional-equivalent" xlink:type="arc" xlink:from="ns12_UnrealizedGainLossOnCashFlowHedgingInstruments" xlink:to="ns12_CashFlowHedgingMember_3" order="3"/>
    <link:loc xlink:label="ns12_PropertyPlantAndEquipmentByTypeAxis_9" xlink:href="https://xbrl.fasb.org/us-gaap/2023/elts/us-gaap-2023.xsd#us-gaap_PropertyPlantAndEquipmentByTypeAxis" xlink:type="locator"/>
    <link:definitionArc xlink:arcrole="http://www.xbrl.org/2023/arcrole/concept-dimensional-equivalent" xlink:type="arc" xlink:from="ns12_ConstructionInProgressGross" xlink:to="ns12_PropertyPlantAndEquipmentByTypeAxis_9" order="2"/>
    <link:loc xlink:label="ns12_DerivativeInstrumentRiskAxis_5" xlink:href="https://xbrl.fasb.org/us-gaap/2023/elts/us-gaap-2023.xsd#us-gaap_DerivativeInstrumentRiskAxis" xlink:type="locator"/>
    <link:definitionArc xlink:arcrole="http://www.xbrl.org/2023/arcrole/concept-dimensional-equivalent" xlink:type="arc" xlink:from="ns12_InterestRateDerivativesAtFairValueNet" xlink:to="ns12_DerivativeInstrumentRiskAxis_5" order="2"/>
    <link:loc xlink:label="ns12_FranchiseRightsMember" xlink:href="https://xbrl.fasb.org/us-gaap/2023/elts/us-gaap-2023.xsd#us-gaap_FranchiseRightsMember" xlink:type="locator"/>
    <link:definitionArc xlink:arcrole="http://www.xbrl.org/2023/arcrole/concept-dimensional-equivalent" xlink:type="arc" xlink:from="ns12_IndefiniteLivedFranchiseRights" xlink:to="ns12_FranchiseRightsMember" order="3"/>
    <link:loc xlink:label="ns12_TreasuryStockMember" xlink:href="https://xbrl.fasb.org/us-gaap/2023/elts/us-gaap-2023.xsd#us-gaap_TreasuryStockMember" xlink:type="locator"/>
    <link:definitionArc xlink:arcrole="http://www.xbrl.org/2023/arcrole/concept-dimensional-equivalent" xlink:type="arc" xlink:from="ns12_TreasuryStockValue" xlink:to="ns12_TreasuryStockMember" order="3"/>
    <link:loc xlink:label="ns12_IndefiniteLivedIntangibleAssetsExcludingGoodwill_4" xlink:href="https://xbrl.fasb.org/us-gaap/2023/elts/us-gaap-2023.xsd#us-gaap_IndefiniteLivedIntangibleAssetsExcludingGoodwill" xlink:type="locator"/>
    <link:definitionArc xlink:arcrole="http://www.xbrl.org/2023/arcrole/concept-dimensional-equivalent" xlink:type="arc" xlink:from="ns12_IndefiniteLivedTrademarks" xlink:to="ns12_IndefiniteLivedIntangibleAssetsExcludingGoodwill_4" order="1"/>
    <link:loc xlink:label="ns12_StatementEquityComponentsAxis_20" xlink:href="https://xbrl.fasb.org/us-gaap/2023/elts/us-gaap-2023.xsd#us-gaap_StatementEquityComponentsAxis" xlink:type="locator"/>
    <link:definitionArc xlink:arcrole="http://www.xbrl.org/2023/arcrole/concept-dimensional-equivalent" xlink:type="arc" xlink:from="ns12_CommonStockValue" xlink:to="ns12_StatementEquityComponentsAxis_20" order="2"/>
    <link:loc xlink:label="ns12_ContractualRightsMember_1" xlink:href="https://xbrl.fasb.org/us-gaap/2023/elts/us-gaap-2023.xsd#us-gaap_ContractualRightsMember" xlink:type="locator"/>
    <link:definitionArc xlink:arcrole="http://www.xbrl.org/2023/arcrole/concept-dimensional-equivalent" xlink:type="arc" xlink:from="ns12_IndefiniteLivedContractualRights" xlink:to="ns12_ContractualRightsMember_1" order="3"/>
    <link:loc xlink:label="ns12_IndefiniteLivedIntangibleAssetsExcludingGoodwill_5" xlink:href="https://xbrl.fasb.org/us-gaap/2023/elts/us-gaap-2023.xsd#us-gaap_IndefiniteLivedIntangibleAssetsExcludingGoodwill" xlink:type="locator"/>
    <link:definitionArc xlink:arcrole="http://www.xbrl.org/2023/arcrole/concept-dimensional-equivalent" xlink:type="arc" xlink:from="ns12_IndefiniteLivedTradeNames" xlink:to="ns12_IndefiniteLivedIntangibleAssetsExcludingGoodwill_5" order="1"/>
    <link:loc xlink:label="ns12_FurnitureAndFixturesMember" xlink:href="https://xbrl.fasb.org/us-gaap/2023/elts/us-gaap-2023.xsd#us-gaap_FurnitureAndFixturesMember" xlink:type="locator"/>
    <link:definitionArc xlink:arcrole="http://www.xbrl.org/2023/arcrole/concept-dimensional-equivalent" xlink:type="arc" xlink:from="ns12_FurnitureAndFixturesGross" xlink:to="ns12_FurnitureAndFixturesMember" order="3"/>
  </link:definitionLink>
</link:linkbase>
