<link:linkbase xmlns:link="http://www.xbrl.org/2003/linkbase" xmlns:xlink="http://www.w3.org/1999/xlink" xmlns:xsi="http://www.w3.org/2001/XMLSchema-instance" xmlns:gen="http://xbrl.org/2008/generic" xsi:schemaLocation="http://www.xbrl.org/2003/linkbase http://www.xbrl.org/2003/xbrl-linkbase-2003-12-31.xsd http://xbrl.org/2008/generic http://www.xbrl.org/2008/generic-link.xsd">
  <link:roleRef roleURI="http://xbrl.us/metaModel/role" xlink:href="us-gaap-metaModel-2023.xsd#role" xlink:type="simple"/>
  <link:arcroleRef arcroleURI="http://www.xbrl.org/2021/arcrole/concept-dimensional-equivalent" xlink:href="https://xbrl.fasb.org/us-gaap/2024/meta/us-gaap-metaModel-2024.xsd#concept-dimensional-equivalent" xlink:type="simple"/>
  <link:definitionLink xlink:role="http://xbrl.us/metaModel/role" xlink:type="extended">
    <link:loc xlink:label="ns13_TreasuryStockCommonValue" xlink:href="https://xbrl.fasb.org/us-gaap/2023/elts/us-gaap-2023.xsd#us-gaap_TreasuryStockCommonValue" xlink:type="locator"/>
    <link:loc xlink:label="ns13_StockholdersEquityIncludingPortionAttributableToNoncontrollingInterest" xlink:href="https://xbrl.fasb.org/us-gaap/2023/elts/us-gaap-2023.xsd#us-gaap_StockholdersEquityIncludingPortionAttributableToNoncontrollingInterest" xlink:type="locator"/>
    <link:definitionArc xlink:arcrole="http://www.xbrl.org/2021/arcrole/concept-dimensional-equivalent" xlink:type="arc" xlink:from="ns13_TreasuryStockCommonValue" xlink:to="ns13_StockholdersEquityIncludingPortionAttributableToNoncontrollingInterest" order="1"/>
    <link:loc xlink:label="ns13_TreasuryStockCommonMember" xlink:href="https://xbrl.fasb.org/us-gaap/2023/elts/us-gaap-2023.xsd#us-gaap_TreasuryStockCommonMember" xlink:type="locator"/>
    <link:definitionArc xlink:arcrole="http://www.xbrl.org/2021/arcrole/concept-dimensional-equivalent" xlink:type="arc" xlink:from="ns13_TreasuryStockCommonValue" xlink:to="ns13_TreasuryStockCommonMember" order="3"/>
    <link:loc xlink:label="ns13_IndefiniteLivedFranchiseRights" xlink:href="https://xbrl.fasb.org/us-gaap/2023/elts/us-gaap-2023.xsd#us-gaap_IndefiniteLivedFranchiseRights" xlink:type="locator"/>
    <link:loc xlink:label="ns13_IndefiniteLivedIntangibleAssetsByMajorClassAxis" xlink:href="https://xbrl.fasb.org/us-gaap/2023/elts/us-gaap-2023.xsd#us-gaap_IndefiniteLivedIntangibleAssetsByMajorClassAxis" xlink:type="locator"/>
    <link:definitionArc xlink:arcrole="http://www.xbrl.org/2021/arcrole/concept-dimensional-equivalent" xlink:type="arc" xlink:from="ns13_IndefiniteLivedFranchiseRights" xlink:to="ns13_IndefiniteLivedIntangibleAssetsByMajorClassAxis" order="2"/>
    <link:loc xlink:label="ns13_CommonStockValue" xlink:href="https://xbrl.fasb.org/us-gaap/2023/elts/us-gaap-2023.xsd#us-gaap_CommonStockValue" xlink:type="locator"/>
    <link:loc xlink:label="ns13_CommonStockMember" xlink:href="https://xbrl.fasb.org/us-gaap/2023/elts/us-gaap-2023.xsd#us-gaap_CommonStockMember" xlink:type="locator"/>
    <link:definitionArc xlink:arcrole="http://www.xbrl.org/2021/arcrole/concept-dimensional-equivalent" xlink:type="arc" xlink:from="ns13_CommonStockValue" xlink:to="ns13_CommonStockMember" order="3"/>
    <link:loc xlink:label="ns13_CreditRiskDerivativeAssetsAtFairValue" xlink:href="https://xbrl.fasb.org/us-gaap/2023/elts/us-gaap-2023.xsd#us-gaap_CreditRiskDerivativeAssetsAtFairValue" xlink:type="locator"/>
    <link:loc xlink:label="ns13_DerivativeAssets" xlink:href="https://xbrl.fasb.org/us-gaap/2023/elts/us-gaap-2023.xsd#us-gaap_DerivativeAssets" xlink:type="locator"/>
    <link:definitionArc xlink:arcrole="http://www.xbrl.org/2021/arcrole/concept-dimensional-equivalent" xlink:type="arc" xlink:from="ns13_CreditRiskDerivativeAssetsAtFairValue" xlink:to="ns13_DerivativeAssets" order="1"/>
    <link:loc xlink:label="ns13_TimberAndTimberlands" xlink:href="https://xbrl.fasb.org/us-gaap/2023/elts/us-gaap-2023.xsd#us-gaap_TimberAndTimberlands" xlink:type="locator"/>
    <link:loc xlink:label="ns13_PropertyPlantAndEquipmentGross" xlink:href="https://xbrl.fasb.org/us-gaap/2023/elts/us-gaap-2023.xsd#us-gaap_PropertyPlantAndEquipmentGross" xlink:type="locator"/>
    <link:definitionArc xlink:arcrole="http://www.xbrl.org/2021/arcrole/concept-dimensional-equivalent" xlink:type="arc" xlink:from="ns13_TimberAndTimberlands" xlink:to="ns13_PropertyPlantAndEquipmentGross" order="1"/>
    <link:loc xlink:label="ns13_TimberPropertiesMember" xlink:href="https://xbrl.fasb.org/us-gaap/2023/elts/us-gaap-2023.xsd#us-gaap_TimberPropertiesMember" xlink:type="locator"/>
    <link:definitionArc xlink:arcrole="http://www.xbrl.org/2021/arcrole/concept-dimensional-equivalent" xlink:type="arc" xlink:from="ns13_TimberAndTimberlands" xlink:to="ns13_TimberPropertiesMember" order="3"/>
    <link:loc xlink:label="ns13_IndefiniteLivedContractualRights" xlink:href="https://xbrl.fasb.org/us-gaap/2023/elts/us-gaap-2023.xsd#us-gaap_IndefiniteLivedContractualRights" xlink:type="locator"/>
    <link:loc xlink:label="ns13_IndefiniteLivedIntangibleAssetsByMajorClassAxis_1" xlink:href="https://xbrl.fasb.org/us-gaap/2023/elts/us-gaap-2023.xsd#us-gaap_IndefiniteLivedIntangibleAssetsByMajorClassAxis" xlink:type="locator"/>
    <link:definitionArc xlink:arcrole="http://www.xbrl.org/2021/arcrole/concept-dimensional-equivalent" xlink:type="arc" xlink:from="ns13_IndefiniteLivedContractualRights" xlink:to="ns13_IndefiniteLivedIntangibleAssetsByMajorClassAxis_1" order="2"/>
    <link:loc xlink:label="ns13_CashFlowHedgesDerivativeInstrumentsAtFairValueNet" xlink:href="https://xbrl.fasb.org/us-gaap/2023/elts/us-gaap-2023.xsd#us-gaap_CashFlowHedgesDerivativeInstrumentsAtFairValueNet" xlink:type="locator"/>
    <link:loc xlink:label="ns13_CashFlowHedgingMember" xlink:href="https://xbrl.fasb.org/us-gaap/2023/elts/us-gaap-2023.xsd#us-gaap_CashFlowHedgingMember" xlink:type="locator"/>
    <link:definitionArc xlink:arcrole="http://www.xbrl.org/2021/arcrole/concept-dimensional-equivalent" xlink:type="arc" xlink:from="ns13_CashFlowHedgesDerivativeInstrumentsAtFairValueNet" xlink:to="ns13_CashFlowHedgingMember" order="3"/>
    <link:loc xlink:label="ns13_ConstructionInProgressGross" xlink:href="https://xbrl.fasb.org/us-gaap/2023/elts/us-gaap-2023.xsd#us-gaap_ConstructionInProgressGross" xlink:type="locator"/>
    <link:loc xlink:label="ns13_PropertyPlantAndEquipmentGross_1" xlink:href="https://xbrl.fasb.org/us-gaap/2023/elts/us-gaap-2023.xsd#us-gaap_PropertyPlantAndEquipmentGross" xlink:type="locator"/>
    <link:definitionArc xlink:arcrole="http://www.xbrl.org/2021/arcrole/concept-dimensional-equivalent" xlink:type="arc" xlink:from="ns13_ConstructionInProgressGross" xlink:to="ns13_PropertyPlantAndEquipmentGross_1" order="1"/>
    <link:loc xlink:label="ns13_StockholdersEquity" xlink:href="https://xbrl.fasb.org/us-gaap/2023/elts/us-gaap-2023.xsd#us-gaap_StockholdersEquity" xlink:type="locator"/>
    <link:loc xlink:label="ns13_StockholdersEquityIncludingPortionAttributableToNoncontrollingInterest_1" xlink:href="https://xbrl.fasb.org/us-gaap/2023/elts/us-gaap-2023.xsd#us-gaap_StockholdersEquityIncludingPortionAttributableToNoncontrollingInterest" xlink:type="locator"/>
    <link:definitionArc xlink:arcrole="http://www.xbrl.org/2021/arcrole/concept-dimensional-equivalent" xlink:type="arc" xlink:from="ns13_StockholdersEquity" xlink:to="ns13_StockholdersEquityIncludingPortionAttributableToNoncontrollingInterest_1" order="1"/>
    <link:loc xlink:label="ns13_ParentMember" xlink:href="https://xbrl.fasb.org/us-gaap/2023/elts/us-gaap-2023.xsd#us-gaap_ParentMember" xlink:type="locator"/>
    <link:definitionArc xlink:arcrole="http://www.xbrl.org/2021/arcrole/concept-dimensional-equivalent" xlink:type="arc" xlink:from="ns13_StockholdersEquity" xlink:to="ns13_ParentMember" order="3"/>
    <link:loc xlink:label="ns13_CashFlowHedgeDerivativeInstrumentLiabilitiesAtFairValue" xlink:href="https://xbrl.fasb.org/us-gaap/2023/elts/us-gaap-2023.xsd#us-gaap_CashFlowHedgeDerivativeInstrumentLiabilitiesAtFairValue" xlink:type="locator"/>
    <link:loc xlink:label="ns13_CashFlowHedgingMember_1" xlink:href="https://xbrl.fasb.org/us-gaap/2023/elts/us-gaap-2023.xsd#us-gaap_CashFlowHedgingMember" xlink:type="locator"/>
    <link:definitionArc xlink:arcrole="http://www.xbrl.org/2021/arcrole/concept-dimensional-equivalent" xlink:type="arc" xlink:from="ns13_CashFlowHedgeDerivativeInstrumentLiabilitiesAtFairValue" xlink:to="ns13_CashFlowHedgingMember_1" order="3"/>
    <link:loc xlink:label="ns13_StockholdersEquityIncludingPortionAttributableToNoncontrollingInterest_2" xlink:href="https://xbrl.fasb.org/us-gaap/2023/elts/us-gaap-2023.xsd#us-gaap_StockholdersEquityIncludingPortionAttributableToNoncontrollingInterest" xlink:type="locator"/>
    <link:definitionArc xlink:arcrole="http://www.xbrl.org/2021/arcrole/concept-dimensional-equivalent" xlink:type="arc" xlink:from="ns13_CommonStockValue" xlink:to="ns13_StockholdersEquityIncludingPortionAttributableToNoncontrollingInterest_2" order="1"/>
    <link:loc xlink:label="ns13_RetainedEarningsUnappropriated" xlink:href="https://xbrl.fasb.org/us-gaap/2023/elts/us-gaap-2023.xsd#us-gaap_RetainedEarningsUnappropriated" xlink:type="locator"/>
    <link:loc xlink:label="ns13_StockholdersEquityIncludingPortionAttributableToNoncontrollingInterest_3" xlink:href="https://xbrl.fasb.org/us-gaap/2023/elts/us-gaap-2023.xsd#us-gaap_StockholdersEquityIncludingPortionAttributableToNoncontrollingInterest" xlink:type="locator"/>
    <link:definitionArc xlink:arcrole="http://www.xbrl.org/2021/arcrole/concept-dimensional-equivalent" xlink:type="arc" xlink:from="ns13_RetainedEarningsUnappropriated" xlink:to="ns13_StockholdersEquityIncludingPortionAttributableToNoncontrollingInterest_3" order="1"/>
    <link:loc xlink:label="ns13_FurnitureAndFixturesGross" xlink:href="https://xbrl.fasb.org/us-gaap/2023/elts/us-gaap-2023.xsd#us-gaap_FurnitureAndFixturesGross" xlink:type="locator"/>
    <link:loc xlink:label="ns13_PropertyPlantAndEquipmentByTypeAxis" xlink:href="https://xbrl.fasb.org/us-gaap/2023/elts/us-gaap-2023.xsd#us-gaap_PropertyPlantAndEquipmentByTypeAxis" xlink:type="locator"/>
    <link:definitionArc xlink:arcrole="http://www.xbrl.org/2021/arcrole/concept-dimensional-equivalent" xlink:type="arc" xlink:from="ns13_FurnitureAndFixturesGross" xlink:to="ns13_PropertyPlantAndEquipmentByTypeAxis" order="2"/>
    <link:loc xlink:label="ns13_CashFlowHedgeDerivativeInstrumentAssetsAtFairValue" xlink:href="https://xbrl.fasb.org/us-gaap/2023/elts/us-gaap-2023.xsd#us-gaap_CashFlowHedgeDerivativeInstrumentAssetsAtFairValue" xlink:type="locator"/>
    <link:loc xlink:label="ns13_CashFlowHedgingMember_2" xlink:href="https://xbrl.fasb.org/us-gaap/2023/elts/us-gaap-2023.xsd#us-gaap_CashFlowHedgingMember" xlink:type="locator"/>
    <link:definitionArc xlink:arcrole="http://www.xbrl.org/2021/arcrole/concept-dimensional-equivalent" xlink:type="arc" xlink:from="ns13_CashFlowHedgeDerivativeInstrumentAssetsAtFairValue" xlink:to="ns13_CashFlowHedgingMember_2" order="3"/>
    <link:loc xlink:label="ns13_RetainedEarningsUnappropriatedMember" xlink:href="https://xbrl.fasb.org/us-gaap/2023/elts/us-gaap-2023.xsd#us-gaap_RetainedEarningsUnappropriatedMember" xlink:type="locator"/>
    <link:definitionArc xlink:arcrole="http://www.xbrl.org/2021/arcrole/concept-dimensional-equivalent" xlink:type="arc" xlink:from="ns13_RetainedEarningsUnappropriated" xlink:to="ns13_RetainedEarningsUnappropriatedMember" order="3"/>
    <link:loc xlink:label="ns13_RetainedEarningsAccumulatedDeficit" xlink:href="https://xbrl.fasb.org/us-gaap/2023/elts/us-gaap-2023.xsd#us-gaap_RetainedEarningsAccumulatedDeficit" xlink:type="locator"/>
    <link:loc xlink:label="ns13_RetainedEarningsMember" xlink:href="https://xbrl.fasb.org/us-gaap/2023/elts/us-gaap-2023.xsd#us-gaap_RetainedEarningsMember" xlink:type="locator"/>
    <link:definitionArc xlink:arcrole="http://www.xbrl.org/2021/arcrole/concept-dimensional-equivalent" xlink:type="arc" xlink:from="ns13_RetainedEarningsAccumulatedDeficit" xlink:to="ns13_RetainedEarningsMember" order="3"/>
    <link:loc xlink:label="ns13_DerivativeFairValueOfDerivativeNet" xlink:href="https://xbrl.fasb.org/us-gaap/2023/elts/us-gaap-2023.xsd#us-gaap_DerivativeFairValueOfDerivativeNet" xlink:type="locator"/>
    <link:definitionArc xlink:arcrole="http://www.xbrl.org/2021/arcrole/concept-dimensional-equivalent" xlink:type="arc" xlink:from="ns13_CashFlowHedgesDerivativeInstrumentsAtFairValueNet" xlink:to="ns13_DerivativeFairValueOfDerivativeNet" order="1"/>
    <link:loc xlink:label="ns13_StockholdersEquityIncludingPortionAttributableToNoncontrollingInterest_4" xlink:href="https://xbrl.fasb.org/us-gaap/2023/elts/us-gaap-2023.xsd#us-gaap_StockholdersEquityIncludingPortionAttributableToNoncontrollingInterest" xlink:type="locator"/>
    <link:definitionArc xlink:arcrole="http://www.xbrl.org/2021/arcrole/concept-dimensional-equivalent" xlink:type="arc" xlink:from="ns13_RetainedEarningsAccumulatedDeficit" xlink:to="ns13_StockholdersEquityIncludingPortionAttributableToNoncontrollingInterest_4" order="1"/>
    <link:loc xlink:label="ns13_FiniteLivedTrademarksGross" xlink:href="https://xbrl.fasb.org/us-gaap/2023/elts/us-gaap-2023.xsd#us-gaap_FiniteLivedTrademarksGross" xlink:type="locator"/>
    <link:loc xlink:label="ns13_FiniteLivedIntangibleAssetsByMajorClassAxis" xlink:href="https://xbrl.fasb.org/us-gaap/2023/elts/us-gaap-2023.xsd#us-gaap_FiniteLivedIntangibleAssetsByMajorClassAxis" xlink:type="locator"/>
    <link:definitionArc xlink:arcrole="http://www.xbrl.org/2021/arcrole/concept-dimensional-equivalent" xlink:type="arc" xlink:from="ns13_FiniteLivedTrademarksGross" xlink:to="ns13_FiniteLivedIntangibleAssetsByMajorClassAxis" order="2"/>
    <link:loc xlink:label="ns13_BuildingsAndImprovementsGross" xlink:href="https://xbrl.fasb.org/us-gaap/2023/elts/us-gaap-2023.xsd#us-gaap_BuildingsAndImprovementsGross" xlink:type="locator"/>
    <link:loc xlink:label="ns13_BuildingAndBuildingImprovementsMember" xlink:href="https://xbrl.fasb.org/us-gaap/2023/elts/us-gaap-2023.xsd#us-gaap_BuildingAndBuildingImprovementsMember" xlink:type="locator"/>
    <link:definitionArc xlink:arcrole="http://www.xbrl.org/2021/arcrole/concept-dimensional-equivalent" xlink:type="arc" xlink:from="ns13_BuildingsAndImprovementsGross" xlink:to="ns13_BuildingAndBuildingImprovementsMember" order="3"/>
    <link:loc xlink:label="ns13_ReceivableFromOfficersAndDirectorsForIssuanceOfCapitalStock" xlink:href="https://xbrl.fasb.org/us-gaap/2023/elts/us-gaap-2023.xsd#us-gaap_ReceivableFromOfficersAndDirectorsForIssuanceOfCapitalStock" xlink:type="locator"/>
    <link:loc xlink:label="ns13_ReceivablesFromStockholderMember" xlink:href="https://xbrl.fasb.org/us-gaap/2023/elts/us-gaap-2023.xsd#us-gaap_ReceivablesFromStockholderMember" xlink:type="locator"/>
    <link:definitionArc xlink:arcrole="http://www.xbrl.org/2021/arcrole/concept-dimensional-equivalent" xlink:type="arc" xlink:from="ns13_ReceivableFromOfficersAndDirectorsForIssuanceOfCapitalStock" xlink:to="ns13_ReceivablesFromStockholderMember" order="3"/>
    <link:loc xlink:label="ns13_DerivativeLiabilities" xlink:href="https://xbrl.fasb.org/us-gaap/2023/elts/us-gaap-2023.xsd#us-gaap_DerivativeLiabilities" xlink:type="locator"/>
    <link:definitionArc xlink:arcrole="http://www.xbrl.org/2021/arcrole/concept-dimensional-equivalent" xlink:type="arc" xlink:from="ns13_CashFlowHedgeDerivativeInstrumentLiabilitiesAtFairValue" xlink:to="ns13_DerivativeLiabilities" order="1"/>
    <link:loc xlink:label="ns13_AociLossCashFlowHedgeCumulativeGainLossAfterTax" xlink:href="https://xbrl.fasb.org/us-gaap/2023/elts/us-gaap-2023.xsd#us-gaap_AociLossCashFlowHedgeCumulativeGainLossAfterTax" xlink:type="locator"/>
    <link:loc xlink:label="ns13_AccumulatedGainLossNetCashFlowHedgeParentMember" xlink:href="https://xbrl.fasb.org/us-gaap/2023/elts/us-gaap-2023.xsd#us-gaap_AccumulatedGainLossNetCashFlowHedgeParentMember" xlink:type="locator"/>
    <link:definitionArc xlink:arcrole="http://www.xbrl.org/2021/arcrole/concept-dimensional-equivalent" xlink:type="arc" xlink:from="ns13_AociLossCashFlowHedgeCumulativeGainLossAfterTax" xlink:to="ns13_AccumulatedGainLossNetCashFlowHedgeParentMember" order="3"/>
    <link:loc xlink:label="ns13_StockholdersEquityIncludingPortionAttributableToNoncontrollingInterest_5" xlink:href="https://xbrl.fasb.org/us-gaap/2023/elts/us-gaap-2023.xsd#us-gaap_StockholdersEquityIncludingPortionAttributableToNoncontrollingInterest" xlink:type="locator"/>
    <link:definitionArc xlink:arcrole="http://www.xbrl.org/2021/arcrole/concept-dimensional-equivalent" xlink:type="arc" xlink:from="ns13_ReceivableFromOfficersAndDirectorsForIssuanceOfCapitalStock" xlink:to="ns13_StockholdersEquityIncludingPortionAttributableToNoncontrollingInterest_5" order="1"/>
    <link:loc xlink:label="ns13_FiniteLivedTradeNamesGross" xlink:href="https://xbrl.fasb.org/us-gaap/2023/elts/us-gaap-2023.xsd#us-gaap_FiniteLivedTradeNamesGross" xlink:type="locator"/>
    <link:loc xlink:label="ns13_FiniteLivedIntangibleAssetsByMajorClassAxis_1" xlink:href="https://xbrl.fasb.org/us-gaap/2023/elts/us-gaap-2023.xsd#us-gaap_FiniteLivedIntangibleAssetsByMajorClassAxis" xlink:type="locator"/>
    <link:definitionArc xlink:arcrole="http://www.xbrl.org/2021/arcrole/concept-dimensional-equivalent" xlink:type="arc" xlink:from="ns13_FiniteLivedTradeNamesGross" xlink:to="ns13_FiniteLivedIntangibleAssetsByMajorClassAxis_1" order="2"/>
    <link:loc xlink:label="ns13_PropertyPlantAndEquipmentOther" xlink:href="https://xbrl.fasb.org/us-gaap/2023/elts/us-gaap-2023.xsd#us-gaap_PropertyPlantAndEquipmentOther" xlink:type="locator"/>
    <link:loc xlink:label="ns13_OtherCapitalizedPropertyPlantAndEquipmentMember" xlink:href="https://xbrl.fasb.org/us-gaap/2023/elts/us-gaap-2023.xsd#us-gaap_OtherCapitalizedPropertyPlantAndEquipmentMember" xlink:type="locator"/>
    <link:definitionArc xlink:arcrole="http://www.xbrl.org/2021/arcrole/concept-dimensional-equivalent" xlink:type="arc" xlink:from="ns13_PropertyPlantAndEquipmentOther" xlink:to="ns13_OtherCapitalizedPropertyPlantAndEquipmentMember" order="3"/>
    <link:loc xlink:label="ns13_DerivativeAssets_1" xlink:href="https://xbrl.fasb.org/us-gaap/2023/elts/us-gaap-2023.xsd#us-gaap_DerivativeAssets" xlink:type="locator"/>
    <link:definitionArc xlink:arcrole="http://www.xbrl.org/2021/arcrole/concept-dimensional-equivalent" xlink:type="arc" xlink:from="ns13_CashFlowHedgeDerivativeInstrumentAssetsAtFairValue" xlink:to="ns13_DerivativeAssets_1" order="1"/>
    <link:loc xlink:label="ns13_AociDerivativeQualifyingAsHedgeExcludedComponentAfterTax" xlink:href="https://xbrl.fasb.org/us-gaap/2023/elts/us-gaap-2023.xsd#us-gaap_AociDerivativeQualifyingAsHedgeExcludedComponentAfterTax" xlink:type="locator"/>
    <link:loc xlink:label="ns13_AociDerivativeQualifyingAsHedgeExcludedComponentParentMember" xlink:href="https://xbrl.fasb.org/us-gaap/2023/elts/us-gaap-2023.xsd#us-gaap_AociDerivativeQualifyingAsHedgeExcludedComponentParentMember" xlink:type="locator"/>
    <link:definitionArc xlink:arcrole="http://www.xbrl.org/2021/arcrole/concept-dimensional-equivalent" xlink:type="arc" xlink:from="ns13_AociDerivativeQualifyingAsHedgeExcludedComponentAfterTax" xlink:to="ns13_AociDerivativeQualifyingAsHedgeExcludedComponentParentMember" order="3"/>
    <link:loc xlink:label="ns13_PropertyPlantAndEquipmentGross_2" xlink:href="https://xbrl.fasb.org/us-gaap/2023/elts/us-gaap-2023.xsd#us-gaap_PropertyPlantAndEquipmentGross" xlink:type="locator"/>
    <link:definitionArc xlink:arcrole="http://www.xbrl.org/2021/arcrole/concept-dimensional-equivalent" xlink:type="arc" xlink:from="ns13_PropertyPlantAndEquipmentOther" xlink:to="ns13_PropertyPlantAndEquipmentGross_2" order="1"/>
    <link:loc xlink:label="ns13_FiniteLivedPatentsGross" xlink:href="https://xbrl.fasb.org/us-gaap/2023/elts/us-gaap-2023.xsd#us-gaap_FiniteLivedPatentsGross" xlink:type="locator"/>
    <link:loc xlink:label="ns13_FiniteLivedIntangibleAssetsByMajorClassAxis_2" xlink:href="https://xbrl.fasb.org/us-gaap/2023/elts/us-gaap-2023.xsd#us-gaap_FiniteLivedIntangibleAssetsByMajorClassAxis" xlink:type="locator"/>
    <link:definitionArc xlink:arcrole="http://www.xbrl.org/2021/arcrole/concept-dimensional-equivalent" xlink:type="arc" xlink:from="ns13_FiniteLivedPatentsGross" xlink:to="ns13_FiniteLivedIntangibleAssetsByMajorClassAxis_2" order="2"/>
    <link:loc xlink:label="ns13_OtherIndefiniteLivedIntangibleAssets" xlink:href="https://xbrl.fasb.org/us-gaap/2023/elts/us-gaap-2023.xsd#us-gaap_OtherIndefiniteLivedIntangibleAssets" xlink:type="locator"/>
    <link:loc xlink:label="ns13_OtherIntangibleAssetsMember" xlink:href="https://xbrl.fasb.org/us-gaap/2023/elts/us-gaap-2023.xsd#us-gaap_OtherIntangibleAssetsMember" xlink:type="locator"/>
    <link:definitionArc xlink:arcrole="http://www.xbrl.org/2021/arcrole/concept-dimensional-equivalent" xlink:type="arc" xlink:from="ns13_OtherIndefiniteLivedIntangibleAssets" xlink:to="ns13_OtherIntangibleAssetsMember" order="3"/>
    <link:loc xlink:label="ns13_PropertyPlantAndEquipmentGross_3" xlink:href="https://xbrl.fasb.org/us-gaap/2023/elts/us-gaap-2023.xsd#us-gaap_PropertyPlantAndEquipmentGross" xlink:type="locator"/>
    <link:definitionArc xlink:arcrole="http://www.xbrl.org/2021/arcrole/concept-dimensional-equivalent" xlink:type="arc" xlink:from="ns13_BuildingsAndImprovementsGross" xlink:to="ns13_PropertyPlantAndEquipmentGross_3" order="1"/>
    <link:loc xlink:label="ns13_AdditionalPaidInCapital" xlink:href="https://xbrl.fasb.org/us-gaap/2023/elts/us-gaap-2023.xsd#us-gaap_AdditionalPaidInCapital" xlink:type="locator"/>
    <link:loc xlink:label="ns13_AdditionalPaidInCapitalMember" xlink:href="https://xbrl.fasb.org/us-gaap/2023/elts/us-gaap-2023.xsd#us-gaap_AdditionalPaidInCapitalMember" xlink:type="locator"/>
    <link:definitionArc xlink:arcrole="http://www.xbrl.org/2021/arcrole/concept-dimensional-equivalent" xlink:type="arc" xlink:from="ns13_AdditionalPaidInCapital" xlink:to="ns13_AdditionalPaidInCapitalMember" order="3"/>
    <link:loc xlink:label="ns13_IndefiniteLivedIntangibleAssetsExcludingGoodwill" xlink:href="https://xbrl.fasb.org/us-gaap/2023/elts/us-gaap-2023.xsd#us-gaap_IndefiniteLivedIntangibleAssetsExcludingGoodwill" xlink:type="locator"/>
    <link:definitionArc xlink:arcrole="http://www.xbrl.org/2021/arcrole/concept-dimensional-equivalent" xlink:type="arc" xlink:from="ns13_OtherIndefiniteLivedIntangibleAssets" xlink:to="ns13_IndefiniteLivedIntangibleAssetsExcludingGoodwill" order="1"/>
    <link:loc xlink:label="ns13_FiniteLivedNoncompeteAgreementsGross" xlink:href="https://xbrl.fasb.org/us-gaap/2023/elts/us-gaap-2023.xsd#us-gaap_FiniteLivedNoncompeteAgreementsGross" xlink:type="locator"/>
    <link:loc xlink:label="ns13_FiniteLivedIntangibleAssetsByMajorClassAxis_3" xlink:href="https://xbrl.fasb.org/us-gaap/2023/elts/us-gaap-2023.xsd#us-gaap_FiniteLivedIntangibleAssetsByMajorClassAxis" xlink:type="locator"/>
    <link:definitionArc xlink:arcrole="http://www.xbrl.org/2021/arcrole/concept-dimensional-equivalent" xlink:type="arc" xlink:from="ns13_FiniteLivedNoncompeteAgreementsGross" xlink:to="ns13_FiniteLivedIntangibleAssetsByMajorClassAxis_3" order="2"/>
    <link:loc xlink:label="ns13_OtherFiniteLivedIntangibleAssetsGross" xlink:href="https://xbrl.fasb.org/us-gaap/2023/elts/us-gaap-2023.xsd#us-gaap_OtherFiniteLivedIntangibleAssetsGross" xlink:type="locator"/>
    <link:loc xlink:label="ns13_OtherIntangibleAssetsMember_1" xlink:href="https://xbrl.fasb.org/us-gaap/2023/elts/us-gaap-2023.xsd#us-gaap_OtherIntangibleAssetsMember" xlink:type="locator"/>
    <link:definitionArc xlink:arcrole="http://www.xbrl.org/2021/arcrole/concept-dimensional-equivalent" xlink:type="arc" xlink:from="ns13_OtherFiniteLivedIntangibleAssetsGross" xlink:to="ns13_OtherIntangibleAssetsMember_1" order="3"/>
    <link:loc xlink:label="ns13_StockholdersEquityIncludingPortionAttributableToNoncontrollingInterest_6" xlink:href="https://xbrl.fasb.org/us-gaap/2023/elts/us-gaap-2023.xsd#us-gaap_StockholdersEquityIncludingPortionAttributableToNoncontrollingInterest" xlink:type="locator"/>
    <link:definitionArc xlink:arcrole="http://www.xbrl.org/2021/arcrole/concept-dimensional-equivalent" xlink:type="arc" xlink:from="ns13_AociLossCashFlowHedgeCumulativeGainLossAfterTax" xlink:to="ns13_StockholdersEquityIncludingPortionAttributableToNoncontrollingInterest_6" order="1"/>
    <link:loc xlink:label="ns13_FiniteLivedIntangibleAssetsGross" xlink:href="https://xbrl.fasb.org/us-gaap/2023/elts/us-gaap-2023.xsd#us-gaap_FiniteLivedIntangibleAssetsGross" xlink:type="locator"/>
    <link:definitionArc xlink:arcrole="http://www.xbrl.org/2021/arcrole/concept-dimensional-equivalent" xlink:type="arc" xlink:from="ns13_OtherFiniteLivedIntangibleAssetsGross" xlink:to="ns13_FiniteLivedIntangibleAssetsGross" order="1"/>
    <link:loc xlink:label="ns13_FiniteLivedLicenseAgreementsGross" xlink:href="https://xbrl.fasb.org/us-gaap/2023/elts/us-gaap-2023.xsd#us-gaap_FiniteLivedLicenseAgreementsGross" xlink:type="locator"/>
    <link:loc xlink:label="ns13_FiniteLivedIntangibleAssetsByMajorClassAxis_4" xlink:href="https://xbrl.fasb.org/us-gaap/2023/elts/us-gaap-2023.xsd#us-gaap_FiniteLivedIntangibleAssetsByMajorClassAxis" xlink:type="locator"/>
    <link:definitionArc xlink:arcrole="http://www.xbrl.org/2021/arcrole/concept-dimensional-equivalent" xlink:type="arc" xlink:from="ns13_FiniteLivedLicenseAgreementsGross" xlink:to="ns13_FiniteLivedIntangibleAssetsByMajorClassAxis_4" order="2"/>
    <link:loc xlink:label="ns13_AccumulatedOtherComprehensiveIncomeLossNetOfTax" xlink:href="https://xbrl.fasb.org/us-gaap/2023/elts/us-gaap-2023.xsd#us-gaap_AccumulatedOtherComprehensiveIncomeLossNetOfTax" xlink:type="locator"/>
    <link:loc xlink:label="ns13_AccumulatedOtherComprehensiveIncomeMember" xlink:href="https://xbrl.fasb.org/us-gaap/2023/elts/us-gaap-2023.xsd#us-gaap_AccumulatedOtherComprehensiveIncomeMember" xlink:type="locator"/>
    <link:definitionArc xlink:arcrole="http://www.xbrl.org/2021/arcrole/concept-dimensional-equivalent" xlink:type="arc" xlink:from="ns13_AccumulatedOtherComprehensiveIncomeLossNetOfTax" xlink:to="ns13_AccumulatedOtherComprehensiveIncomeMember" order="3"/>
    <link:loc xlink:label="ns13_StockholdersEquityIncludingPortionAttributableToNoncontrollingInterest_7" xlink:href="https://xbrl.fasb.org/us-gaap/2023/elts/us-gaap-2023.xsd#us-gaap_StockholdersEquityIncludingPortionAttributableToNoncontrollingInterest" xlink:type="locator"/>
    <link:definitionArc xlink:arcrole="http://www.xbrl.org/2021/arcrole/concept-dimensional-equivalent" xlink:type="arc" xlink:from="ns13_AociDerivativeQualifyingAsHedgeExcludedComponentAfterTax" xlink:to="ns13_StockholdersEquityIncludingPortionAttributableToNoncontrollingInterest_7" order="1"/>
    <link:loc xlink:label="ns13_Land" xlink:href="https://xbrl.fasb.org/us-gaap/2023/elts/us-gaap-2023.xsd#us-gaap_Land" xlink:type="locator"/>
    <link:loc xlink:label="ns13_LandMember" xlink:href="https://xbrl.fasb.org/us-gaap/2023/elts/us-gaap-2023.xsd#us-gaap_LandMember" xlink:type="locator"/>
    <link:definitionArc xlink:arcrole="http://www.xbrl.org/2021/arcrole/concept-dimensional-equivalent" xlink:type="arc" xlink:from="ns13_Land" xlink:to="ns13_LandMember" order="3"/>
    <link:loc xlink:label="ns13_OtherAdditionalCapital" xlink:href="https://xbrl.fasb.org/us-gaap/2023/elts/us-gaap-2023.xsd#us-gaap_OtherAdditionalCapital" xlink:type="locator"/>
    <link:loc xlink:label="ns13_OtherAdditionalCapitalMember" xlink:href="https://xbrl.fasb.org/us-gaap/2023/elts/us-gaap-2023.xsd#us-gaap_OtherAdditionalCapitalMember" xlink:type="locator"/>
    <link:definitionArc xlink:arcrole="http://www.xbrl.org/2021/arcrole/concept-dimensional-equivalent" xlink:type="arc" xlink:from="ns13_OtherAdditionalCapital" xlink:to="ns13_OtherAdditionalCapitalMember" order="3"/>
    <link:loc xlink:label="ns13_StockholdersEquityIncludingPortionAttributableToNoncontrollingInterest_8" xlink:href="https://xbrl.fasb.org/us-gaap/2023/elts/us-gaap-2023.xsd#us-gaap_StockholdersEquityIncludingPortionAttributableToNoncontrollingInterest" xlink:type="locator"/>
    <link:definitionArc xlink:arcrole="http://www.xbrl.org/2021/arcrole/concept-dimensional-equivalent" xlink:type="arc" xlink:from="ns13_OtherAdditionalCapital" xlink:to="ns13_StockholdersEquityIncludingPortionAttributableToNoncontrollingInterest_8" order="1"/>
    <link:loc xlink:label="ns13_FiniteLivedIntangibleAssetOffMarketLeaseFavorableGross" xlink:href="https://xbrl.fasb.org/us-gaap/2023/elts/us-gaap-2023.xsd#us-gaap_FiniteLivedIntangibleAssetOffMarketLeaseFavorableGross" xlink:type="locator"/>
    <link:loc xlink:label="ns13_FiniteLivedIntangibleAssetsByMajorClassAxis_5" xlink:href="https://xbrl.fasb.org/us-gaap/2023/elts/us-gaap-2023.xsd#us-gaap_FiniteLivedIntangibleAssetsByMajorClassAxis" xlink:type="locator"/>
    <link:definitionArc xlink:arcrole="http://www.xbrl.org/2021/arcrole/concept-dimensional-equivalent" xlink:type="arc" xlink:from="ns13_FiniteLivedIntangibleAssetOffMarketLeaseFavorableGross" xlink:to="ns13_FiniteLivedIntangibleAssetsByMajorClassAxis_5" order="2"/>
    <link:loc xlink:label="ns13_AccumulatedOtherComprehensiveIncomeLossForeignCurrencyTranslationAdjustmentNetOfTax" xlink:href="https://xbrl.fasb.org/us-gaap/2023/elts/us-gaap-2023.xsd#us-gaap_AccumulatedOtherComprehensiveIncomeLossForeignCurrencyTranslationAdjustmentNetOfTax" xlink:type="locator"/>
    <link:loc xlink:label="ns13_AccumulatedTranslationAdjustmentMember" xlink:href="https://xbrl.fasb.org/us-gaap/2023/elts/us-gaap-2023.xsd#us-gaap_AccumulatedTranslationAdjustmentMember" xlink:type="locator"/>
    <link:definitionArc xlink:arcrole="http://www.xbrl.org/2021/arcrole/concept-dimensional-equivalent" xlink:type="arc" xlink:from="ns13_AccumulatedOtherComprehensiveIncomeLossForeignCurrencyTranslationAdjustmentNetOfTax" xlink:to="ns13_AccumulatedTranslationAdjustmentMember" order="3"/>
    <link:loc xlink:label="ns13_StockholdersEquityIncludingPortionAttributableToNoncontrollingInterest_9" xlink:href="https://xbrl.fasb.org/us-gaap/2023/elts/us-gaap-2023.xsd#us-gaap_StockholdersEquityIncludingPortionAttributableToNoncontrollingInterest" xlink:type="locator"/>
    <link:definitionArc xlink:arcrole="http://www.xbrl.org/2021/arcrole/concept-dimensional-equivalent" xlink:type="arc" xlink:from="ns13_AdditionalPaidInCapital" xlink:to="ns13_StockholdersEquityIncludingPortionAttributableToNoncontrollingInterest_9" order="1"/>
    <link:loc xlink:label="ns13_NetIncomeLoss" xlink:href="https://xbrl.fasb.org/us-gaap/2023/elts/us-gaap-2023.xsd#us-gaap_NetIncomeLoss" xlink:type="locator"/>
    <link:loc xlink:label="ns13_RetainedEarningsMember_1" xlink:href="https://xbrl.fasb.org/us-gaap/2023/elts/us-gaap-2023.xsd#us-gaap_RetainedEarningsMember" xlink:type="locator"/>
    <link:definitionArc xlink:arcrole="http://www.xbrl.org/2021/arcrole/concept-dimensional-equivalent" xlink:type="arc" xlink:from="ns13_NetIncomeLoss" xlink:to="ns13_RetainedEarningsMember_1" order="3"/>
    <link:loc xlink:label="ns13_FiniteLivedIntangibleAssetAcquiredInPlaceLeases" xlink:href="https://xbrl.fasb.org/us-gaap/2023/elts/us-gaap-2023.xsd#us-gaap_FiniteLivedIntangibleAssetAcquiredInPlaceLeases" xlink:type="locator"/>
    <link:loc xlink:label="ns13_FiniteLivedIntangibleAssetsByMajorClassAxis_6" xlink:href="https://xbrl.fasb.org/us-gaap/2023/elts/us-gaap-2023.xsd#us-gaap_FiniteLivedIntangibleAssetsByMajorClassAxis" xlink:type="locator"/>
    <link:definitionArc xlink:arcrole="http://www.xbrl.org/2021/arcrole/concept-dimensional-equivalent" xlink:type="arc" xlink:from="ns13_FiniteLivedIntangibleAssetAcquiredInPlaceLeases" xlink:to="ns13_FiniteLivedIntangibleAssetsByMajorClassAxis_6" order="2"/>
    <link:loc xlink:label="ns13_AccumulatedOtherComprehensiveIncomeLossFinancialLiabilityFairValueOptionAfterTax" xlink:href="https://xbrl.fasb.org/us-gaap/2023/elts/us-gaap-2023.xsd#us-gaap_AccumulatedOtherComprehensiveIncomeLossFinancialLiabilityFairValueOptionAfterTax" xlink:type="locator"/>
    <link:loc xlink:label="ns13_AccumulatedGainLossFinancialLiabilityFairValueOptionAttributableToParentMember" xlink:href="https://xbrl.fasb.org/us-gaap/2023/elts/us-gaap-2023.xsd#us-gaap_AccumulatedGainLossFinancialLiabilityFairValueOptionAttributableToParentMember" xlink:type="locator"/>
    <link:definitionArc xlink:arcrole="http://www.xbrl.org/2021/arcrole/concept-dimensional-equivalent" xlink:type="arc" xlink:from="ns13_AccumulatedOtherComprehensiveIncomeLossFinancialLiabilityFairValueOptionAfterTax" xlink:to="ns13_AccumulatedGainLossFinancialLiabilityFairValueOptionAttributableToParentMember" order="3"/>
    <link:loc xlink:label="ns13_MinorityInterest" xlink:href="https://xbrl.fasb.org/us-gaap/2023/elts/us-gaap-2023.xsd#us-gaap_MinorityInterest" xlink:type="locator"/>
    <link:loc xlink:label="ns13_NoncontrollingInterestMember" xlink:href="https://xbrl.fasb.org/us-gaap/2023/elts/us-gaap-2023.xsd#us-gaap_NoncontrollingInterestMember" xlink:type="locator"/>
    <link:definitionArc xlink:arcrole="http://www.xbrl.org/2021/arcrole/concept-dimensional-equivalent" xlink:type="arc" xlink:from="ns13_MinorityInterest" xlink:to="ns13_NoncontrollingInterestMember" order="3"/>
    <link:loc xlink:label="ns13_StockholdersEquityIncludingPortionAttributableToNoncontrollingInterest_10" xlink:href="https://xbrl.fasb.org/us-gaap/2023/elts/us-gaap-2023.xsd#us-gaap_StockholdersEquityIncludingPortionAttributableToNoncontrollingInterest" xlink:type="locator"/>
    <link:definitionArc xlink:arcrole="http://www.xbrl.org/2021/arcrole/concept-dimensional-equivalent" xlink:type="arc" xlink:from="ns13_AccumulatedOtherComprehensiveIncomeLossNetOfTax" xlink:to="ns13_StockholdersEquityIncludingPortionAttributableToNoncontrollingInterest_10" order="1"/>
    <link:loc xlink:label="ns13_ProfitLoss" xlink:href="https://xbrl.fasb.org/us-gaap/2023/elts/us-gaap-2023.xsd#us-gaap_ProfitLoss" xlink:type="locator"/>
    <link:definitionArc xlink:arcrole="http://www.xbrl.org/2021/arcrole/concept-dimensional-equivalent" xlink:type="arc" xlink:from="ns13_NetIncomeLoss" xlink:to="ns13_ProfitLoss" order="1"/>
    <link:loc xlink:label="ns13_FiniteLivedCustomerRelationshipsGross" xlink:href="https://xbrl.fasb.org/us-gaap/2023/elts/us-gaap-2023.xsd#us-gaap_FiniteLivedCustomerRelationshipsGross" xlink:type="locator"/>
    <link:loc xlink:label="ns13_FiniteLivedIntangibleAssetsByMajorClassAxis_7" xlink:href="https://xbrl.fasb.org/us-gaap/2023/elts/us-gaap-2023.xsd#us-gaap_FiniteLivedIntangibleAssetsByMajorClassAxis" xlink:type="locator"/>
    <link:definitionArc xlink:arcrole="http://www.xbrl.org/2021/arcrole/concept-dimensional-equivalent" xlink:type="arc" xlink:from="ns13_FiniteLivedCustomerRelationshipsGross" xlink:to="ns13_FiniteLivedIntangibleAssetsByMajorClassAxis_7" order="2"/>
    <link:loc xlink:label="ns13_AccumulatedOtherComprehensiveIncomeLossDefinedBenefitPensionAndOtherPostretirementPlansNetOfTax" xlink:href="https://xbrl.fasb.org/us-gaap/2023/elts/us-gaap-2023.xsd#us-gaap_AccumulatedOtherComprehensiveIncomeLossDefinedBenefitPensionAndOtherPostretirementPlansNetOfTax" xlink:type="locator"/>
    <link:loc xlink:label="ns13_AccumulatedDefinedBenefitPlansAdjustmentMember" xlink:href="https://xbrl.fasb.org/us-gaap/2023/elts/us-gaap-2023.xsd#us-gaap_AccumulatedDefinedBenefitPlansAdjustmentMember" xlink:type="locator"/>
    <link:definitionArc xlink:arcrole="http://www.xbrl.org/2021/arcrole/concept-dimensional-equivalent" xlink:type="arc" xlink:from="ns13_AccumulatedOtherComprehensiveIncomeLossDefinedBenefitPensionAndOtherPostretirementPlansNetOfTax" xlink:to="ns13_AccumulatedDefinedBenefitPlansAdjustmentMember" order="3"/>
    <link:loc xlink:label="ns13_MachineryAndEquipmentGross" xlink:href="https://xbrl.fasb.org/us-gaap/2023/elts/us-gaap-2023.xsd#us-gaap_MachineryAndEquipmentGross" xlink:type="locator"/>
    <link:loc xlink:label="ns13_MachineryAndEquipmentMember" xlink:href="https://xbrl.fasb.org/us-gaap/2023/elts/us-gaap-2023.xsd#us-gaap_MachineryAndEquipmentMember" xlink:type="locator"/>
    <link:definitionArc xlink:arcrole="http://www.xbrl.org/2021/arcrole/concept-dimensional-equivalent" xlink:type="arc" xlink:from="ns13_MachineryAndEquipmentGross" xlink:to="ns13_MachineryAndEquipmentMember" order="3"/>
    <link:loc xlink:label="ns13_StockholdersEquityIncludingPortionAttributableToNoncontrollingInterest_11" xlink:href="https://xbrl.fasb.org/us-gaap/2023/elts/us-gaap-2023.xsd#us-gaap_StockholdersEquityIncludingPortionAttributableToNoncontrollingInterest" xlink:type="locator"/>
    <link:definitionArc xlink:arcrole="http://www.xbrl.org/2021/arcrole/concept-dimensional-equivalent" xlink:type="arc" xlink:from="ns13_AccumulatedOtherComprehensiveIncomeLossForeignCurrencyTranslationAdjustmentNetOfTax" xlink:to="ns13_StockholdersEquityIncludingPortionAttributableToNoncontrollingInterest_11" order="1"/>
    <link:loc xlink:label="ns13_StockholdersEquityIncludingPortionAttributableToNoncontrollingInterest_12" xlink:href="https://xbrl.fasb.org/us-gaap/2023/elts/us-gaap-2023.xsd#us-gaap_StockholdersEquityIncludingPortionAttributableToNoncontrollingInterest" xlink:type="locator"/>
    <link:definitionArc xlink:arcrole="http://www.xbrl.org/2021/arcrole/concept-dimensional-equivalent" xlink:type="arc" xlink:from="ns13_MinorityInterest" xlink:to="ns13_StockholdersEquityIncludingPortionAttributableToNoncontrollingInterest_12" order="1"/>
    <link:loc xlink:label="ns13_FiniteLivedCustomerListsGross" xlink:href="https://xbrl.fasb.org/us-gaap/2023/elts/us-gaap-2023.xsd#us-gaap_FiniteLivedCustomerListsGross" xlink:type="locator"/>
    <link:loc xlink:label="ns13_FiniteLivedIntangibleAssetsByMajorClassAxis_8" xlink:href="https://xbrl.fasb.org/us-gaap/2023/elts/us-gaap-2023.xsd#us-gaap_FiniteLivedIntangibleAssetsByMajorClassAxis" xlink:type="locator"/>
    <link:definitionArc xlink:arcrole="http://www.xbrl.org/2021/arcrole/concept-dimensional-equivalent" xlink:type="arc" xlink:from="ns13_FiniteLivedCustomerListsGross" xlink:to="ns13_FiniteLivedIntangibleAssetsByMajorClassAxis_8" order="2"/>
    <link:loc xlink:label="ns13_AccumulatedOtherComprehensiveIncomeLossAvailableForSaleSecuritiesAdjustmentNetOfTax" xlink:href="https://xbrl.fasb.org/us-gaap/2023/elts/us-gaap-2023.xsd#us-gaap_AccumulatedOtherComprehensiveIncomeLossAvailableForSaleSecuritiesAdjustmentNetOfTax" xlink:type="locator"/>
    <link:loc xlink:label="ns13_AccumulatedNetUnrealizedInvestmentGainLossMember" xlink:href="https://xbrl.fasb.org/us-gaap/2023/elts/us-gaap-2023.xsd#us-gaap_AccumulatedNetUnrealizedInvestmentGainLossMember" xlink:type="locator"/>
    <link:definitionArc xlink:arcrole="http://www.xbrl.org/2021/arcrole/concept-dimensional-equivalent" xlink:type="arc" xlink:from="ns13_AccumulatedOtherComprehensiveIncomeLossAvailableForSaleSecuritiesAdjustmentNetOfTax" xlink:to="ns13_AccumulatedNetUnrealizedInvestmentGainLossMember" order="3"/>
    <link:loc xlink:label="ns13_LeaseholdImprovementsGross" xlink:href="https://xbrl.fasb.org/us-gaap/2023/elts/us-gaap-2023.xsd#us-gaap_LeaseholdImprovementsGross" xlink:type="locator"/>
    <link:loc xlink:label="ns13_LeaseholdImprovementsMember" xlink:href="https://xbrl.fasb.org/us-gaap/2023/elts/us-gaap-2023.xsd#us-gaap_LeaseholdImprovementsMember" xlink:type="locator"/>
    <link:definitionArc xlink:arcrole="http://www.xbrl.org/2021/arcrole/concept-dimensional-equivalent" xlink:type="arc" xlink:from="ns13_LeaseholdImprovementsGross" xlink:to="ns13_LeaseholdImprovementsMember" order="3"/>
    <link:loc xlink:label="ns13_StockholdersEquityIncludingPortionAttributableToNoncontrollingInterest_13" xlink:href="https://xbrl.fasb.org/us-gaap/2023/elts/us-gaap-2023.xsd#us-gaap_StockholdersEquityIncludingPortionAttributableToNoncontrollingInterest" xlink:type="locator"/>
    <link:definitionArc xlink:arcrole="http://www.xbrl.org/2021/arcrole/concept-dimensional-equivalent" xlink:type="arc" xlink:from="ns13_AccumulatedOtherComprehensiveIncomeLossFinancialLiabilityFairValueOptionAfterTax" xlink:to="ns13_StockholdersEquityIncludingPortionAttributableToNoncontrollingInterest_13" order="1"/>
    <link:loc xlink:label="ns13_PropertyPlantAndEquipmentGross_4" xlink:href="https://xbrl.fasb.org/us-gaap/2023/elts/us-gaap-2023.xsd#us-gaap_PropertyPlantAndEquipmentGross" xlink:type="locator"/>
    <link:definitionArc xlink:arcrole="http://www.xbrl.org/2021/arcrole/concept-dimensional-equivalent" xlink:type="arc" xlink:from="ns13_MachineryAndEquipmentGross" xlink:to="ns13_PropertyPlantAndEquipmentGross_4" order="1"/>
    <link:loc xlink:label="ns13_FiniteLivedCoreDepositsGross" xlink:href="https://xbrl.fasb.org/us-gaap/2023/elts/us-gaap-2023.xsd#us-gaap_FiniteLivedCoreDepositsGross" xlink:type="locator"/>
    <link:loc xlink:label="ns13_FiniteLivedIntangibleAssetsByMajorClassAxis_9" xlink:href="https://xbrl.fasb.org/us-gaap/2023/elts/us-gaap-2023.xsd#us-gaap_FiniteLivedIntangibleAssetsByMajorClassAxis" xlink:type="locator"/>
    <link:definitionArc xlink:arcrole="http://www.xbrl.org/2021/arcrole/concept-dimensional-equivalent" xlink:type="arc" xlink:from="ns13_FiniteLivedCoreDepositsGross" xlink:to="ns13_FiniteLivedIntangibleAssetsByMajorClassAxis_9" order="2"/>
    <link:loc xlink:label="ns13_WarrantsAndRightsOutstanding" xlink:href="https://xbrl.fasb.org/us-gaap/2023/elts/us-gaap-2023.xsd#us-gaap_WarrantsAndRightsOutstanding" xlink:type="locator"/>
    <link:loc xlink:label="ns13_StatementEquityComponentsAxis" xlink:href="https://xbrl.fasb.org/us-gaap/2023/elts/us-gaap-2023.xsd#us-gaap_StatementEquityComponentsAxis" xlink:type="locator"/>
    <link:definitionArc xlink:arcrole="http://www.xbrl.org/2021/arcrole/concept-dimensional-equivalent" xlink:type="arc" xlink:from="ns13_WarrantsAndRightsOutstanding" xlink:to="ns13_StatementEquityComponentsAxis" order="2"/>
    <link:loc xlink:label="ns13_LandImprovements" xlink:href="https://xbrl.fasb.org/us-gaap/2023/elts/us-gaap-2023.xsd#us-gaap_LandImprovements" xlink:type="locator"/>
    <link:loc xlink:label="ns13_LandImprovementsMember" xlink:href="https://xbrl.fasb.org/us-gaap/2023/elts/us-gaap-2023.xsd#us-gaap_LandImprovementsMember" xlink:type="locator"/>
    <link:definitionArc xlink:arcrole="http://www.xbrl.org/2021/arcrole/concept-dimensional-equivalent" xlink:type="arc" xlink:from="ns13_LandImprovements" xlink:to="ns13_LandImprovementsMember" order="3"/>
    <link:loc xlink:label="ns13_TreasuryStockValue" xlink:href="https://xbrl.fasb.org/us-gaap/2023/elts/us-gaap-2023.xsd#us-gaap_TreasuryStockValue" xlink:type="locator"/>
    <link:loc xlink:label="ns13_StatementEquityComponentsAxis_1" xlink:href="https://xbrl.fasb.org/us-gaap/2023/elts/us-gaap-2023.xsd#us-gaap_StatementEquityComponentsAxis" xlink:type="locator"/>
    <link:definitionArc xlink:arcrole="http://www.xbrl.org/2021/arcrole/concept-dimensional-equivalent" xlink:type="arc" xlink:from="ns13_TreasuryStockValue" xlink:to="ns13_StatementEquityComponentsAxis_1" order="2"/>
    <link:loc xlink:label="ns13_StockholdersEquityIncludingPortionAttributableToNoncontrollingInterest_14" xlink:href="https://xbrl.fasb.org/us-gaap/2023/elts/us-gaap-2023.xsd#us-gaap_StockholdersEquityIncludingPortionAttributableToNoncontrollingInterest" xlink:type="locator"/>
    <link:definitionArc xlink:arcrole="http://www.xbrl.org/2021/arcrole/concept-dimensional-equivalent" xlink:type="arc" xlink:from="ns13_AccumulatedOtherComprehensiveIncomeLossDefinedBenefitPensionAndOtherPostretirementPlansNetOfTax" xlink:to="ns13_StockholdersEquityIncludingPortionAttributableToNoncontrollingInterest_14" order="1"/>
    <link:loc xlink:label="ns13_PropertyPlantAndEquipmentGross_5" xlink:href="https://xbrl.fasb.org/us-gaap/2023/elts/us-gaap-2023.xsd#us-gaap_PropertyPlantAndEquipmentGross" xlink:type="locator"/>
    <link:definitionArc xlink:arcrole="http://www.xbrl.org/2021/arcrole/concept-dimensional-equivalent" xlink:type="arc" xlink:from="ns13_LeaseholdImprovementsGross" xlink:to="ns13_PropertyPlantAndEquipmentGross_5" order="1"/>
    <link:loc xlink:label="ns13_UnrealizedGainLossOnCashFlowHedgingInstruments" xlink:href="https://xbrl.fasb.org/us-gaap/2023/elts/us-gaap-2023.xsd#us-gaap_UnrealizedGainLossOnCashFlowHedgingInstruments" xlink:type="locator"/>
    <link:loc xlink:label="ns13_DerivativeInstrumentsGainLossByHedgingRelationshipAxis" xlink:href="https://xbrl.fasb.org/us-gaap/2023/elts/us-gaap-2023.xsd#us-gaap_DerivativeInstrumentsGainLossByHedgingRelationshipAxis" xlink:type="locator"/>
    <link:definitionArc xlink:arcrole="http://www.xbrl.org/2021/arcrole/concept-dimensional-equivalent" xlink:type="arc" xlink:from="ns13_UnrealizedGainLossOnCashFlowHedgingInstruments" xlink:to="ns13_DerivativeInstrumentsGainLossByHedgingRelationshipAxis" order="2"/>
    <link:loc xlink:label="ns13_LandAndLandImprovements" xlink:href="https://xbrl.fasb.org/us-gaap/2023/elts/us-gaap-2023.xsd#us-gaap_LandAndLandImprovements" xlink:type="locator"/>
    <link:loc xlink:label="ns13_LandAndLandImprovementsMember" xlink:href="https://xbrl.fasb.org/us-gaap/2023/elts/us-gaap-2023.xsd#us-gaap_LandAndLandImprovementsMember" xlink:type="locator"/>
    <link:definitionArc xlink:arcrole="http://www.xbrl.org/2021/arcrole/concept-dimensional-equivalent" xlink:type="arc" xlink:from="ns13_LandAndLandImprovements" xlink:to="ns13_LandAndLandImprovementsMember" order="3"/>
    <link:loc xlink:label="ns13_PropertyPlantAndEquipmentGross_6" xlink:href="https://xbrl.fasb.org/us-gaap/2023/elts/us-gaap-2023.xsd#us-gaap_PropertyPlantAndEquipmentGross" xlink:type="locator"/>
    <link:definitionArc xlink:arcrole="http://www.xbrl.org/2021/arcrole/concept-dimensional-equivalent" xlink:type="arc" xlink:from="ns13_LandImprovements" xlink:to="ns13_PropertyPlantAndEquipmentGross_6" order="1"/>
    <link:loc xlink:label="ns13_StatementEquityComponentsAxis_2" xlink:href="https://xbrl.fasb.org/us-gaap/2023/elts/us-gaap-2023.xsd#us-gaap_StatementEquityComponentsAxis" xlink:type="locator"/>
    <link:definitionArc xlink:arcrole="http://www.xbrl.org/2021/arcrole/concept-dimensional-equivalent" xlink:type="arc" xlink:from="ns13_RetainedEarningsUnappropriated" xlink:to="ns13_StatementEquityComponentsAxis_2" order="2"/>
    <link:loc xlink:label="ns13_IndefiniteLivedLicenseAgreements" xlink:href="https://xbrl.fasb.org/us-gaap/2023/elts/us-gaap-2023.xsd#us-gaap_IndefiniteLivedLicenseAgreements" xlink:type="locator"/>
    <link:loc xlink:label="ns13_IndefiniteLivedIntangibleAssetsByMajorClassAxis_2" xlink:href="https://xbrl.fasb.org/us-gaap/2023/elts/us-gaap-2023.xsd#us-gaap_IndefiniteLivedIntangibleAssetsByMajorClassAxis" xlink:type="locator"/>
    <link:definitionArc xlink:arcrole="http://www.xbrl.org/2021/arcrole/concept-dimensional-equivalent" xlink:type="arc" xlink:from="ns13_IndefiniteLivedLicenseAgreements" xlink:to="ns13_IndefiniteLivedIntangibleAssetsByMajorClassAxis_2" order="2"/>
    <link:loc xlink:label="ns13_IndefiniteLivedTradeNames" xlink:href="https://xbrl.fasb.org/us-gaap/2023/elts/us-gaap-2023.xsd#us-gaap_IndefiniteLivedTradeNames" xlink:type="locator"/>
    <link:loc xlink:label="ns13_TradeNamesMember" xlink:href="https://xbrl.fasb.org/us-gaap/2023/elts/us-gaap-2023.xsd#us-gaap_TradeNamesMember" xlink:type="locator"/>
    <link:definitionArc xlink:arcrole="http://www.xbrl.org/2021/arcrole/concept-dimensional-equivalent" xlink:type="arc" xlink:from="ns13_IndefiniteLivedTradeNames" xlink:to="ns13_TradeNamesMember" order="3"/>
    <link:loc xlink:label="ns13_IndefiniteLivedTrademarks" xlink:href="https://xbrl.fasb.org/us-gaap/2023/elts/us-gaap-2023.xsd#us-gaap_IndefiniteLivedTrademarks" xlink:type="locator"/>
    <link:loc xlink:label="ns13_IndefiniteLivedIntangibleAssetsExcludingGoodwill_1" xlink:href="https://xbrl.fasb.org/us-gaap/2023/elts/us-gaap-2023.xsd#us-gaap_IndefiniteLivedIntangibleAssetsExcludingGoodwill" xlink:type="locator"/>
    <link:definitionArc xlink:arcrole="http://www.xbrl.org/2021/arcrole/concept-dimensional-equivalent" xlink:type="arc" xlink:from="ns13_IndefiniteLivedTrademarks" xlink:to="ns13_IndefiniteLivedIntangibleAssetsExcludingGoodwill_1" order="1"/>
    <link:loc xlink:label="ns13_PropertyPlantAndEquipmentByTypeAxis_1" xlink:href="https://xbrl.fasb.org/us-gaap/2023/elts/us-gaap-2023.xsd#us-gaap_PropertyPlantAndEquipmentByTypeAxis" xlink:type="locator"/>
    <link:definitionArc xlink:arcrole="http://www.xbrl.org/2021/arcrole/concept-dimensional-equivalent" xlink:type="arc" xlink:from="ns13_ConstructionInProgressGross" xlink:to="ns13_PropertyPlantAndEquipmentByTypeAxis_1" order="2"/>
    <link:loc xlink:label="ns13_StatementEquityComponentsAxis_3" xlink:href="https://xbrl.fasb.org/us-gaap/2023/elts/us-gaap-2023.xsd#us-gaap_StatementEquityComponentsAxis" xlink:type="locator"/>
    <link:definitionArc xlink:arcrole="http://www.xbrl.org/2021/arcrole/concept-dimensional-equivalent" xlink:type="arc" xlink:from="ns13_RetainedEarningsAccumulatedDeficit" xlink:to="ns13_StatementEquityComponentsAxis_3" order="2"/>
    <link:loc xlink:label="ns13_LicensingAgreementsMember" xlink:href="https://xbrl.fasb.org/us-gaap/2023/elts/us-gaap-2023.xsd#us-gaap_LicensingAgreementsMember" xlink:type="locator"/>
    <link:definitionArc xlink:arcrole="http://www.xbrl.org/2021/arcrole/concept-dimensional-equivalent" xlink:type="arc" xlink:from="ns13_IndefiniteLivedLicenseAgreements" xlink:to="ns13_LicensingAgreementsMember" order="3"/>
    <link:loc xlink:label="ns13_IndefiniteLivedIntangibleAssetsExcludingGoodwill_2" xlink:href="https://xbrl.fasb.org/us-gaap/2023/elts/us-gaap-2023.xsd#us-gaap_IndefiniteLivedIntangibleAssetsExcludingGoodwill" xlink:type="locator"/>
    <link:definitionArc xlink:arcrole="http://www.xbrl.org/2021/arcrole/concept-dimensional-equivalent" xlink:type="arc" xlink:from="ns13_IndefiniteLivedTradeNames" xlink:to="ns13_IndefiniteLivedIntangibleAssetsExcludingGoodwill_2" order="1"/>
    <link:loc xlink:label="ns13_StatementEquityComponentsAxis_4" xlink:href="https://xbrl.fasb.org/us-gaap/2023/elts/us-gaap-2023.xsd#us-gaap_StatementEquityComponentsAxis" xlink:type="locator"/>
    <link:definitionArc xlink:arcrole="http://www.xbrl.org/2021/arcrole/concept-dimensional-equivalent" xlink:type="arc" xlink:from="ns13_CommonStockValue" xlink:to="ns13_StatementEquityComponentsAxis_4" order="2"/>
    <link:loc xlink:label="ns13_StatementEquityComponentsAxis_5" xlink:href="https://xbrl.fasb.org/us-gaap/2023/elts/us-gaap-2023.xsd#us-gaap_StatementEquityComponentsAxis" xlink:type="locator"/>
    <link:definitionArc xlink:arcrole="http://www.xbrl.org/2021/arcrole/concept-dimensional-equivalent" xlink:type="arc" xlink:from="ns13_ReceivableFromOfficersAndDirectorsForIssuanceOfCapitalStock" xlink:to="ns13_StatementEquityComponentsAxis_5" order="2"/>
    <link:loc xlink:label="ns13_FranchiseRightsMember" xlink:href="https://xbrl.fasb.org/us-gaap/2023/elts/us-gaap-2023.xsd#us-gaap_FranchiseRightsMember" xlink:type="locator"/>
    <link:definitionArc xlink:arcrole="http://www.xbrl.org/2021/arcrole/concept-dimensional-equivalent" xlink:type="arc" xlink:from="ns13_IndefiniteLivedFranchiseRights" xlink:to="ns13_FranchiseRightsMember" order="3"/>
    <link:loc xlink:label="ns13_IndefiniteLivedIntangibleAssetsExcludingGoodwill_3" xlink:href="https://xbrl.fasb.org/us-gaap/2023/elts/us-gaap-2023.xsd#us-gaap_IndefiniteLivedIntangibleAssetsExcludingGoodwill" xlink:type="locator"/>
    <link:definitionArc xlink:arcrole="http://www.xbrl.org/2021/arcrole/concept-dimensional-equivalent" xlink:type="arc" xlink:from="ns13_IndefiniteLivedLicenseAgreements" xlink:to="ns13_IndefiniteLivedIntangibleAssetsExcludingGoodwill_3" order="1"/>
    <link:loc xlink:label="ns13_DerivativeInstrumentsGainLossByHedgingRelationshipAxis_1" xlink:href="https://xbrl.fasb.org/us-gaap/2023/elts/us-gaap-2023.xsd#us-gaap_DerivativeInstrumentsGainLossByHedgingRelationshipAxis" xlink:type="locator"/>
    <link:definitionArc xlink:arcrole="http://www.xbrl.org/2021/arcrole/concept-dimensional-equivalent" xlink:type="arc" xlink:from="ns13_CashFlowHedgesDerivativeInstrumentsAtFairValueNet" xlink:to="ns13_DerivativeInstrumentsGainLossByHedgingRelationshipAxis_1" order="2"/>
    <link:loc xlink:label="ns13_PropertyPlantAndEquipmentByTypeAxis_2" xlink:href="https://xbrl.fasb.org/us-gaap/2023/elts/us-gaap-2023.xsd#us-gaap_PropertyPlantAndEquipmentByTypeAxis" xlink:type="locator"/>
    <link:definitionArc xlink:arcrole="http://www.xbrl.org/2021/arcrole/concept-dimensional-equivalent" xlink:type="arc" xlink:from="ns13_PropertyPlantAndEquipmentOther" xlink:to="ns13_PropertyPlantAndEquipmentByTypeAxis_2" order="2"/>
    <link:loc xlink:label="ns13_ContractualRightsMember" xlink:href="https://xbrl.fasb.org/us-gaap/2023/elts/us-gaap-2023.xsd#us-gaap_ContractualRightsMember" xlink:type="locator"/>
    <link:definitionArc xlink:arcrole="http://www.xbrl.org/2021/arcrole/concept-dimensional-equivalent" xlink:type="arc" xlink:from="ns13_IndefiniteLivedContractualRights" xlink:to="ns13_ContractualRightsMember" order="3"/>
    <link:loc xlink:label="ns13_IndefiniteLivedIntangibleAssetsExcludingGoodwill_4" xlink:href="https://xbrl.fasb.org/us-gaap/2023/elts/us-gaap-2023.xsd#us-gaap_IndefiniteLivedIntangibleAssetsExcludingGoodwill" xlink:type="locator"/>
    <link:definitionArc xlink:arcrole="http://www.xbrl.org/2021/arcrole/concept-dimensional-equivalent" xlink:type="arc" xlink:from="ns13_IndefiniteLivedFranchiseRights" xlink:to="ns13_IndefiniteLivedIntangibleAssetsExcludingGoodwill_4" order="1"/>
    <link:loc xlink:label="ns13_DerivativeInstrumentsGainLossByHedgingRelationshipAxis_2" xlink:href="https://xbrl.fasb.org/us-gaap/2023/elts/us-gaap-2023.xsd#us-gaap_DerivativeInstrumentsGainLossByHedgingRelationshipAxis" xlink:type="locator"/>
    <link:definitionArc xlink:arcrole="http://www.xbrl.org/2021/arcrole/concept-dimensional-equivalent" xlink:type="arc" xlink:from="ns13_CashFlowHedgeDerivativeInstrumentLiabilitiesAtFairValue" xlink:to="ns13_DerivativeInstrumentsGainLossByHedgingRelationshipAxis_2" order="2"/>
    <link:loc xlink:label="ns13_FurnitureAndFixturesMember" xlink:href="https://xbrl.fasb.org/us-gaap/2023/elts/us-gaap-2023.xsd#us-gaap_FurnitureAndFixturesMember" xlink:type="locator"/>
    <link:definitionArc xlink:arcrole="http://www.xbrl.org/2021/arcrole/concept-dimensional-equivalent" xlink:type="arc" xlink:from="ns13_FurnitureAndFixturesGross" xlink:to="ns13_FurnitureAndFixturesMember" order="3"/>
    <link:loc xlink:label="ns13_DerivativeInstrumentsGainLossByHedgingRelationshipAxis_3" xlink:href="https://xbrl.fasb.org/us-gaap/2023/elts/us-gaap-2023.xsd#us-gaap_DerivativeInstrumentsGainLossByHedgingRelationshipAxis" xlink:type="locator"/>
    <link:definitionArc xlink:arcrole="http://www.xbrl.org/2021/arcrole/concept-dimensional-equivalent" xlink:type="arc" xlink:from="ns13_CashFlowHedgeDerivativeInstrumentAssetsAtFairValue" xlink:to="ns13_DerivativeInstrumentsGainLossByHedgingRelationshipAxis_3" order="2"/>
    <link:loc xlink:label="ns13_IndefiniteLivedIntangibleAssetsByMajorClassAxis_3" xlink:href="https://xbrl.fasb.org/us-gaap/2023/elts/us-gaap-2023.xsd#us-gaap_IndefiniteLivedIntangibleAssetsByMajorClassAxis" xlink:type="locator"/>
    <link:definitionArc xlink:arcrole="http://www.xbrl.org/2021/arcrole/concept-dimensional-equivalent" xlink:type="arc" xlink:from="ns13_OtherIndefiniteLivedIntangibleAssets" xlink:to="ns13_IndefiniteLivedIntangibleAssetsByMajorClassAxis_3" order="2"/>
    <link:loc xlink:label="ns13_IndefiniteLivedIntangibleAssetsExcludingGoodwill_5" xlink:href="https://xbrl.fasb.org/us-gaap/2023/elts/us-gaap-2023.xsd#us-gaap_IndefiniteLivedIntangibleAssetsExcludingGoodwill" xlink:type="locator"/>
    <link:definitionArc xlink:arcrole="http://www.xbrl.org/2021/arcrole/concept-dimensional-equivalent" xlink:type="arc" xlink:from="ns13_IndefiniteLivedContractualRights" xlink:to="ns13_IndefiniteLivedIntangibleAssetsExcludingGoodwill_5" order="1"/>
    <link:loc xlink:label="ns13_TrademarksMember" xlink:href="https://xbrl.fasb.org/us-gaap/2023/elts/us-gaap-2023.xsd#us-gaap_TrademarksMember" xlink:type="locator"/>
    <link:definitionArc xlink:arcrole="http://www.xbrl.org/2021/arcrole/concept-dimensional-equivalent" xlink:type="arc" xlink:from="ns13_FiniteLivedTrademarksGross" xlink:to="ns13_TrademarksMember" order="3"/>
    <link:loc xlink:label="ns13_FiniteLivedIntangibleAssetsByMajorClassAxis_10" xlink:href="https://xbrl.fasb.org/us-gaap/2023/elts/us-gaap-2023.xsd#us-gaap_FiniteLivedIntangibleAssetsByMajorClassAxis" xlink:type="locator"/>
    <link:definitionArc xlink:arcrole="http://www.xbrl.org/2021/arcrole/concept-dimensional-equivalent" xlink:type="arc" xlink:from="ns13_OtherFiniteLivedIntangibleAssetsGross" xlink:to="ns13_FiniteLivedIntangibleAssetsByMajorClassAxis_10" order="2"/>
    <link:loc xlink:label="ns13_PropertyPlantAndEquipmentGross_7" xlink:href="https://xbrl.fasb.org/us-gaap/2023/elts/us-gaap-2023.xsd#us-gaap_PropertyPlantAndEquipmentGross" xlink:type="locator"/>
    <link:definitionArc xlink:arcrole="http://www.xbrl.org/2021/arcrole/concept-dimensional-equivalent" xlink:type="arc" xlink:from="ns13_FurnitureAndFixturesGross" xlink:to="ns13_PropertyPlantAndEquipmentGross_7" order="1"/>
    <link:loc xlink:label="ns13_PropertyPlantAndEquipmentByTypeAxis_3" xlink:href="https://xbrl.fasb.org/us-gaap/2023/elts/us-gaap-2023.xsd#us-gaap_PropertyPlantAndEquipmentByTypeAxis" xlink:type="locator"/>
    <link:definitionArc xlink:arcrole="http://www.xbrl.org/2021/arcrole/concept-dimensional-equivalent" xlink:type="arc" xlink:from="ns13_BuildingsAndImprovementsGross" xlink:to="ns13_PropertyPlantAndEquipmentByTypeAxis_3" order="2"/>
    <link:loc xlink:label="ns13_TradeNamesMember_1" xlink:href="https://xbrl.fasb.org/us-gaap/2023/elts/us-gaap-2023.xsd#us-gaap_TradeNamesMember" xlink:type="locator"/>
    <link:definitionArc xlink:arcrole="http://www.xbrl.org/2021/arcrole/concept-dimensional-equivalent" xlink:type="arc" xlink:from="ns13_FiniteLivedTradeNamesGross" xlink:to="ns13_TradeNamesMember_1" order="3"/>
    <link:loc xlink:label="ns13_TreasuryStockPreferredValue" xlink:href="https://xbrl.fasb.org/us-gaap/2023/elts/us-gaap-2023.xsd#us-gaap_TreasuryStockPreferredValue" xlink:type="locator"/>
    <link:loc xlink:label="ns13_StockholdersEquityIncludingPortionAttributableToNoncontrollingInterest_15" xlink:href="https://xbrl.fasb.org/us-gaap/2023/elts/us-gaap-2023.xsd#us-gaap_StockholdersEquityIncludingPortionAttributableToNoncontrollingInterest" xlink:type="locator"/>
    <link:definitionArc xlink:arcrole="http://www.xbrl.org/2021/arcrole/concept-dimensional-equivalent" xlink:type="arc" xlink:from="ns13_TreasuryStockPreferredValue" xlink:to="ns13_StockholdersEquityIncludingPortionAttributableToNoncontrollingInterest_15" order="1"/>
    <link:loc xlink:label="ns13_StatementEquityComponentsAxis_6" xlink:href="https://xbrl.fasb.org/us-gaap/2023/elts/us-gaap-2023.xsd#us-gaap_StatementEquityComponentsAxis" xlink:type="locator"/>
    <link:definitionArc xlink:arcrole="http://www.xbrl.org/2021/arcrole/concept-dimensional-equivalent" xlink:type="arc" xlink:from="ns13_OtherAdditionalCapital" xlink:to="ns13_StatementEquityComponentsAxis_6" order="2"/>
    <link:loc xlink:label="ns13_FiniteLivedIntangibleAssetsGross_1" xlink:href="https://xbrl.fasb.org/us-gaap/2023/elts/us-gaap-2023.xsd#us-gaap_FiniteLivedIntangibleAssetsGross" xlink:type="locator"/>
    <link:definitionArc xlink:arcrole="http://www.xbrl.org/2021/arcrole/concept-dimensional-equivalent" xlink:type="arc" xlink:from="ns13_FiniteLivedTrademarksGross" xlink:to="ns13_FiniteLivedIntangibleAssetsGross_1" order="1"/>
    <link:loc xlink:label="ns13_StatementEquityComponentsAxis_7" xlink:href="https://xbrl.fasb.org/us-gaap/2023/elts/us-gaap-2023.xsd#us-gaap_StatementEquityComponentsAxis" xlink:type="locator"/>
    <link:definitionArc xlink:arcrole="http://www.xbrl.org/2021/arcrole/concept-dimensional-equivalent" xlink:type="arc" xlink:from="ns13_AociLossCashFlowHedgeCumulativeGainLossAfterTax" xlink:to="ns13_StatementEquityComponentsAxis_7" order="2"/>
    <link:loc xlink:label="ns13_PatentsMember" xlink:href="https://xbrl.fasb.org/us-gaap/2023/elts/us-gaap-2023.xsd#us-gaap_PatentsMember" xlink:type="locator"/>
    <link:definitionArc xlink:arcrole="http://www.xbrl.org/2021/arcrole/concept-dimensional-equivalent" xlink:type="arc" xlink:from="ns13_FiniteLivedPatentsGross" xlink:to="ns13_PatentsMember" order="3"/>
    <link:loc xlink:label="ns13_StatementEquityComponentsAxis_8" xlink:href="https://xbrl.fasb.org/us-gaap/2023/elts/us-gaap-2023.xsd#us-gaap_StatementEquityComponentsAxis" xlink:type="locator"/>
    <link:definitionArc xlink:arcrole="http://www.xbrl.org/2021/arcrole/concept-dimensional-equivalent" xlink:type="arc" xlink:from="ns13_NetIncomeLoss" xlink:to="ns13_StatementEquityComponentsAxis_8" order="2"/>
    <link:loc xlink:label="ns13_FiniteLivedIntangibleAssetsGross_2" xlink:href="https://xbrl.fasb.org/us-gaap/2023/elts/us-gaap-2023.xsd#us-gaap_FiniteLivedIntangibleAssetsGross" xlink:type="locator"/>
    <link:definitionArc xlink:arcrole="http://www.xbrl.org/2021/arcrole/concept-dimensional-equivalent" xlink:type="arc" xlink:from="ns13_FiniteLivedTradeNamesGross" xlink:to="ns13_FiniteLivedIntangibleAssetsGross_2" order="1"/>
    <link:loc xlink:label="ns13_StatementEquityComponentsAxis_9" xlink:href="https://xbrl.fasb.org/us-gaap/2023/elts/us-gaap-2023.xsd#us-gaap_StatementEquityComponentsAxis" xlink:type="locator"/>
    <link:definitionArc xlink:arcrole="http://www.xbrl.org/2021/arcrole/concept-dimensional-equivalent" xlink:type="arc" xlink:from="ns13_AociDerivativeQualifyingAsHedgeExcludedComponentAfterTax" xlink:to="ns13_StatementEquityComponentsAxis_9" order="2"/>
    <link:loc xlink:label="ns13_NoncompeteAgreementsMember" xlink:href="https://xbrl.fasb.org/us-gaap/2023/elts/us-gaap-2023.xsd#us-gaap_NoncompeteAgreementsMember" xlink:type="locator"/>
    <link:definitionArc xlink:arcrole="http://www.xbrl.org/2021/arcrole/concept-dimensional-equivalent" xlink:type="arc" xlink:from="ns13_FiniteLivedNoncompeteAgreementsGross" xlink:to="ns13_NoncompeteAgreementsMember" order="3"/>
    <link:loc xlink:label="ns13_StatementEquityComponentsAxis_10" xlink:href="https://xbrl.fasb.org/us-gaap/2023/elts/us-gaap-2023.xsd#us-gaap_StatementEquityComponentsAxis" xlink:type="locator"/>
    <link:definitionArc xlink:arcrole="http://www.xbrl.org/2021/arcrole/concept-dimensional-equivalent" xlink:type="arc" xlink:from="ns13_MinorityInterest" xlink:to="ns13_StatementEquityComponentsAxis_10" order="2"/>
    <link:loc xlink:label="ns13_FiniteLivedIntangibleAssetsGross_3" xlink:href="https://xbrl.fasb.org/us-gaap/2023/elts/us-gaap-2023.xsd#us-gaap_FiniteLivedIntangibleAssetsGross" xlink:type="locator"/>
    <link:definitionArc xlink:arcrole="http://www.xbrl.org/2021/arcrole/concept-dimensional-equivalent" xlink:type="arc" xlink:from="ns13_FiniteLivedPatentsGross" xlink:to="ns13_FiniteLivedIntangibleAssetsGross_3" order="1"/>
    <link:loc xlink:label="ns13_StatementEquityComponentsAxis_11" xlink:href="https://xbrl.fasb.org/us-gaap/2023/elts/us-gaap-2023.xsd#us-gaap_StatementEquityComponentsAxis" xlink:type="locator"/>
    <link:definitionArc xlink:arcrole="http://www.xbrl.org/2021/arcrole/concept-dimensional-equivalent" xlink:type="arc" xlink:from="ns13_AdditionalPaidInCapital" xlink:to="ns13_StatementEquityComponentsAxis_11" order="2"/>
    <link:loc xlink:label="ns13_LicensingAgreementsMember_1" xlink:href="https://xbrl.fasb.org/us-gaap/2023/elts/us-gaap-2023.xsd#us-gaap_LicensingAgreementsMember" xlink:type="locator"/>
    <link:definitionArc xlink:arcrole="http://www.xbrl.org/2021/arcrole/concept-dimensional-equivalent" xlink:type="arc" xlink:from="ns13_FiniteLivedLicenseAgreementsGross" xlink:to="ns13_LicensingAgreementsMember_1" order="3"/>
    <link:loc xlink:label="ns13_PropertyPlantAndEquipmentByTypeAxis_4" xlink:href="https://xbrl.fasb.org/us-gaap/2023/elts/us-gaap-2023.xsd#us-gaap_PropertyPlantAndEquipmentByTypeAxis" xlink:type="locator"/>
    <link:definitionArc xlink:arcrole="http://www.xbrl.org/2021/arcrole/concept-dimensional-equivalent" xlink:type="arc" xlink:from="ns13_MachineryAndEquipmentGross" xlink:to="ns13_PropertyPlantAndEquipmentByTypeAxis_4" order="2"/>
    <link:loc xlink:label="ns13_FiniteLivedIntangibleAssetsGross_4" xlink:href="https://xbrl.fasb.org/us-gaap/2023/elts/us-gaap-2023.xsd#us-gaap_FiniteLivedIntangibleAssetsGross" xlink:type="locator"/>
    <link:definitionArc xlink:arcrole="http://www.xbrl.org/2021/arcrole/concept-dimensional-equivalent" xlink:type="arc" xlink:from="ns13_FiniteLivedNoncompeteAgreementsGross" xlink:to="ns13_FiniteLivedIntangibleAssetsGross_4" order="1"/>
    <link:loc xlink:label="ns13_StatementEquityComponentsAxis_12" xlink:href="https://xbrl.fasb.org/us-gaap/2023/elts/us-gaap-2023.xsd#us-gaap_StatementEquityComponentsAxis" xlink:type="locator"/>
    <link:definitionArc xlink:arcrole="http://www.xbrl.org/2021/arcrole/concept-dimensional-equivalent" xlink:type="arc" xlink:from="ns13_AccumulatedOtherComprehensiveIncomeLossNetOfTax" xlink:to="ns13_StatementEquityComponentsAxis_12" order="2"/>
    <link:loc xlink:label="ns13_OffMarketFavorableLeaseMember" xlink:href="https://xbrl.fasb.org/us-gaap/2023/elts/us-gaap-2023.xsd#us-gaap_OffMarketFavorableLeaseMember" xlink:type="locator"/>
    <link:definitionArc xlink:arcrole="http://www.xbrl.org/2021/arcrole/concept-dimensional-equivalent" xlink:type="arc" xlink:from="ns13_FiniteLivedIntangibleAssetOffMarketLeaseFavorableGross" xlink:to="ns13_OffMarketFavorableLeaseMember" order="3"/>
    <link:loc xlink:label="ns13_PropertyPlantAndEquipmentByTypeAxis_5" xlink:href="https://xbrl.fasb.org/us-gaap/2023/elts/us-gaap-2023.xsd#us-gaap_PropertyPlantAndEquipmentByTypeAxis" xlink:type="locator"/>
    <link:definitionArc xlink:arcrole="http://www.xbrl.org/2021/arcrole/concept-dimensional-equivalent" xlink:type="arc" xlink:from="ns13_LeaseholdImprovementsGross" xlink:to="ns13_PropertyPlantAndEquipmentByTypeAxis_5" order="2"/>
    <link:loc xlink:label="ns13_FiniteLivedIntangibleAssetsGross_5" xlink:href="https://xbrl.fasb.org/us-gaap/2023/elts/us-gaap-2023.xsd#us-gaap_FiniteLivedIntangibleAssetsGross" xlink:type="locator"/>
    <link:definitionArc xlink:arcrole="http://www.xbrl.org/2021/arcrole/concept-dimensional-equivalent" xlink:type="arc" xlink:from="ns13_FiniteLivedLicenseAgreementsGross" xlink:to="ns13_FiniteLivedIntangibleAssetsGross_5" order="1"/>
    <link:loc xlink:label="ns13_StatementEquityComponentsAxis_13" xlink:href="https://xbrl.fasb.org/us-gaap/2023/elts/us-gaap-2023.xsd#us-gaap_StatementEquityComponentsAxis" xlink:type="locator"/>
    <link:definitionArc xlink:arcrole="http://www.xbrl.org/2021/arcrole/concept-dimensional-equivalent" xlink:type="arc" xlink:from="ns13_AccumulatedOtherComprehensiveIncomeLossForeignCurrencyTranslationAdjustmentNetOfTax" xlink:to="ns13_StatementEquityComponentsAxis_13" order="2"/>
    <link:loc xlink:label="ns13_LeasesAcquiredInPlaceMember" xlink:href="https://xbrl.fasb.org/us-gaap/2023/elts/us-gaap-2023.xsd#us-gaap_LeasesAcquiredInPlaceMember" xlink:type="locator"/>
    <link:definitionArc xlink:arcrole="http://www.xbrl.org/2021/arcrole/concept-dimensional-equivalent" xlink:type="arc" xlink:from="ns13_FiniteLivedIntangibleAssetAcquiredInPlaceLeases" xlink:to="ns13_LeasesAcquiredInPlaceMember" order="3"/>
    <link:loc xlink:label="ns13_PropertyPlantAndEquipmentByTypeAxis_6" xlink:href="https://xbrl.fasb.org/us-gaap/2023/elts/us-gaap-2023.xsd#us-gaap_PropertyPlantAndEquipmentByTypeAxis" xlink:type="locator"/>
    <link:definitionArc xlink:arcrole="http://www.xbrl.org/2021/arcrole/concept-dimensional-equivalent" xlink:type="arc" xlink:from="ns13_LandImprovements" xlink:to="ns13_PropertyPlantAndEquipmentByTypeAxis_6" order="2"/>
    <link:loc xlink:label="ns13_FiniteLivedIntangibleAssetsGross_6" xlink:href="https://xbrl.fasb.org/us-gaap/2023/elts/us-gaap-2023.xsd#us-gaap_FiniteLivedIntangibleAssetsGross" xlink:type="locator"/>
    <link:definitionArc xlink:arcrole="http://www.xbrl.org/2021/arcrole/concept-dimensional-equivalent" xlink:type="arc" xlink:from="ns13_FiniteLivedIntangibleAssetOffMarketLeaseFavorableGross" xlink:to="ns13_FiniteLivedIntangibleAssetsGross_6" order="1"/>
    <link:loc xlink:label="ns13_StatementEquityComponentsAxis_14" xlink:href="https://xbrl.fasb.org/us-gaap/2023/elts/us-gaap-2023.xsd#us-gaap_StatementEquityComponentsAxis" xlink:type="locator"/>
    <link:definitionArc xlink:arcrole="http://www.xbrl.org/2021/arcrole/concept-dimensional-equivalent" xlink:type="arc" xlink:from="ns13_AccumulatedOtherComprehensiveIncomeLossFinancialLiabilityFairValueOptionAfterTax" xlink:to="ns13_StatementEquityComponentsAxis_14" order="2"/>
    <link:loc xlink:label="ns13_CustomerRelationshipsMember" xlink:href="https://xbrl.fasb.org/us-gaap/2023/elts/us-gaap-2023.xsd#us-gaap_CustomerRelationshipsMember" xlink:type="locator"/>
    <link:definitionArc xlink:arcrole="http://www.xbrl.org/2021/arcrole/concept-dimensional-equivalent" xlink:type="arc" xlink:from="ns13_FiniteLivedCustomerRelationshipsGross" xlink:to="ns13_CustomerRelationshipsMember" order="3"/>
    <link:loc xlink:label="ns13_PropertyPlantAndEquipmentByTypeAxis_7" xlink:href="https://xbrl.fasb.org/us-gaap/2023/elts/us-gaap-2023.xsd#us-gaap_PropertyPlantAndEquipmentByTypeAxis" xlink:type="locator"/>
    <link:definitionArc xlink:arcrole="http://www.xbrl.org/2021/arcrole/concept-dimensional-equivalent" xlink:type="arc" xlink:from="ns13_LandAndLandImprovements" xlink:to="ns13_PropertyPlantAndEquipmentByTypeAxis_7" order="2"/>
    <link:loc xlink:label="ns13_FiniteLivedIntangibleAssetsGross_7" xlink:href="https://xbrl.fasb.org/us-gaap/2023/elts/us-gaap-2023.xsd#us-gaap_FiniteLivedIntangibleAssetsGross" xlink:type="locator"/>
    <link:definitionArc xlink:arcrole="http://www.xbrl.org/2021/arcrole/concept-dimensional-equivalent" xlink:type="arc" xlink:from="ns13_FiniteLivedIntangibleAssetAcquiredInPlaceLeases" xlink:to="ns13_FiniteLivedIntangibleAssetsGross_7" order="1"/>
    <link:loc xlink:label="ns13_CustomerListsMember" xlink:href="https://xbrl.fasb.org/us-gaap/2023/elts/us-gaap-2023.xsd#us-gaap_CustomerListsMember" xlink:type="locator"/>
    <link:definitionArc xlink:arcrole="http://www.xbrl.org/2021/arcrole/concept-dimensional-equivalent" xlink:type="arc" xlink:from="ns13_FiniteLivedCustomerListsGross" xlink:to="ns13_CustomerListsMember" order="3"/>
    <link:loc xlink:label="ns13_PropertyPlantAndEquipmentByTypeAxis_8" xlink:href="https://xbrl.fasb.org/us-gaap/2023/elts/us-gaap-2023.xsd#us-gaap_PropertyPlantAndEquipmentByTypeAxis" xlink:type="locator"/>
    <link:definitionArc xlink:arcrole="http://www.xbrl.org/2021/arcrole/concept-dimensional-equivalent" xlink:type="arc" xlink:from="ns13_Land" xlink:to="ns13_PropertyPlantAndEquipmentByTypeAxis_8" order="2"/>
    <link:loc xlink:label="ns13_FiniteLivedIntangibleAssetsGross_8" xlink:href="https://xbrl.fasb.org/us-gaap/2023/elts/us-gaap-2023.xsd#us-gaap_FiniteLivedIntangibleAssetsGross" xlink:type="locator"/>
    <link:definitionArc xlink:arcrole="http://www.xbrl.org/2021/arcrole/concept-dimensional-equivalent" xlink:type="arc" xlink:from="ns13_FiniteLivedCustomerRelationshipsGross" xlink:to="ns13_FiniteLivedIntangibleAssetsGross_8" order="1"/>
    <link:loc xlink:label="ns13_StatementEquityComponentsAxis_15" xlink:href="https://xbrl.fasb.org/us-gaap/2023/elts/us-gaap-2023.xsd#us-gaap_StatementEquityComponentsAxis" xlink:type="locator"/>
    <link:definitionArc xlink:arcrole="http://www.xbrl.org/2021/arcrole/concept-dimensional-equivalent" xlink:type="arc" xlink:from="ns13_AccumulatedOtherComprehensiveIncomeLossDefinedBenefitPensionAndOtherPostretirementPlansNetOfTax" xlink:to="ns13_StatementEquityComponentsAxis_15" order="2"/>
    <link:loc xlink:label="ns13_FiniteLivedContractualRightsGross" xlink:href="https://xbrl.fasb.org/us-gaap/2023/elts/us-gaap-2023.xsd#us-gaap_FiniteLivedContractualRightsGross" xlink:type="locator"/>
    <link:loc xlink:label="ns13_FiniteLivedIntangibleAssetsByMajorClassAxis_11" xlink:href="https://xbrl.fasb.org/us-gaap/2023/elts/us-gaap-2023.xsd#us-gaap_FiniteLivedIntangibleAssetsByMajorClassAxis" xlink:type="locator"/>
    <link:definitionArc xlink:arcrole="http://www.xbrl.org/2021/arcrole/concept-dimensional-equivalent" xlink:type="arc" xlink:from="ns13_FiniteLivedContractualRightsGross" xlink:to="ns13_FiniteLivedIntangibleAssetsByMajorClassAxis_11" order="2"/>
    <link:loc xlink:label="ns13_CoreDepositsMember" xlink:href="https://xbrl.fasb.org/us-gaap/2023/elts/us-gaap-2023.xsd#us-gaap_CoreDepositsMember" xlink:type="locator"/>
    <link:definitionArc xlink:arcrole="http://www.xbrl.org/2021/arcrole/concept-dimensional-equivalent" xlink:type="arc" xlink:from="ns13_FiniteLivedCoreDepositsGross" xlink:to="ns13_CoreDepositsMember" order="3"/>
    <link:loc xlink:label="ns13_StatementEquityComponentsAxis_16" xlink:href="https://xbrl.fasb.org/us-gaap/2023/elts/us-gaap-2023.xsd#us-gaap_StatementEquityComponentsAxis" xlink:type="locator"/>
    <link:definitionArc xlink:arcrole="http://www.xbrl.org/2021/arcrole/concept-dimensional-equivalent" xlink:type="arc" xlink:from="ns13_TreasuryStockPreferredValue" xlink:to="ns13_StatementEquityComponentsAxis_16" order="2"/>
    <link:loc xlink:label="ns13_StatementEquityComponentsAxis_17" xlink:href="https://xbrl.fasb.org/us-gaap/2023/elts/us-gaap-2023.xsd#us-gaap_StatementEquityComponentsAxis" xlink:type="locator"/>
    <link:definitionArc xlink:arcrole="http://www.xbrl.org/2021/arcrole/concept-dimensional-equivalent" xlink:type="arc" xlink:from="ns13_AccumulatedOtherComprehensiveIncomeLossAvailableForSaleSecuritiesAdjustmentNetOfTax" xlink:to="ns13_StatementEquityComponentsAxis_17" order="2"/>
    <link:loc xlink:label="ns13_InterestRateDerivativesAtFairValueNet" xlink:href="https://xbrl.fasb.org/us-gaap/2023/elts/us-gaap-2023.xsd#us-gaap_InterestRateDerivativesAtFairValueNet" xlink:type="locator"/>
    <link:loc xlink:label="ns13_InterestRateContractMember" xlink:href="https://xbrl.fasb.org/us-gaap/2023/elts/us-gaap-2023.xsd#us-gaap_InterestRateContractMember" xlink:type="locator"/>
    <link:definitionArc xlink:arcrole="http://www.xbrl.org/2021/arcrole/concept-dimensional-equivalent" xlink:type="arc" xlink:from="ns13_InterestRateDerivativesAtFairValueNet" xlink:to="ns13_InterestRateContractMember" order="3"/>
    <link:loc xlink:label="ns13_DerivativeInstrumentRiskAxis" xlink:href="https://xbrl.fasb.org/us-gaap/2023/elts/us-gaap-2023.xsd#us-gaap_DerivativeInstrumentRiskAxis" xlink:type="locator"/>
    <link:definitionArc xlink:arcrole="http://www.xbrl.org/2021/arcrole/concept-dimensional-equivalent" xlink:type="arc" xlink:from="ns13_InterestRateDerivativesAtFairValueNet" xlink:to="ns13_DerivativeInstrumentRiskAxis" order="2"/>
    <link:loc xlink:label="ns13_ContractualRightsMember_1" xlink:href="https://xbrl.fasb.org/us-gaap/2023/elts/us-gaap-2023.xsd#us-gaap_ContractualRightsMember" xlink:type="locator"/>
    <link:definitionArc xlink:arcrole="http://www.xbrl.org/2021/arcrole/concept-dimensional-equivalent" xlink:type="arc" xlink:from="ns13_FiniteLivedContractualRightsGross" xlink:to="ns13_ContractualRightsMember_1" order="3"/>
    <link:loc xlink:label="ns13_FiniteLivedIntangibleAssetsGross_9" xlink:href="https://xbrl.fasb.org/us-gaap/2023/elts/us-gaap-2023.xsd#us-gaap_FiniteLivedIntangibleAssetsGross" xlink:type="locator"/>
    <link:definitionArc xlink:arcrole="http://www.xbrl.org/2021/arcrole/concept-dimensional-equivalent" xlink:type="arc" xlink:from="ns13_FiniteLivedCustomerListsGross" xlink:to="ns13_FiniteLivedIntangibleAssetsGross_9" order="1"/>
    <link:loc xlink:label="ns13_PropertyPlantAndEquipmentGross_8" xlink:href="https://xbrl.fasb.org/us-gaap/2023/elts/us-gaap-2023.xsd#us-gaap_PropertyPlantAndEquipmentGross" xlink:type="locator"/>
    <link:definitionArc xlink:arcrole="http://www.xbrl.org/2021/arcrole/concept-dimensional-equivalent" xlink:type="arc" xlink:from="ns13_LandAndLandImprovements" xlink:to="ns13_PropertyPlantAndEquipmentGross_8" order="1"/>
    <link:loc xlink:label="ns13_ParentMember_1" xlink:href="https://xbrl.fasb.org/us-gaap/2023/elts/us-gaap-2023.xsd#us-gaap_ParentMember" xlink:type="locator"/>
    <link:definitionArc xlink:arcrole="http://www.xbrl.org/2021/arcrole/concept-dimensional-equivalent" xlink:type="arc" xlink:from="ns13_NetIncomeLoss" xlink:to="ns13_ParentMember_1" order="4"/>
    <link:loc xlink:label="ns13_StockholdersEquityIncludingPortionAttributableToNoncontrollingInterest_16" xlink:href="https://xbrl.fasb.org/us-gaap/2023/elts/us-gaap-2023.xsd#us-gaap_StockholdersEquityIncludingPortionAttributableToNoncontrollingInterest" xlink:type="locator"/>
    <link:definitionArc xlink:arcrole="http://www.xbrl.org/2021/arcrole/concept-dimensional-equivalent" xlink:type="arc" xlink:from="ns13_WarrantsAndRightsOutstanding" xlink:to="ns13_StockholdersEquityIncludingPortionAttributableToNoncontrollingInterest_16" order="1"/>
    <link:loc xlink:label="ns13_InterestRateDerivativeLiabilitiesAtFairValue" xlink:href="https://xbrl.fasb.org/us-gaap/2023/elts/us-gaap-2023.xsd#us-gaap_InterestRateDerivativeLiabilitiesAtFairValue" xlink:type="locator"/>
    <link:loc xlink:label="ns13_DerivativeInstrumentRiskAxis_1" xlink:href="https://xbrl.fasb.org/us-gaap/2023/elts/us-gaap-2023.xsd#us-gaap_DerivativeInstrumentRiskAxis" xlink:type="locator"/>
    <link:definitionArc xlink:arcrole="http://www.xbrl.org/2021/arcrole/concept-dimensional-equivalent" xlink:type="arc" xlink:from="ns13_InterestRateDerivativeLiabilitiesAtFairValue" xlink:to="ns13_DerivativeInstrumentRiskAxis_1" order="2"/>
    <link:loc xlink:label="ns13_StockholdersEquityIncludingPortionAttributableToNoncontrollingInterest_17" xlink:href="https://xbrl.fasb.org/us-gaap/2023/elts/us-gaap-2023.xsd#us-gaap_StockholdersEquityIncludingPortionAttributableToNoncontrollingInterest" xlink:type="locator"/>
    <link:definitionArc xlink:arcrole="http://www.xbrl.org/2021/arcrole/concept-dimensional-equivalent" xlink:type="arc" xlink:from="ns13_AccumulatedOtherComprehensiveIncomeLossAvailableForSaleSecuritiesAdjustmentNetOfTax" xlink:to="ns13_StockholdersEquityIncludingPortionAttributableToNoncontrollingInterest_17" order="1"/>
    <link:loc xlink:label="ns13_DeferredCompensationEquity" xlink:href="https://xbrl.fasb.org/us-gaap/2023/elts/us-gaap-2023.xsd#us-gaap_DeferredCompensationEquity" xlink:type="locator"/>
    <link:loc xlink:label="ns13_DeferredCompensationShareBasedPaymentsMember" xlink:href="https://xbrl.fasb.org/us-gaap/2023/elts/us-gaap-2023.xsd#us-gaap_DeferredCompensationShareBasedPaymentsMember" xlink:type="locator"/>
    <link:definitionArc xlink:arcrole="http://www.xbrl.org/2021/arcrole/concept-dimensional-equivalent" xlink:type="arc" xlink:from="ns13_DeferredCompensationEquity" xlink:to="ns13_DeferredCompensationShareBasedPaymentsMember" order="3"/>
    <link:loc xlink:label="ns13_PropertyPlantAndEquipmentGross_9" xlink:href="https://xbrl.fasb.org/us-gaap/2023/elts/us-gaap-2023.xsd#us-gaap_PropertyPlantAndEquipmentGross" xlink:type="locator"/>
    <link:definitionArc xlink:arcrole="http://www.xbrl.org/2021/arcrole/concept-dimensional-equivalent" xlink:type="arc" xlink:from="ns13_Land" xlink:to="ns13_PropertyPlantAndEquipmentGross_9" order="1"/>
    <link:loc xlink:label="ns13_FiniteLivedIntangibleAssetsGross_10" xlink:href="https://xbrl.fasb.org/us-gaap/2023/elts/us-gaap-2023.xsd#us-gaap_FiniteLivedIntangibleAssetsGross" xlink:type="locator"/>
    <link:definitionArc xlink:arcrole="http://www.xbrl.org/2021/arcrole/concept-dimensional-equivalent" xlink:type="arc" xlink:from="ns13_FiniteLivedCoreDepositsGross" xlink:to="ns13_FiniteLivedIntangibleAssetsGross_10" order="1"/>
    <link:loc xlink:label="ns13_WarrantMember" xlink:href="https://xbrl.fasb.org/us-gaap/2023/elts/us-gaap-2023.xsd#us-gaap_WarrantMember" xlink:type="locator"/>
    <link:definitionArc xlink:arcrole="http://www.xbrl.org/2021/arcrole/concept-dimensional-equivalent" xlink:type="arc" xlink:from="ns13_WarrantsAndRightsOutstanding" xlink:to="ns13_WarrantMember" order="3"/>
    <link:loc xlink:label="ns13_StatementEquityComponentsAxis_18" xlink:href="https://xbrl.fasb.org/us-gaap/2023/elts/us-gaap-2023.xsd#us-gaap_StatementEquityComponentsAxis" xlink:type="locator"/>
    <link:definitionArc xlink:arcrole="http://www.xbrl.org/2021/arcrole/concept-dimensional-equivalent" xlink:type="arc" xlink:from="ns13_DeferredCompensationEquity" xlink:to="ns13_StatementEquityComponentsAxis_18" order="2"/>
    <link:loc xlink:label="ns13_DerivativeNetHedgeIneffectivenessGainLoss" xlink:href="https://xbrl.fasb.org/us-gaap/2023/elts/us-gaap-2023.xsd#us-gaap_DerivativeNetHedgeIneffectivenessGainLoss" xlink:type="locator"/>
    <link:definitionArc xlink:arcrole="http://www.xbrl.org/2021/arcrole/concept-dimensional-equivalent" xlink:type="arc" xlink:from="ns13_UnrealizedGainLossOnCashFlowHedgingInstruments" xlink:to="ns13_DerivativeNetHedgeIneffectivenessGainLoss" order="1"/>
    <link:loc xlink:label="ns13_InterestRateDerivativeAssetsAtFairValue" xlink:href="https://xbrl.fasb.org/us-gaap/2023/elts/us-gaap-2023.xsd#us-gaap_InterestRateDerivativeAssetsAtFairValue" xlink:type="locator"/>
    <link:loc xlink:label="ns13_DerivativeInstrumentRiskAxis_2" xlink:href="https://xbrl.fasb.org/us-gaap/2023/elts/us-gaap-2023.xsd#us-gaap_DerivativeInstrumentRiskAxis" xlink:type="locator"/>
    <link:definitionArc xlink:arcrole="http://www.xbrl.org/2021/arcrole/concept-dimensional-equivalent" xlink:type="arc" xlink:from="ns13_InterestRateDerivativeAssetsAtFairValue" xlink:to="ns13_DerivativeInstrumentRiskAxis_2" order="2"/>
    <link:loc xlink:label="ns13_CreditRiskDerivativeLiabilitiesAtFairValue" xlink:href="https://xbrl.fasb.org/us-gaap/2023/elts/us-gaap-2023.xsd#us-gaap_CreditRiskDerivativeLiabilitiesAtFairValue" xlink:type="locator"/>
    <link:loc xlink:label="ns13_DerivativeLiabilities_1" xlink:href="https://xbrl.fasb.org/us-gaap/2023/elts/us-gaap-2023.xsd#us-gaap_DerivativeLiabilities" xlink:type="locator"/>
    <link:definitionArc xlink:arcrole="http://www.xbrl.org/2021/arcrole/concept-dimensional-equivalent" xlink:type="arc" xlink:from="ns13_CreditRiskDerivativeLiabilitiesAtFairValue" xlink:to="ns13_DerivativeLiabilities_1" order="1"/>
    <link:loc xlink:label="ns13_StatementEquityComponentsAxis_19" xlink:href="https://xbrl.fasb.org/us-gaap/2023/elts/us-gaap-2023.xsd#us-gaap_StatementEquityComponentsAxis" xlink:type="locator"/>
    <link:definitionArc xlink:arcrole="http://www.xbrl.org/2021/arcrole/concept-dimensional-equivalent" xlink:type="arc" xlink:from="ns13_TreasuryStockCommonValue" xlink:to="ns13_StatementEquityComponentsAxis_19" order="2"/>
    <link:loc xlink:label="ns13_CreditRiskDerivativesAtFairValueNet" xlink:href="https://xbrl.fasb.org/us-gaap/2023/elts/us-gaap-2023.xsd#us-gaap_CreditRiskDerivativesAtFairValueNet" xlink:type="locator"/>
    <link:loc xlink:label="ns13_CreditRiskContractMember" xlink:href="https://xbrl.fasb.org/us-gaap/2023/elts/us-gaap-2023.xsd#us-gaap_CreditRiskContractMember" xlink:type="locator"/>
    <link:definitionArc xlink:arcrole="http://www.xbrl.org/2021/arcrole/concept-dimensional-equivalent" xlink:type="arc" xlink:from="ns13_CreditRiskDerivativesAtFairValueNet" xlink:to="ns13_CreditRiskContractMember" order="3"/>
    <link:loc xlink:label="ns13_InterestRateContractMember_1" xlink:href="https://xbrl.fasb.org/us-gaap/2023/elts/us-gaap-2023.xsd#us-gaap_InterestRateContractMember" xlink:type="locator"/>
    <link:definitionArc xlink:arcrole="http://www.xbrl.org/2021/arcrole/concept-dimensional-equivalent" xlink:type="arc" xlink:from="ns13_InterestRateDerivativeLiabilitiesAtFairValue" xlink:to="ns13_InterestRateContractMember_1" order="3"/>
    <link:loc xlink:label="ns13_FiniteLivedIntangibleAssetsGross_11" xlink:href="https://xbrl.fasb.org/us-gaap/2023/elts/us-gaap-2023.xsd#us-gaap_FiniteLivedIntangibleAssetsGross" xlink:type="locator"/>
    <link:definitionArc xlink:arcrole="http://www.xbrl.org/2021/arcrole/concept-dimensional-equivalent" xlink:type="arc" xlink:from="ns13_FiniteLivedContractualRightsGross" xlink:to="ns13_FiniteLivedIntangibleAssetsGross_11" order="1"/>
    <link:loc xlink:label="ns13_DerivativeFairValueOfDerivativeNet_1" xlink:href="https://xbrl.fasb.org/us-gaap/2023/elts/us-gaap-2023.xsd#us-gaap_DerivativeFairValueOfDerivativeNet" xlink:type="locator"/>
    <link:definitionArc xlink:arcrole="http://www.xbrl.org/2021/arcrole/concept-dimensional-equivalent" xlink:type="arc" xlink:from="ns13_InterestRateDerivativesAtFairValueNet" xlink:to="ns13_DerivativeFairValueOfDerivativeNet_1" order="1"/>
    <link:loc xlink:label="ns13_CashFlowHedgingMember_3" xlink:href="https://xbrl.fasb.org/us-gaap/2023/elts/us-gaap-2023.xsd#us-gaap_CashFlowHedgingMember" xlink:type="locator"/>
    <link:definitionArc xlink:arcrole="http://www.xbrl.org/2021/arcrole/concept-dimensional-equivalent" xlink:type="arc" xlink:from="ns13_UnrealizedGainLossOnCashFlowHedgingInstruments" xlink:to="ns13_CashFlowHedgingMember_3" order="3"/>
    <link:loc xlink:label="ns13_DerivativeInstrumentRiskAxis_3" xlink:href="https://xbrl.fasb.org/us-gaap/2023/elts/us-gaap-2023.xsd#us-gaap_DerivativeInstrumentRiskAxis" xlink:type="locator"/>
    <link:definitionArc xlink:arcrole="http://www.xbrl.org/2021/arcrole/concept-dimensional-equivalent" xlink:type="arc" xlink:from="ns13_CreditRiskDerivativesAtFairValueNet" xlink:to="ns13_DerivativeInstrumentRiskAxis_3" order="2"/>
    <link:loc xlink:label="ns13_IndefiniteLivedIntangibleAssetsByMajorClassAxis_4" xlink:href="https://xbrl.fasb.org/us-gaap/2023/elts/us-gaap-2023.xsd#us-gaap_IndefiniteLivedIntangibleAssetsByMajorClassAxis" xlink:type="locator"/>
    <link:definitionArc xlink:arcrole="http://www.xbrl.org/2021/arcrole/concept-dimensional-equivalent" xlink:type="arc" xlink:from="ns13_IndefiniteLivedTrademarks" xlink:to="ns13_IndefiniteLivedIntangibleAssetsByMajorClassAxis_4" order="2"/>
    <link:loc xlink:label="ns13_PropertyPlantAndEquipmentByTypeAxis_9" xlink:href="https://xbrl.fasb.org/us-gaap/2023/elts/us-gaap-2023.xsd#us-gaap_PropertyPlantAndEquipmentByTypeAxis" xlink:type="locator"/>
    <link:definitionArc xlink:arcrole="http://www.xbrl.org/2021/arcrole/concept-dimensional-equivalent" xlink:type="arc" xlink:from="ns13_TimberAndTimberlands" xlink:to="ns13_PropertyPlantAndEquipmentByTypeAxis_9" order="2"/>
    <link:loc xlink:label="ns13_CreditRiskContractMember_1" xlink:href="https://xbrl.fasb.org/us-gaap/2023/elts/us-gaap-2023.xsd#us-gaap_CreditRiskContractMember" xlink:type="locator"/>
    <link:definitionArc xlink:arcrole="http://www.xbrl.org/2021/arcrole/concept-dimensional-equivalent" xlink:type="arc" xlink:from="ns13_CreditRiskDerivativeLiabilitiesAtFairValue" xlink:to="ns13_CreditRiskContractMember_1" order="3"/>
    <link:loc xlink:label="ns13_InterestRateContractMember_2" xlink:href="https://xbrl.fasb.org/us-gaap/2023/elts/us-gaap-2023.xsd#us-gaap_InterestRateContractMember" xlink:type="locator"/>
    <link:definitionArc xlink:arcrole="http://www.xbrl.org/2021/arcrole/concept-dimensional-equivalent" xlink:type="arc" xlink:from="ns13_InterestRateDerivativeAssetsAtFairValue" xlink:to="ns13_InterestRateContractMember_2" order="3"/>
    <link:loc xlink:label="ns13_StockholdersEquityIncludingPortionAttributableToNoncontrollingInterest_18" xlink:href="https://xbrl.fasb.org/us-gaap/2023/elts/us-gaap-2023.xsd#us-gaap_StockholdersEquityIncludingPortionAttributableToNoncontrollingInterest" xlink:type="locator"/>
    <link:definitionArc xlink:arcrole="http://www.xbrl.org/2021/arcrole/concept-dimensional-equivalent" xlink:type="arc" xlink:from="ns13_DeferredCompensationEquity" xlink:to="ns13_StockholdersEquityIncludingPortionAttributableToNoncontrollingInterest_18" order="1"/>
    <link:loc xlink:label="ns13_DerivativeLiabilities_2" xlink:href="https://xbrl.fasb.org/us-gaap/2023/elts/us-gaap-2023.xsd#us-gaap_DerivativeLiabilities" xlink:type="locator"/>
    <link:definitionArc xlink:arcrole="http://www.xbrl.org/2021/arcrole/concept-dimensional-equivalent" xlink:type="arc" xlink:from="ns13_InterestRateDerivativeLiabilitiesAtFairValue" xlink:to="ns13_DerivativeLiabilities_2" order="1"/>
    <link:loc xlink:label="ns13_StockholdersEquityIncludingPortionAttributableToNoncontrollingInterest_19" xlink:href="https://xbrl.fasb.org/us-gaap/2023/elts/us-gaap-2023.xsd#us-gaap_StockholdersEquityIncludingPortionAttributableToNoncontrollingInterest" xlink:type="locator"/>
    <link:definitionArc xlink:arcrole="http://www.xbrl.org/2021/arcrole/concept-dimensional-equivalent" xlink:type="arc" xlink:from="ns13_TreasuryStockValue" xlink:to="ns13_StockholdersEquityIncludingPortionAttributableToNoncontrollingInterest_19" order="1"/>
    <link:loc xlink:label="ns13_DerivativeInstrumentRiskAxis_4" xlink:href="https://xbrl.fasb.org/us-gaap/2023/elts/us-gaap-2023.xsd#us-gaap_DerivativeInstrumentRiskAxis" xlink:type="locator"/>
    <link:definitionArc xlink:arcrole="http://www.xbrl.org/2021/arcrole/concept-dimensional-equivalent" xlink:type="arc" xlink:from="ns13_CreditRiskDerivativeLiabilitiesAtFairValue" xlink:to="ns13_DerivativeInstrumentRiskAxis_4" order="2"/>
    <link:loc xlink:label="ns13_TreasuryStockMember" xlink:href="https://xbrl.fasb.org/us-gaap/2023/elts/us-gaap-2023.xsd#us-gaap_TreasuryStockMember" xlink:type="locator"/>
    <link:definitionArc xlink:arcrole="http://www.xbrl.org/2021/arcrole/concept-dimensional-equivalent" xlink:type="arc" xlink:from="ns13_TreasuryStockValue" xlink:to="ns13_TreasuryStockMember" order="3"/>
    <link:loc xlink:label="ns13_StatementEquityComponentsAxis_20" xlink:href="https://xbrl.fasb.org/us-gaap/2023/elts/us-gaap-2023.xsd#us-gaap_StatementEquityComponentsAxis" xlink:type="locator"/>
    <link:definitionArc xlink:arcrole="http://www.xbrl.org/2021/arcrole/concept-dimensional-equivalent" xlink:type="arc" xlink:from="ns13_StockholdersEquity" xlink:to="ns13_StatementEquityComponentsAxis_20" order="2"/>
    <link:loc xlink:label="ns13_IndefiniteLivedIntangibleAssetsByMajorClassAxis_5" xlink:href="https://xbrl.fasb.org/us-gaap/2023/elts/us-gaap-2023.xsd#us-gaap_IndefiniteLivedIntangibleAssetsByMajorClassAxis" xlink:type="locator"/>
    <link:definitionArc xlink:arcrole="http://www.xbrl.org/2021/arcrole/concept-dimensional-equivalent" xlink:type="arc" xlink:from="ns13_IndefiniteLivedTradeNames" xlink:to="ns13_IndefiniteLivedIntangibleAssetsByMajorClassAxis_5" order="2"/>
    <link:loc xlink:label="ns13_TrademarksMember_1" xlink:href="https://xbrl.fasb.org/us-gaap/2023/elts/us-gaap-2023.xsd#us-gaap_TrademarksMember" xlink:type="locator"/>
    <link:definitionArc xlink:arcrole="http://www.xbrl.org/2021/arcrole/concept-dimensional-equivalent" xlink:type="arc" xlink:from="ns13_IndefiniteLivedTrademarks" xlink:to="ns13_TrademarksMember_1" order="3"/>
    <link:loc xlink:label="ns13_CreditRiskContractMember_2" xlink:href="https://xbrl.fasb.org/us-gaap/2023/elts/us-gaap-2023.xsd#us-gaap_CreditRiskContractMember" xlink:type="locator"/>
    <link:definitionArc xlink:arcrole="http://www.xbrl.org/2021/arcrole/concept-dimensional-equivalent" xlink:type="arc" xlink:from="ns13_CreditRiskDerivativeAssetsAtFairValue" xlink:to="ns13_CreditRiskContractMember_2" order="3"/>
    <link:loc xlink:label="ns13_DerivativeAssets_2" xlink:href="https://xbrl.fasb.org/us-gaap/2023/elts/us-gaap-2023.xsd#us-gaap_DerivativeAssets" xlink:type="locator"/>
    <link:definitionArc xlink:arcrole="http://www.xbrl.org/2021/arcrole/concept-dimensional-equivalent" xlink:type="arc" xlink:from="ns13_InterestRateDerivativeAssetsAtFairValue" xlink:to="ns13_DerivativeAssets_2" order="1"/>
    <link:loc xlink:label="ns13_DerivativeFairValueOfDerivativeNet_2" xlink:href="https://xbrl.fasb.org/us-gaap/2023/elts/us-gaap-2023.xsd#us-gaap_DerivativeFairValueOfDerivativeNet" xlink:type="locator"/>
    <link:definitionArc xlink:arcrole="http://www.xbrl.org/2021/arcrole/concept-dimensional-equivalent" xlink:type="arc" xlink:from="ns13_CreditRiskDerivativesAtFairValueNet" xlink:to="ns13_DerivativeFairValueOfDerivativeNet_2" order="1"/>
    <link:loc xlink:label="ns13_DerivativeInstrumentRiskAxis_5" xlink:href="https://xbrl.fasb.org/us-gaap/2023/elts/us-gaap-2023.xsd#us-gaap_DerivativeInstrumentRiskAxis" xlink:type="locator"/>
    <link:definitionArc xlink:arcrole="http://www.xbrl.org/2021/arcrole/concept-dimensional-equivalent" xlink:type="arc" xlink:from="ns13_CreditRiskDerivativeAssetsAtFairValue" xlink:to="ns13_DerivativeInstrumentRiskAxis_5" order="2"/>
    <link:loc xlink:label="ns13_TreasuryStockPreferredMember" xlink:href="https://xbrl.fasb.org/us-gaap/2023/elts/us-gaap-2023.xsd#us-gaap_TreasuryStockPreferredMember" xlink:type="locator"/>
    <link:definitionArc xlink:arcrole="http://www.xbrl.org/2021/arcrole/concept-dimensional-equivalent" xlink:type="arc" xlink:from="ns13_TreasuryStockPreferredValue" xlink:to="ns13_TreasuryStockPreferredMember" order="3"/>
    <link:loc xlink:label="ns13_ConstructionInProgressMember" xlink:href="https://xbrl.fasb.org/us-gaap/2023/elts/us-gaap-2023.xsd#us-gaap_ConstructionInProgressMember" xlink:type="locator"/>
    <link:definitionArc xlink:arcrole="http://www.xbrl.org/2021/arcrole/concept-dimensional-equivalent" xlink:type="arc" xlink:from="ns13_ConstructionInProgressGross" xlink:to="ns13_ConstructionInProgressMember" order="3"/>
  </link:definitionLink>
</link:linkbase>
