<link:linkbase xmlns:link="http://www.xbrl.org/2003/linkbase" xmlns:xlink="http://www.w3.org/1999/xlink" xmlns:xsi="http://www.w3.org/2001/XMLSchema-instance" xmlns:gen="http://xbrl.org/2008/generic" xsi:schemaLocation="http://www.xbrl.org/2003/linkbase http://www.xbrl.org/2003/xbrl-linkbase-2003-12-31.xsd http://xbrl.org/2008/generic http://www.xbrl.org/2008/generic-link.xsd">
  <link:roleRef roleURI="http://xbrl.us/metaModel/role" xlink:href="us-gaap-metaModel-2023.xsd#role" xlink:type="simple"/>
  <link:arcroleRef arcroleURI="http://www.xbrl.org/2021/arcrole/instant-contra" xlink:href="https://xbrl.fasb.org/us-gaap/2024/meta/us-gaap-metaModel-2024.xsd#instant-contra" xlink:type="simple"/>
  <link:definitionLink xlink:role="http://xbrl.us/metaModel/role" xlink:type="extended">
    <link:loc xlink:label="ns13_InventoryGross" xlink:href="https://xbrl.fasb.org/us-gaap/2023/elts/us-gaap-2023.xsd#us-gaap_InventoryGross" xlink:type="locator"/>
    <link:loc xlink:label="ns13_InventoryAdjustments" xlink:href="https://xbrl.fasb.org/us-gaap/2023/elts/us-gaap-2023.xsd#us-gaap_InventoryAdjustments" xlink:type="locator"/>
    <link:definitionArc xlink:arcrole="http://www.xbrl.org/2021/arcrole/instant-contra" xlink:type="arc" xlink:from="ns13_InventoryGross" xlink:to="ns13_InventoryAdjustments" order="1"/>
    <link:loc xlink:label="ns13_HostingArrangementServiceContractImplementationCostCapitalizedBeforeAccumulatedAmortization" xlink:href="https://xbrl.fasb.org/us-gaap/2023/elts/us-gaap-2023.xsd#us-gaap_HostingArrangementServiceContractImplementationCostCapitalizedBeforeAccumulatedAmortization" xlink:type="locator"/>
    <link:loc xlink:label="ns13_HostingArrangementServiceContractImplementationCostCapitalizedAccumulatedAmortization" xlink:href="https://xbrl.fasb.org/us-gaap/2023/elts/us-gaap-2023.xsd#us-gaap_HostingArrangementServiceContractImplementationCostCapitalizedAccumulatedAmortization" xlink:type="locator"/>
    <link:definitionArc xlink:arcrole="http://www.xbrl.org/2021/arcrole/instant-contra" xlink:type="arc" xlink:from="ns13_HostingArrangementServiceContractImplementationCostCapitalizedBeforeAccumulatedAmortization" xlink:to="ns13_HostingArrangementServiceContractImplementationCostCapitalizedAccumulatedAmortization" order="1"/>
    <link:loc xlink:label="ns13_HeldToMaturitySecuritiesNoncurrent" xlink:href="https://xbrl.fasb.org/us-gaap/2023/elts/us-gaap-2023.xsd#us-gaap_HeldToMaturitySecuritiesNoncurrent" xlink:type="locator"/>
    <link:loc xlink:label="ns13_DebtSecuritiesHeldToMaturityAllowanceForCreditLossNoncurrent" xlink:href="https://xbrl.fasb.org/us-gaap/2023/elts/us-gaap-2023.xsd#us-gaap_DebtSecuritiesHeldToMaturityAllowanceForCreditLossNoncurrent" xlink:type="locator"/>
    <link:definitionArc xlink:arcrole="http://www.xbrl.org/2021/arcrole/instant-contra" xlink:type="arc" xlink:from="ns13_HeldToMaturitySecuritiesNoncurrent" xlink:to="ns13_DebtSecuritiesHeldToMaturityAllowanceForCreditLossNoncurrent" order="1"/>
    <link:loc xlink:label="ns13_HeldToMaturitySecuritiesCurrent" xlink:href="https://xbrl.fasb.org/us-gaap/2023/elts/us-gaap-2023.xsd#us-gaap_HeldToMaturitySecuritiesCurrent" xlink:type="locator"/>
    <link:loc xlink:label="ns13_DebtSecuritiesHeldToMaturityAllowanceForCreditLossCurrent" xlink:href="https://xbrl.fasb.org/us-gaap/2023/elts/us-gaap-2023.xsd#us-gaap_DebtSecuritiesHeldToMaturityAllowanceForCreditLossCurrent" xlink:type="locator"/>
    <link:definitionArc xlink:arcrole="http://www.xbrl.org/2021/arcrole/instant-contra" xlink:type="arc" xlink:from="ns13_HeldToMaturitySecuritiesCurrent" xlink:to="ns13_DebtSecuritiesHeldToMaturityAllowanceForCreditLossCurrent" order="1"/>
    <link:loc xlink:label="ns13_HeldToMaturitySecurities" xlink:href="https://xbrl.fasb.org/us-gaap/2023/elts/us-gaap-2023.xsd#us-gaap_HeldToMaturitySecurities" xlink:type="locator"/>
    <link:loc xlink:label="ns13_DebtSecuritiesHeldToMaturityAllowanceForCreditLoss" xlink:href="https://xbrl.fasb.org/us-gaap/2023/elts/us-gaap-2023.xsd#us-gaap_DebtSecuritiesHeldToMaturityAllowanceForCreditLoss" xlink:type="locator"/>
    <link:definitionArc xlink:arcrole="http://www.xbrl.org/2021/arcrole/instant-contra" xlink:type="arc" xlink:from="ns13_HeldToMaturitySecurities" xlink:to="ns13_DebtSecuritiesHeldToMaturityAllowanceForCreditLoss" order="1"/>
    <link:loc xlink:label="ns13_GoodwillGross" xlink:href="https://xbrl.fasb.org/us-gaap/2023/elts/us-gaap-2023.xsd#us-gaap_GoodwillGross" xlink:type="locator"/>
    <link:loc xlink:label="ns13_GoodwillImpairedAccumulatedImpairmentLoss" xlink:href="https://xbrl.fasb.org/us-gaap/2023/elts/us-gaap-2023.xsd#us-gaap_GoodwillImpairedAccumulatedImpairmentLoss" xlink:type="locator"/>
    <link:definitionArc xlink:arcrole="http://www.xbrl.org/2021/arcrole/instant-contra" xlink:type="arc" xlink:from="ns13_GoodwillGross" xlink:to="ns13_GoodwillImpairedAccumulatedImpairmentLoss" order="1"/>
    <link:loc xlink:label="ns13_OilAndGasPropertySuccessfulEffortMethodGross" xlink:href="https://xbrl.fasb.org/us-gaap/2023/elts/us-gaap-2023.xsd#us-gaap_OilAndGasPropertySuccessfulEffortMethodGross" xlink:type="locator"/>
    <link:loc xlink:label="ns13_OilAndGasPropertySuccessfulEffortMethodAccumulatedImpairment" xlink:href="https://xbrl.fasb.org/us-gaap/2023/elts/us-gaap-2023.xsd#us-gaap_OilAndGasPropertySuccessfulEffortMethodAccumulatedImpairment" xlink:type="locator"/>
    <link:definitionArc xlink:arcrole="http://www.xbrl.org/2021/arcrole/instant-contra" xlink:type="arc" xlink:from="ns13_OilAndGasPropertySuccessfulEffortMethodGross" xlink:to="ns13_OilAndGasPropertySuccessfulEffortMethodAccumulatedImpairment" order="3"/>
    <link:loc xlink:label="ns13_FiniteLivedIntangibleAssetsGross" xlink:href="https://xbrl.fasb.org/us-gaap/2023/elts/us-gaap-2023.xsd#us-gaap_FiniteLivedIntangibleAssetsGross" xlink:type="locator"/>
    <link:loc xlink:label="ns13_FiniteLivedIntangibleAssetsAccumulatedAmortization" xlink:href="https://xbrl.fasb.org/us-gaap/2023/elts/us-gaap-2023.xsd#us-gaap_FiniteLivedIntangibleAssetsAccumulatedAmortization" xlink:type="locator"/>
    <link:definitionArc xlink:arcrole="http://www.xbrl.org/2021/arcrole/instant-contra" xlink:type="arc" xlink:from="ns13_FiniteLivedIntangibleAssetsGross" xlink:to="ns13_FiniteLivedIntangibleAssetsAccumulatedAmortization" order="1"/>
    <link:loc xlink:label="ns13_InventoryLIFOReserve" xlink:href="https://xbrl.fasb.org/us-gaap/2023/elts/us-gaap-2023.xsd#us-gaap_InventoryLIFOReserve" xlink:type="locator"/>
    <link:definitionArc xlink:arcrole="http://www.xbrl.org/2021/arcrole/instant-contra" xlink:type="arc" xlink:from="ns13_InventoryGross" xlink:to="ns13_InventoryLIFOReserve" order="3"/>
    <link:loc xlink:label="ns13_FinancingReceivableExcludingAccruedInterestBeforeAllowanceForCreditLossNoncurrent" xlink:href="https://xbrl.fasb.org/us-gaap/2023/elts/us-gaap-2023.xsd#us-gaap_FinancingReceivableExcludingAccruedInterestBeforeAllowanceForCreditLossNoncurrent" xlink:type="locator"/>
    <link:loc xlink:label="ns13_FinancingReceivableAllowanceForCreditLossExcludingAccruedInterestNoncurrent" xlink:href="https://xbrl.fasb.org/us-gaap/2023/elts/us-gaap-2023.xsd#us-gaap_FinancingReceivableAllowanceForCreditLossExcludingAccruedInterestNoncurrent" xlink:type="locator"/>
    <link:definitionArc xlink:arcrole="http://www.xbrl.org/2021/arcrole/instant-contra" xlink:type="arc" xlink:from="ns13_FinancingReceivableExcludingAccruedInterestBeforeAllowanceForCreditLossNoncurrent" xlink:to="ns13_FinancingReceivableAllowanceForCreditLossExcludingAccruedInterestNoncurrent" order="1"/>
    <link:loc xlink:label="ns13_OilAndGasPropertySuccessfulEffortMethodAccumulatedDepreciationDepletionAndAmortization" xlink:href="https://xbrl.fasb.org/us-gaap/2023/elts/us-gaap-2023.xsd#us-gaap_OilAndGasPropertySuccessfulEffortMethodAccumulatedDepreciationDepletionAndAmortization" xlink:type="locator"/>
    <link:definitionArc xlink:arcrole="http://www.xbrl.org/2021/arcrole/instant-contra" xlink:type="arc" xlink:from="ns13_OilAndGasPropertySuccessfulEffortMethodGross" xlink:to="ns13_OilAndGasPropertySuccessfulEffortMethodAccumulatedDepreciationDepletionAndAmortization" order="2"/>
    <link:loc xlink:label="ns13_FinancingReceivableExcludingAccruedInterestBeforeAllowanceForCreditLossCurrent" xlink:href="https://xbrl.fasb.org/us-gaap/2023/elts/us-gaap-2023.xsd#us-gaap_FinancingReceivableExcludingAccruedInterestBeforeAllowanceForCreditLossCurrent" xlink:type="locator"/>
    <link:loc xlink:label="ns13_FinancingReceivableAllowanceForCreditLossExcludingAccruedInterestCurrent" xlink:href="https://xbrl.fasb.org/us-gaap/2023/elts/us-gaap-2023.xsd#us-gaap_FinancingReceivableAllowanceForCreditLossExcludingAccruedInterestCurrent" xlink:type="locator"/>
    <link:definitionArc xlink:arcrole="http://www.xbrl.org/2021/arcrole/instant-contra" xlink:type="arc" xlink:from="ns13_FinancingReceivableExcludingAccruedInterestBeforeAllowanceForCreditLossCurrent" xlink:to="ns13_FinancingReceivableAllowanceForCreditLossExcludingAccruedInterestCurrent" order="1"/>
    <link:loc xlink:label="ns13_FinancingReceivableExcludingAccruedInterestBeforeAllowanceForCreditLoss" xlink:href="https://xbrl.fasb.org/us-gaap/2023/elts/us-gaap-2023.xsd#us-gaap_FinancingReceivableExcludingAccruedInterestBeforeAllowanceForCreditLoss" xlink:type="locator"/>
    <link:loc xlink:label="ns13_FinancingReceivableAllowanceForCreditLossExcludingAccruedInterest" xlink:href="https://xbrl.fasb.org/us-gaap/2023/elts/us-gaap-2023.xsd#us-gaap_FinancingReceivableAllowanceForCreditLossExcludingAccruedInterest" xlink:type="locator"/>
    <link:definitionArc xlink:arcrole="http://www.xbrl.org/2021/arcrole/instant-contra" xlink:type="arc" xlink:from="ns13_FinancingReceivableExcludingAccruedInterestBeforeAllowanceForCreditLoss" xlink:to="ns13_FinancingReceivableAllowanceForCreditLossExcludingAccruedInterest" order="1"/>
    <link:loc xlink:label="ns13_NotesReceivableGross" xlink:href="https://xbrl.fasb.org/us-gaap/2023/elts/us-gaap-2023.xsd#us-gaap_NotesReceivableGross" xlink:type="locator"/>
    <link:loc xlink:label="ns13_AllowanceForLoanAndLeaseLossesRealEstate" xlink:href="https://xbrl.fasb.org/us-gaap/2023/elts/us-gaap-2023.xsd#us-gaap_AllowanceForLoanAndLeaseLossesRealEstate" xlink:type="locator"/>
    <link:definitionArc xlink:arcrole="http://www.xbrl.org/2021/arcrole/instant-contra" xlink:type="arc" xlink:from="ns13_NotesReceivableGross" xlink:to="ns13_AllowanceForLoanAndLeaseLossesRealEstate" order="2"/>
    <link:loc xlink:label="ns13_InventoryValuationReserves" xlink:href="https://xbrl.fasb.org/us-gaap/2023/elts/us-gaap-2023.xsd#us-gaap_InventoryValuationReserves" xlink:type="locator"/>
    <link:definitionArc xlink:arcrole="http://www.xbrl.org/2021/arcrole/instant-contra" xlink:type="arc" xlink:from="ns13_InventoryGross" xlink:to="ns13_InventoryValuationReserves" order="2"/>
    <link:loc xlink:label="ns13_FinanceLeaseRightOfUseAssetBeforeAccumulatedAmortization" xlink:href="https://xbrl.fasb.org/us-gaap/2023/elts/us-gaap-2023.xsd#us-gaap_FinanceLeaseRightOfUseAssetBeforeAccumulatedAmortization" xlink:type="locator"/>
    <link:loc xlink:label="ns13_FinanceLeaseRightOfUseAssetAccumulatedAmortization" xlink:href="https://xbrl.fasb.org/us-gaap/2023/elts/us-gaap-2023.xsd#us-gaap_FinanceLeaseRightOfUseAssetAccumulatedAmortization" xlink:type="locator"/>
    <link:definitionArc xlink:arcrole="http://www.xbrl.org/2021/arcrole/instant-contra" xlink:type="arc" xlink:from="ns13_FinanceLeaseRightOfUseAssetBeforeAccumulatedAmortization" xlink:to="ns13_FinanceLeaseRightOfUseAssetAccumulatedAmortization" order="1"/>
    <link:loc xlink:label="ns13_AccountsReceivableGross" xlink:href="https://xbrl.fasb.org/us-gaap/2023/elts/us-gaap-2023.xsd#us-gaap_AccountsReceivableGross" xlink:type="locator"/>
    <link:loc xlink:label="ns13_AllowanceForDoubtfulAccountsReceivable" xlink:href="https://xbrl.fasb.org/us-gaap/2023/elts/us-gaap-2023.xsd#us-gaap_AllowanceForDoubtfulAccountsReceivable" xlink:type="locator"/>
    <link:definitionArc xlink:arcrole="http://www.xbrl.org/2021/arcrole/instant-contra" xlink:type="arc" xlink:from="ns13_AccountsReceivableGross" xlink:to="ns13_AllowanceForDoubtfulAccountsReceivable" order="2"/>
    <link:loc xlink:label="ns13_DeferredTaxAssetsGross" xlink:href="https://xbrl.fasb.org/us-gaap/2023/elts/us-gaap-2023.xsd#us-gaap_DeferredTaxAssetsGross" xlink:type="locator"/>
    <link:loc xlink:label="ns13_DeferredTaxAssetsValuationAllowance" xlink:href="https://xbrl.fasb.org/us-gaap/2023/elts/us-gaap-2023.xsd#us-gaap_DeferredTaxAssetsValuationAllowance" xlink:type="locator"/>
    <link:definitionArc xlink:arcrole="http://www.xbrl.org/2021/arcrole/instant-contra" xlink:type="arc" xlink:from="ns13_DeferredTaxAssetsGross" xlink:to="ns13_DeferredTaxAssetsValuationAllowance" order="1"/>
    <link:loc xlink:label="ns13_SalesTypeLeaseNetInvestmentInLeaseBeforeAllowanceForCreditLossNoncurrent" xlink:href="https://xbrl.fasb.org/us-gaap/2023/elts/us-gaap-2023.xsd#us-gaap_SalesTypeLeaseNetInvestmentInLeaseBeforeAllowanceForCreditLossNoncurrent" xlink:type="locator"/>
    <link:loc xlink:label="ns13_SalesTypeLeaseNetInvestmentInLeaseAllowanceForCreditLossNoncurrent" xlink:href="https://xbrl.fasb.org/us-gaap/2023/elts/us-gaap-2023.xsd#us-gaap_SalesTypeLeaseNetInvestmentInLeaseAllowanceForCreditLossNoncurrent" xlink:type="locator"/>
    <link:definitionArc xlink:arcrole="http://www.xbrl.org/2021/arcrole/instant-contra" xlink:type="arc" xlink:from="ns13_SalesTypeLeaseNetInvestmentInLeaseBeforeAllowanceForCreditLossNoncurrent" xlink:to="ns13_SalesTypeLeaseNetInvestmentInLeaseAllowanceForCreditLossNoncurrent" order="1"/>
    <link:loc xlink:label="ns13_SalesTypeLeaseNetInvestmentInLeaseBeforeAllowanceForCreditLossCurrent" xlink:href="https://xbrl.fasb.org/us-gaap/2023/elts/us-gaap-2023.xsd#us-gaap_SalesTypeLeaseNetInvestmentInLeaseBeforeAllowanceForCreditLossCurrent" xlink:type="locator"/>
    <link:loc xlink:label="ns13_SalesTypeLeaseNetInvestmentInLeaseAllowanceForCreditLossCurrent" xlink:href="https://xbrl.fasb.org/us-gaap/2023/elts/us-gaap-2023.xsd#us-gaap_SalesTypeLeaseNetInvestmentInLeaseAllowanceForCreditLossCurrent" xlink:type="locator"/>
    <link:definitionArc xlink:arcrole="http://www.xbrl.org/2021/arcrole/instant-contra" xlink:type="arc" xlink:from="ns13_SalesTypeLeaseNetInvestmentInLeaseBeforeAllowanceForCreditLossCurrent" xlink:to="ns13_SalesTypeLeaseNetInvestmentInLeaseAllowanceForCreditLossCurrent" order="1"/>
    <link:loc xlink:label="ns13_DeferredCostsLeasingGross" xlink:href="https://xbrl.fasb.org/us-gaap/2023/elts/us-gaap-2023.xsd#us-gaap_DeferredCostsLeasingGross" xlink:type="locator"/>
    <link:loc xlink:label="ns13_DeferredCostsLeasingAccumulatedAmortization" xlink:href="https://xbrl.fasb.org/us-gaap/2023/elts/us-gaap-2023.xsd#us-gaap_DeferredCostsLeasingAccumulatedAmortization" xlink:type="locator"/>
    <link:definitionArc xlink:arcrole="http://www.xbrl.org/2021/arcrole/instant-contra" xlink:type="arc" xlink:from="ns13_DeferredCostsLeasingGross" xlink:to="ns13_DeferredCostsLeasingAccumulatedAmortization" order="1"/>
    <link:loc xlink:label="ns13_SalesTypeLeaseNetInvestmentInLease" xlink:href="https://xbrl.fasb.org/us-gaap/2023/elts/us-gaap-2023.xsd#us-gaap_SalesTypeLeaseNetInvestmentInLease" xlink:type="locator"/>
    <link:loc xlink:label="ns13_SalesTypeLeaseNetInvestmentInLeaseAllowanceForCreditLoss" xlink:href="https://xbrl.fasb.org/us-gaap/2023/elts/us-gaap-2023.xsd#us-gaap_SalesTypeLeaseNetInvestmentInLeaseAllowanceForCreditLoss" xlink:type="locator"/>
    <link:definitionArc xlink:arcrole="http://www.xbrl.org/2021/arcrole/instant-contra" xlink:type="arc" xlink:from="ns13_SalesTypeLeaseNetInvestmentInLease" xlink:to="ns13_SalesTypeLeaseNetInvestmentInLeaseAllowanceForCreditLoss" order="1"/>
    <link:loc xlink:label="ns13_DebtSecuritiesHeldToMaturityExcludingAccruedInterestBeforeAllowanceForCreditLossNoncurrent" xlink:href="https://xbrl.fasb.org/us-gaap/2023/elts/us-gaap-2023.xsd#us-gaap_DebtSecuritiesHeldToMaturityExcludingAccruedInterestBeforeAllowanceForCreditLossNoncurrent" xlink:type="locator"/>
    <link:loc xlink:label="ns13_DebtSecuritiesHeldToMaturityAllowanceForCreditLossExcludingAccruedInterestNoncurrent" xlink:href="https://xbrl.fasb.org/us-gaap/2023/elts/us-gaap-2023.xsd#us-gaap_DebtSecuritiesHeldToMaturityAllowanceForCreditLossExcludingAccruedInterestNoncurrent" xlink:type="locator"/>
    <link:definitionArc xlink:arcrole="http://www.xbrl.org/2021/arcrole/instant-contra" xlink:type="arc" xlink:from="ns13_DebtSecuritiesHeldToMaturityExcludingAccruedInterestBeforeAllowanceForCreditLossNoncurrent" xlink:to="ns13_DebtSecuritiesHeldToMaturityAllowanceForCreditLossExcludingAccruedInterestNoncurrent" order="1"/>
    <link:loc xlink:label="ns13_ReinsuranceRecoverablesOnUnpaidLossesGross" xlink:href="https://xbrl.fasb.org/us-gaap/2023/elts/us-gaap-2023.xsd#us-gaap_ReinsuranceRecoverablesOnUnpaidLossesGross" xlink:type="locator"/>
    <link:loc xlink:label="ns13_ReinsuranceRecoverablesOnUnpaidLossesAllowance" xlink:href="https://xbrl.fasb.org/us-gaap/2023/elts/us-gaap-2023.xsd#us-gaap_ReinsuranceRecoverablesOnUnpaidLossesAllowance" xlink:type="locator"/>
    <link:definitionArc xlink:arcrole="http://www.xbrl.org/2021/arcrole/instant-contra" xlink:type="arc" xlink:from="ns13_ReinsuranceRecoverablesOnUnpaidLossesGross" xlink:to="ns13_ReinsuranceRecoverablesOnUnpaidLossesAllowance" order="1"/>
    <link:loc xlink:label="ns13_DebtSecuritiesHeldToMaturityExcludingAccruedInterestBeforeAllowanceForCreditLossCurrent" xlink:href="https://xbrl.fasb.org/us-gaap/2023/elts/us-gaap-2023.xsd#us-gaap_DebtSecuritiesHeldToMaturityExcludingAccruedInterestBeforeAllowanceForCreditLossCurrent" xlink:type="locator"/>
    <link:loc xlink:label="ns13_DebtSecuritiesHeldToMaturityAllowanceForCreditLossExcludingAccruedInterestCurrent" xlink:href="https://xbrl.fasb.org/us-gaap/2023/elts/us-gaap-2023.xsd#us-gaap_DebtSecuritiesHeldToMaturityAllowanceForCreditLossExcludingAccruedInterestCurrent" xlink:type="locator"/>
    <link:definitionArc xlink:arcrole="http://www.xbrl.org/2021/arcrole/instant-contra" xlink:type="arc" xlink:from="ns13_DebtSecuritiesHeldToMaturityExcludingAccruedInterestBeforeAllowanceForCreditLossCurrent" xlink:to="ns13_DebtSecuritiesHeldToMaturityAllowanceForCreditLossExcludingAccruedInterestCurrent" order="1"/>
    <link:loc xlink:label="ns13_DebtSecuritiesHeldToMaturityExcludingAccruedInterestBeforeAllowanceForCreditLoss" xlink:href="https://xbrl.fasb.org/us-gaap/2023/elts/us-gaap-2023.xsd#us-gaap_DebtSecuritiesHeldToMaturityExcludingAccruedInterestBeforeAllowanceForCreditLoss" xlink:type="locator"/>
    <link:loc xlink:label="ns13_DebtSecuritiesHeldToMaturityAllowanceForCreditLossExcludingAccruedInterest" xlink:href="https://xbrl.fasb.org/us-gaap/2023/elts/us-gaap-2023.xsd#us-gaap_DebtSecuritiesHeldToMaturityAllowanceForCreditLossExcludingAccruedInterest" xlink:type="locator"/>
    <link:definitionArc xlink:arcrole="http://www.xbrl.org/2021/arcrole/instant-contra" xlink:type="arc" xlink:from="ns13_DebtSecuritiesHeldToMaturityExcludingAccruedInterestBeforeAllowanceForCreditLoss" xlink:to="ns13_DebtSecuritiesHeldToMaturityAllowanceForCreditLossExcludingAccruedInterest" order="1"/>
    <link:loc xlink:label="ns13_ReinsuranceRecoverablesOnPaidLossesGross" xlink:href="https://xbrl.fasb.org/us-gaap/2023/elts/us-gaap-2023.xsd#us-gaap_ReinsuranceRecoverablesOnPaidLossesGross" xlink:type="locator"/>
    <link:loc xlink:label="ns13_ReinsuranceRecoverablesOnPaidLossesAllowance" xlink:href="https://xbrl.fasb.org/us-gaap/2023/elts/us-gaap-2023.xsd#us-gaap_ReinsuranceRecoverablesOnPaidLossesAllowance" xlink:type="locator"/>
    <link:definitionArc xlink:arcrole="http://www.xbrl.org/2021/arcrole/instant-contra" xlink:type="arc" xlink:from="ns13_ReinsuranceRecoverablesOnPaidLossesGross" xlink:to="ns13_ReinsuranceRecoverablesOnPaidLossesAllowance" order="1"/>
    <link:loc xlink:label="ns13_DebtSecuritiesAvailableForSaleAmortizedCostNoncurrent" xlink:href="https://xbrl.fasb.org/us-gaap/2023/elts/us-gaap-2023.xsd#us-gaap_DebtSecuritiesAvailableForSaleAmortizedCostNoncurrent" xlink:type="locator"/>
    <link:loc xlink:label="ns13_DebtSecuritiesAvailableForSaleAllowanceForCreditLossNoncurrent" xlink:href="https://xbrl.fasb.org/us-gaap/2023/elts/us-gaap-2023.xsd#us-gaap_DebtSecuritiesAvailableForSaleAllowanceForCreditLossNoncurrent" xlink:type="locator"/>
    <link:definitionArc xlink:arcrole="http://www.xbrl.org/2021/arcrole/instant-contra" xlink:type="arc" xlink:from="ns13_DebtSecuritiesAvailableForSaleAmortizedCostNoncurrent" xlink:to="ns13_DebtSecuritiesAvailableForSaleAllowanceForCreditLossNoncurrent" order="1"/>
    <link:loc xlink:label="ns13_ReinsuranceRecoverablesGross" xlink:href="https://xbrl.fasb.org/us-gaap/2023/elts/us-gaap-2023.xsd#us-gaap_ReinsuranceRecoverablesGross" xlink:type="locator"/>
    <link:loc xlink:label="ns13_ReinsuranceRecoverablesAllowance" xlink:href="https://xbrl.fasb.org/us-gaap/2023/elts/us-gaap-2023.xsd#us-gaap_ReinsuranceRecoverablesAllowance" xlink:type="locator"/>
    <link:definitionArc xlink:arcrole="http://www.xbrl.org/2021/arcrole/instant-contra" xlink:type="arc" xlink:from="ns13_ReinsuranceRecoverablesGross" xlink:to="ns13_ReinsuranceRecoverablesAllowance" order="1"/>
    <link:loc xlink:label="ns13_DebtSecuritiesAvailableForSaleAmortizedCostExcludingAccruedInterestBeforeAllowanceForCreditLossNoncurrent" xlink:href="https://xbrl.fasb.org/us-gaap/2023/elts/us-gaap-2023.xsd#us-gaap_DebtSecuritiesAvailableForSaleAmortizedCostExcludingAccruedInterestBeforeAllowanceForCreditLossNoncurrent" xlink:type="locator"/>
    <link:loc xlink:label="ns13_DebtSecuritiesAvailableForSaleAmortizedCostAllowanceForCreditLossExcludingAccruedInterestNoncurrent" xlink:href="https://xbrl.fasb.org/us-gaap/2023/elts/us-gaap-2023.xsd#us-gaap_DebtSecuritiesAvailableForSaleAmortizedCostAllowanceForCreditLossExcludingAccruedInterestNoncurrent" xlink:type="locator"/>
    <link:definitionArc xlink:arcrole="http://www.xbrl.org/2021/arcrole/instant-contra" xlink:type="arc" xlink:from="ns13_DebtSecuritiesAvailableForSaleAmortizedCostExcludingAccruedInterestBeforeAllowanceForCreditLossNoncurrent" xlink:to="ns13_DebtSecuritiesAvailableForSaleAmortizedCostAllowanceForCreditLossExcludingAccruedInterestNoncurrent" order="1"/>
    <link:loc xlink:label="ns13_RecordedThirdPartyEnvironmentalRecoveriesUndiscounted" xlink:href="https://xbrl.fasb.org/us-gaap/2023/elts/us-gaap-2023.xsd#us-gaap_RecordedThirdPartyEnvironmentalRecoveriesUndiscounted" xlink:type="locator"/>
    <link:loc xlink:label="ns13_RecordedThirdPartyEnvironmentalRecoveriesDiscount" xlink:href="https://xbrl.fasb.org/us-gaap/2023/elts/us-gaap-2023.xsd#us-gaap_RecordedThirdPartyEnvironmentalRecoveriesDiscount" xlink:type="locator"/>
    <link:definitionArc xlink:arcrole="http://www.xbrl.org/2021/arcrole/instant-contra" xlink:type="arc" xlink:from="ns13_RecordedThirdPartyEnvironmentalRecoveriesUndiscounted" xlink:to="ns13_RecordedThirdPartyEnvironmentalRecoveriesDiscount" order="1"/>
    <link:loc xlink:label="ns13_DebtSecuritiesAvailableForSaleAmortizedCostExcludingAccruedInterestBeforeAllowanceForCreditLossCurrent" xlink:href="https://xbrl.fasb.org/us-gaap/2023/elts/us-gaap-2023.xsd#us-gaap_DebtSecuritiesAvailableForSaleAmortizedCostExcludingAccruedInterestBeforeAllowanceForCreditLossCurrent" xlink:type="locator"/>
    <link:loc xlink:label="ns13_DebtSecuritiesAvailableForSaleAmortizedCostAllowanceForCreditLossExcludingAccruedInterestCurrent" xlink:href="https://xbrl.fasb.org/us-gaap/2023/elts/us-gaap-2023.xsd#us-gaap_DebtSecuritiesAvailableForSaleAmortizedCostAllowanceForCreditLossExcludingAccruedInterestCurrent" xlink:type="locator"/>
    <link:definitionArc xlink:arcrole="http://www.xbrl.org/2021/arcrole/instant-contra" xlink:type="arc" xlink:from="ns13_DebtSecuritiesAvailableForSaleAmortizedCostExcludingAccruedInterestBeforeAllowanceForCreditLossCurrent" xlink:to="ns13_DebtSecuritiesAvailableForSaleAmortizedCostAllowanceForCreditLossExcludingAccruedInterestCurrent" order="1"/>
    <link:loc xlink:label="ns13_RealEstateAssetsHeldForDevelopmentAndSale" xlink:href="https://xbrl.fasb.org/us-gaap/2023/elts/us-gaap-2023.xsd#us-gaap_RealEstateAssetsHeldForDevelopmentAndSale" xlink:type="locator"/>
    <link:loc xlink:label="ns13_RealEstateLiabilitiesAssociatedWithAssetsHeldForDevelopmentAndSale" xlink:href="https://xbrl.fasb.org/us-gaap/2023/elts/us-gaap-2023.xsd#us-gaap_RealEstateLiabilitiesAssociatedWithAssetsHeldForDevelopmentAndSale" xlink:type="locator"/>
    <link:definitionArc xlink:arcrole="http://www.xbrl.org/2021/arcrole/instant-contra" xlink:type="arc" xlink:from="ns13_RealEstateAssetsHeldForDevelopmentAndSale" xlink:to="ns13_RealEstateLiabilitiesAssociatedWithAssetsHeldForDevelopmentAndSale" order="1"/>
    <link:loc xlink:label="ns13_DebtSecuritiesAvailableForSaleAmortizedCostExcludingAccruedInterestBeforeAllowanceForCreditLoss" xlink:href="https://xbrl.fasb.org/us-gaap/2023/elts/us-gaap-2023.xsd#us-gaap_DebtSecuritiesAvailableForSaleAmortizedCostExcludingAccruedInterestBeforeAllowanceForCreditLoss" xlink:type="locator"/>
    <link:loc xlink:label="ns13_DebtSecuritiesAvailableForSaleAmortizedCostAllowanceForCreditLossExcludingAccruedInterest" xlink:href="https://xbrl.fasb.org/us-gaap/2023/elts/us-gaap-2023.xsd#us-gaap_DebtSecuritiesAvailableForSaleAmortizedCostAllowanceForCreditLossExcludingAccruedInterest" xlink:type="locator"/>
    <link:definitionArc xlink:arcrole="http://www.xbrl.org/2021/arcrole/instant-contra" xlink:type="arc" xlink:from="ns13_DebtSecuritiesAvailableForSaleAmortizedCostExcludingAccruedInterestBeforeAllowanceForCreditLoss" xlink:to="ns13_DebtSecuritiesAvailableForSaleAmortizedCostAllowanceForCreditLossExcludingAccruedInterest" order="1"/>
    <link:loc xlink:label="ns13_PropertyPlantAndEquipmentGross" xlink:href="https://xbrl.fasb.org/us-gaap/2023/elts/us-gaap-2023.xsd#us-gaap_PropertyPlantAndEquipmentGross" xlink:type="locator"/>
    <link:loc xlink:label="ns13_AccumulatedDepreciationDepletionAndAmortizationPropertyPlantAndEquipment" xlink:href="https://xbrl.fasb.org/us-gaap/2023/elts/us-gaap-2023.xsd#us-gaap_AccumulatedDepreciationDepletionAndAmortizationPropertyPlantAndEquipment" xlink:type="locator"/>
    <link:definitionArc xlink:arcrole="http://www.xbrl.org/2021/arcrole/instant-contra" xlink:type="arc" xlink:from="ns13_PropertyPlantAndEquipmentGross" xlink:to="ns13_AccumulatedDepreciationDepletionAndAmortizationPropertyPlantAndEquipment" order="1"/>
    <link:loc xlink:label="ns13_DebtSecuritiesAvailableForSaleAmortizedCostCurrent" xlink:href="https://xbrl.fasb.org/us-gaap/2023/elts/us-gaap-2023.xsd#us-gaap_DebtSecuritiesAvailableForSaleAmortizedCostCurrent" xlink:type="locator"/>
    <link:loc xlink:label="ns13_DebtSecuritiesAvailableForSaleAllowanceForCreditLossCurrent" xlink:href="https://xbrl.fasb.org/us-gaap/2023/elts/us-gaap-2023.xsd#us-gaap_DebtSecuritiesAvailableForSaleAllowanceForCreditLossCurrent" xlink:type="locator"/>
    <link:definitionArc xlink:arcrole="http://www.xbrl.org/2021/arcrole/instant-contra" xlink:type="arc" xlink:from="ns13_DebtSecuritiesAvailableForSaleAmortizedCostCurrent" xlink:to="ns13_DebtSecuritiesAvailableForSaleAllowanceForCreditLossCurrent" order="1"/>
    <link:loc xlink:label="ns13_PropertyPlantAndEquipmentAndFinanceLeaseRightOfUseAssetBeforeAccumulatedDepreciationAndAmortization" xlink:href="https://xbrl.fasb.org/us-gaap/2023/elts/us-gaap-2023.xsd#us-gaap_PropertyPlantAndEquipmentAndFinanceLeaseRightOfUseAssetBeforeAccumulatedDepreciationAndAmortization" xlink:type="locator"/>
    <link:loc xlink:label="ns13_PropertyPlantAndEquipmentAndFinanceLeaseRightOfUseAssetAccumulatedDepreciationAndAmortization" xlink:href="https://xbrl.fasb.org/us-gaap/2023/elts/us-gaap-2023.xsd#us-gaap_PropertyPlantAndEquipmentAndFinanceLeaseRightOfUseAssetAccumulatedDepreciationAndAmortization" xlink:type="locator"/>
    <link:definitionArc xlink:arcrole="http://www.xbrl.org/2021/arcrole/instant-contra" xlink:type="arc" xlink:from="ns13_PropertyPlantAndEquipmentAndFinanceLeaseRightOfUseAssetBeforeAccumulatedDepreciationAndAmortization" xlink:to="ns13_PropertyPlantAndEquipmentAndFinanceLeaseRightOfUseAssetAccumulatedDepreciationAndAmortization" order="1"/>
    <link:loc xlink:label="ns13_DebtIssuanceCostsLineOfCreditArrangementsGross" xlink:href="https://xbrl.fasb.org/us-gaap/2023/elts/us-gaap-2023.xsd#us-gaap_DebtIssuanceCostsLineOfCreditArrangementsGross" xlink:type="locator"/>
    <link:loc xlink:label="ns13_AccumulatedAmortizationOfDebtIssuanceCostsLineOfCreditArrangements" xlink:href="https://xbrl.fasb.org/us-gaap/2023/elts/us-gaap-2023.xsd#us-gaap_AccumulatedAmortizationOfDebtIssuanceCostsLineOfCreditArrangements" xlink:type="locator"/>
    <link:definitionArc xlink:arcrole="http://www.xbrl.org/2021/arcrole/instant-contra" xlink:type="arc" xlink:from="ns13_DebtIssuanceCostsLineOfCreditArrangementsGross" xlink:to="ns13_AccumulatedAmortizationOfDebtIssuanceCostsLineOfCreditArrangements" order="1"/>
    <link:loc xlink:label="ns13_PresentValueOfFutureInsuranceProfitsGross" xlink:href="https://xbrl.fasb.org/us-gaap/2023/elts/us-gaap-2023.xsd#us-gaap_PresentValueOfFutureInsuranceProfitsGross" xlink:type="locator"/>
    <link:loc xlink:label="ns13_PresentValueOfFutureInsuranceProfitsAccumulatedAmortization" xlink:href="https://xbrl.fasb.org/us-gaap/2023/elts/us-gaap-2023.xsd#us-gaap_PresentValueOfFutureInsuranceProfitsAccumulatedAmortization" xlink:type="locator"/>
    <link:definitionArc xlink:arcrole="http://www.xbrl.org/2021/arcrole/instant-contra" xlink:type="arc" xlink:from="ns13_PresentValueOfFutureInsuranceProfitsGross" xlink:to="ns13_PresentValueOfFutureInsuranceProfitsAccumulatedAmortization" order="1"/>
    <link:loc xlink:label="ns13_CustomersLiabilityForAcceptancesGross" xlink:href="https://xbrl.fasb.org/us-gaap/2023/elts/us-gaap-2023.xsd#us-gaap_CustomersLiabilityForAcceptancesGross" xlink:type="locator"/>
    <link:loc xlink:label="ns13_AllowanceForUncollectibleCustomersLiabilityForAcceptances" xlink:href="https://xbrl.fasb.org/us-gaap/2023/elts/us-gaap-2023.xsd#us-gaap_AllowanceForUncollectibleCustomersLiabilityForAcceptances" xlink:type="locator"/>
    <link:definitionArc xlink:arcrole="http://www.xbrl.org/2021/arcrole/instant-contra" xlink:type="arc" xlink:from="ns13_CustomersLiabilityForAcceptancesGross" xlink:to="ns13_AllowanceForUncollectibleCustomersLiabilityForAcceptances" order="1"/>
    <link:loc xlink:label="ns13_PremiumsReceivableGross" xlink:href="https://xbrl.fasb.org/us-gaap/2023/elts/us-gaap-2023.xsd#us-gaap_PremiumsReceivableGross" xlink:type="locator"/>
    <link:loc xlink:label="ns13_PremiumsReceivableAllowanceForDoubtfulAccounts" xlink:href="https://xbrl.fasb.org/us-gaap/2023/elts/us-gaap-2023.xsd#us-gaap_PremiumsReceivableAllowanceForDoubtfulAccounts" xlink:type="locator"/>
    <link:definitionArc xlink:arcrole="http://www.xbrl.org/2021/arcrole/instant-contra" xlink:type="arc" xlink:from="ns13_PremiumsReceivableGross" xlink:to="ns13_PremiumsReceivableAllowanceForDoubtfulAccounts" order="1"/>
    <link:loc xlink:label="ns13_ContractWithCustomerReceivableBeforeAllowanceForCreditLossNoncurrent" xlink:href="https://xbrl.fasb.org/us-gaap/2023/elts/us-gaap-2023.xsd#us-gaap_ContractWithCustomerReceivableBeforeAllowanceForCreditLossNoncurrent" xlink:type="locator"/>
    <link:loc xlink:label="ns13_ContractWithCustomerReceivableAllowanceForCreditLossNoncurrent" xlink:href="https://xbrl.fasb.org/us-gaap/2023/elts/us-gaap-2023.xsd#us-gaap_ContractWithCustomerReceivableAllowanceForCreditLossNoncurrent" xlink:type="locator"/>
    <link:definitionArc xlink:arcrole="http://www.xbrl.org/2021/arcrole/instant-contra" xlink:type="arc" xlink:from="ns13_ContractWithCustomerReceivableBeforeAllowanceForCreditLossNoncurrent" xlink:to="ns13_ContractWithCustomerReceivableAllowanceForCreditLossNoncurrent" order="1"/>
    <link:loc xlink:label="ns13_ContractWithCustomerReceivableBeforeAllowanceForCreditLossCurrent" xlink:href="https://xbrl.fasb.org/us-gaap/2023/elts/us-gaap-2023.xsd#us-gaap_ContractWithCustomerReceivableBeforeAllowanceForCreditLossCurrent" xlink:type="locator"/>
    <link:loc xlink:label="ns13_ContractWithCustomerReceivableAllowanceForCreditLossCurrent" xlink:href="https://xbrl.fasb.org/us-gaap/2023/elts/us-gaap-2023.xsd#us-gaap_ContractWithCustomerReceivableAllowanceForCreditLossCurrent" xlink:type="locator"/>
    <link:definitionArc xlink:arcrole="http://www.xbrl.org/2021/arcrole/instant-contra" xlink:type="arc" xlink:from="ns13_ContractWithCustomerReceivableBeforeAllowanceForCreditLossCurrent" xlink:to="ns13_ContractWithCustomerReceivableAllowanceForCreditLossCurrent" order="1"/>
    <link:loc xlink:label="ns13_OtherReceivablesGrossCurrent" xlink:href="https://xbrl.fasb.org/us-gaap/2023/elts/us-gaap-2023.xsd#us-gaap_OtherReceivablesGrossCurrent" xlink:type="locator"/>
    <link:loc xlink:label="ns13_AllowanceForDoubtfulOtherReceivablesCurrent" xlink:href="https://xbrl.fasb.org/us-gaap/2023/elts/us-gaap-2023.xsd#us-gaap_AllowanceForDoubtfulOtherReceivablesCurrent" xlink:type="locator"/>
    <link:definitionArc xlink:arcrole="http://www.xbrl.org/2021/arcrole/instant-contra" xlink:type="arc" xlink:from="ns13_OtherReceivablesGrossCurrent" xlink:to="ns13_AllowanceForDoubtfulOtherReceivablesCurrent" order="1"/>
    <link:loc xlink:label="ns13_ContractWithCustomerReceivableBeforeAllowanceForCreditLoss" xlink:href="https://xbrl.fasb.org/us-gaap/2023/elts/us-gaap-2023.xsd#us-gaap_ContractWithCustomerReceivableBeforeAllowanceForCreditLoss" xlink:type="locator"/>
    <link:loc xlink:label="ns13_ContractWithCustomerReceivableAllowanceForCreditLoss" xlink:href="https://xbrl.fasb.org/us-gaap/2023/elts/us-gaap-2023.xsd#us-gaap_ContractWithCustomerReceivableAllowanceForCreditLoss" xlink:type="locator"/>
    <link:definitionArc xlink:arcrole="http://www.xbrl.org/2021/arcrole/instant-contra" xlink:type="arc" xlink:from="ns13_ContractWithCustomerReceivableBeforeAllowanceForCreditLoss" xlink:to="ns13_ContractWithCustomerReceivableAllowanceForCreditLoss" order="1"/>
    <link:loc xlink:label="ns13_OtherDeferredCostsGross" xlink:href="https://xbrl.fasb.org/us-gaap/2023/elts/us-gaap-2023.xsd#us-gaap_OtherDeferredCostsGross" xlink:type="locator"/>
    <link:loc xlink:label="ns13_AccumulatedAmortizationOfOtherDeferredCosts" xlink:href="https://xbrl.fasb.org/us-gaap/2023/elts/us-gaap-2023.xsd#us-gaap_AccumulatedAmortizationOfOtherDeferredCosts" xlink:type="locator"/>
    <link:definitionArc xlink:arcrole="http://www.xbrl.org/2021/arcrole/instant-contra" xlink:type="arc" xlink:from="ns13_OtherDeferredCostsGross" xlink:to="ns13_AccumulatedAmortizationOfOtherDeferredCosts" order="1"/>
    <link:loc xlink:label="ns13_ContractWithCustomerAssetGrossNoncurrent" xlink:href="https://xbrl.fasb.org/us-gaap/2023/elts/us-gaap-2023.xsd#us-gaap_ContractWithCustomerAssetGrossNoncurrent" xlink:type="locator"/>
    <link:loc xlink:label="ns13_ContractWithCustomerAssetAccumulatedAllowanceForCreditLossNoncurrent" xlink:href="https://xbrl.fasb.org/us-gaap/2023/elts/us-gaap-2023.xsd#us-gaap_ContractWithCustomerAssetAccumulatedAllowanceForCreditLossNoncurrent" xlink:type="locator"/>
    <link:definitionArc xlink:arcrole="http://www.xbrl.org/2021/arcrole/instant-contra" xlink:type="arc" xlink:from="ns13_ContractWithCustomerAssetGrossNoncurrent" xlink:to="ns13_ContractWithCustomerAssetAccumulatedAllowanceForCreditLossNoncurrent" order="1"/>
    <link:loc xlink:label="ns13_OilAndGasPropertySuccessfulEffortMethodAccumulatedDepreciationDepletionAmortizationAndImpairment" xlink:href="https://xbrl.fasb.org/us-gaap/2023/elts/us-gaap-2023.xsd#us-gaap_OilAndGasPropertySuccessfulEffortMethodAccumulatedDepreciationDepletionAmortizationAndImpairment" xlink:type="locator"/>
    <link:definitionArc xlink:arcrole="http://www.xbrl.org/2021/arcrole/instant-contra" xlink:type="arc" xlink:from="ns13_OilAndGasPropertySuccessfulEffortMethodGross" xlink:to="ns13_OilAndGasPropertySuccessfulEffortMethodAccumulatedDepreciationDepletionAmortizationAndImpairment" order="1"/>
    <link:loc xlink:label="ns13_ContractWithCustomerAssetGrossCurrent" xlink:href="https://xbrl.fasb.org/us-gaap/2023/elts/us-gaap-2023.xsd#us-gaap_ContractWithCustomerAssetGrossCurrent" xlink:type="locator"/>
    <link:loc xlink:label="ns13_ContractWithCustomerAssetAccumulatedAllowanceForCreditLossCurrent" xlink:href="https://xbrl.fasb.org/us-gaap/2023/elts/us-gaap-2023.xsd#us-gaap_ContractWithCustomerAssetAccumulatedAllowanceForCreditLossCurrent" xlink:type="locator"/>
    <link:definitionArc xlink:arcrole="http://www.xbrl.org/2021/arcrole/instant-contra" xlink:type="arc" xlink:from="ns13_ContractWithCustomerAssetGrossCurrent" xlink:to="ns13_ContractWithCustomerAssetAccumulatedAllowanceForCreditLossCurrent" order="1"/>
    <link:loc xlink:label="ns13_OilAndGasPropertyFullCostMethodGross" xlink:href="https://xbrl.fasb.org/us-gaap/2023/elts/us-gaap-2023.xsd#us-gaap_OilAndGasPropertyFullCostMethodGross" xlink:type="locator"/>
    <link:loc xlink:label="ns13_OilAndGasPropertyFullCostMethodDepletion" xlink:href="https://xbrl.fasb.org/us-gaap/2023/elts/us-gaap-2023.xsd#us-gaap_OilAndGasPropertyFullCostMethodDepletion" xlink:type="locator"/>
    <link:definitionArc xlink:arcrole="http://www.xbrl.org/2021/arcrole/instant-contra" xlink:type="arc" xlink:from="ns13_OilAndGasPropertyFullCostMethodGross" xlink:to="ns13_OilAndGasPropertyFullCostMethodDepletion" order="1"/>
    <link:loc xlink:label="ns13_FinancingReceivableAllowanceForCreditLosses" xlink:href="https://xbrl.fasb.org/us-gaap/2023/elts/us-gaap-2023.xsd#us-gaap_FinancingReceivableAllowanceForCreditLosses" xlink:type="locator"/>
    <link:definitionArc xlink:arcrole="http://www.xbrl.org/2021/arcrole/instant-contra" xlink:type="arc" xlink:from="ns13_NotesReceivableGross" xlink:to="ns13_FinancingReceivableAllowanceForCreditLosses" order="1"/>
    <link:loc xlink:label="ns13_ContractWithCustomerAssetGross" xlink:href="https://xbrl.fasb.org/us-gaap/2023/elts/us-gaap-2023.xsd#us-gaap_ContractWithCustomerAssetGross" xlink:type="locator"/>
    <link:loc xlink:label="ns13_ContractWithCustomerAssetAccumulatedAllowanceForCreditLoss" xlink:href="https://xbrl.fasb.org/us-gaap/2023/elts/us-gaap-2023.xsd#us-gaap_ContractWithCustomerAssetAccumulatedAllowanceForCreditLoss" xlink:type="locator"/>
    <link:definitionArc xlink:arcrole="http://www.xbrl.org/2021/arcrole/instant-contra" xlink:type="arc" xlink:from="ns13_ContractWithCustomerAssetGross" xlink:to="ns13_ContractWithCustomerAssetAccumulatedAllowanceForCreditLoss" order="1"/>
    <link:loc xlink:label="ns13_NotesAndLoansReceivableGrossNoncurrent" xlink:href="https://xbrl.fasb.org/us-gaap/2023/elts/us-gaap-2023.xsd#us-gaap_NotesAndLoansReceivableGrossNoncurrent" xlink:type="locator"/>
    <link:loc xlink:label="ns13_AllowanceForNotesAndLoansReceivableNoncurrent" xlink:href="https://xbrl.fasb.org/us-gaap/2023/elts/us-gaap-2023.xsd#us-gaap_AllowanceForNotesAndLoansReceivableNoncurrent" xlink:type="locator"/>
    <link:definitionArc xlink:arcrole="http://www.xbrl.org/2021/arcrole/instant-contra" xlink:type="arc" xlink:from="ns13_NotesAndLoansReceivableGrossNoncurrent" xlink:to="ns13_AllowanceForNotesAndLoansReceivableNoncurrent" order="1"/>
    <link:loc xlink:label="ns13_AvailableForSaleDebtSecuritiesAmortizedCostBasis" xlink:href="https://xbrl.fasb.org/us-gaap/2023/elts/us-gaap-2023.xsd#us-gaap_AvailableForSaleDebtSecuritiesAmortizedCostBasis" xlink:type="locator"/>
    <link:loc xlink:label="ns13_DebtSecuritiesAvailableForSaleAllowanceForCreditLoss" xlink:href="https://xbrl.fasb.org/us-gaap/2023/elts/us-gaap-2023.xsd#us-gaap_DebtSecuritiesAvailableForSaleAllowanceForCreditLoss" xlink:type="locator"/>
    <link:definitionArc xlink:arcrole="http://www.xbrl.org/2021/arcrole/instant-contra" xlink:type="arc" xlink:from="ns13_AvailableForSaleDebtSecuritiesAmortizedCostBasis" xlink:to="ns13_DebtSecuritiesAvailableForSaleAllowanceForCreditLoss" order="1"/>
    <link:loc xlink:label="ns13_NotesAndLoansReceivableGrossCurrent" xlink:href="https://xbrl.fasb.org/us-gaap/2023/elts/us-gaap-2023.xsd#us-gaap_NotesAndLoansReceivableGrossCurrent" xlink:type="locator"/>
    <link:loc xlink:label="ns13_AllowanceForNotesAndLoansReceivableCurrent" xlink:href="https://xbrl.fasb.org/us-gaap/2023/elts/us-gaap-2023.xsd#us-gaap_AllowanceForNotesAndLoansReceivableCurrent" xlink:type="locator"/>
    <link:definitionArc xlink:arcrole="http://www.xbrl.org/2021/arcrole/instant-contra" xlink:type="arc" xlink:from="ns13_NotesAndLoansReceivableGrossCurrent" xlink:to="ns13_AllowanceForNotesAndLoansReceivableCurrent" order="1"/>
    <link:loc xlink:label="ns13_AccountsReceivableGrossNoncurrent" xlink:href="https://xbrl.fasb.org/us-gaap/2023/elts/us-gaap-2023.xsd#us-gaap_AccountsReceivableGrossNoncurrent" xlink:type="locator"/>
    <link:loc xlink:label="ns13_AllowanceForDoubtfulAccountsReceivableNoncurrent" xlink:href="https://xbrl.fasb.org/us-gaap/2023/elts/us-gaap-2023.xsd#us-gaap_AllowanceForDoubtfulAccountsReceivableNoncurrent" xlink:type="locator"/>
    <link:definitionArc xlink:arcrole="http://www.xbrl.org/2021/arcrole/instant-contra" xlink:type="arc" xlink:from="ns13_AccountsReceivableGrossNoncurrent" xlink:to="ns13_AllowanceForDoubtfulAccountsReceivableNoncurrent" order="1"/>
    <link:loc xlink:label="ns13_NetInvestmentInLeaseExcludingAccruedInterestBeforeAllowanceForCreditLossNoncurrent" xlink:href="https://xbrl.fasb.org/us-gaap/2023/elts/us-gaap-2023.xsd#us-gaap_NetInvestmentInLeaseExcludingAccruedInterestBeforeAllowanceForCreditLossNoncurrent" xlink:type="locator"/>
    <link:loc xlink:label="ns13_NetInvestmentInLeaseAllowanceForCreditLossExcludingAccruedInterestNoncurrent" xlink:href="https://xbrl.fasb.org/us-gaap/2023/elts/us-gaap-2023.xsd#us-gaap_NetInvestmentInLeaseAllowanceForCreditLossExcludingAccruedInterestNoncurrent" xlink:type="locator"/>
    <link:definitionArc xlink:arcrole="http://www.xbrl.org/2021/arcrole/instant-contra" xlink:type="arc" xlink:from="ns13_NetInvestmentInLeaseExcludingAccruedInterestBeforeAllowanceForCreditLossNoncurrent" xlink:to="ns13_NetInvestmentInLeaseAllowanceForCreditLossExcludingAccruedInterestNoncurrent" order="1"/>
    <link:loc xlink:label="ns13_AccountsReceivableGrossCurrent" xlink:href="https://xbrl.fasb.org/us-gaap/2023/elts/us-gaap-2023.xsd#us-gaap_AccountsReceivableGrossCurrent" xlink:type="locator"/>
    <link:loc xlink:label="ns13_AllowanceForDoubtfulAccountsReceivableCurrent" xlink:href="https://xbrl.fasb.org/us-gaap/2023/elts/us-gaap-2023.xsd#us-gaap_AllowanceForDoubtfulAccountsReceivableCurrent" xlink:type="locator"/>
    <link:definitionArc xlink:arcrole="http://www.xbrl.org/2021/arcrole/instant-contra" xlink:type="arc" xlink:from="ns13_AccountsReceivableGrossCurrent" xlink:to="ns13_AllowanceForDoubtfulAccountsReceivableCurrent" order="1"/>
    <link:loc xlink:label="ns13_NetInvestmentInLeaseExcludingAccruedInterestBeforeAllowanceForCreditLossCurrent" xlink:href="https://xbrl.fasb.org/us-gaap/2023/elts/us-gaap-2023.xsd#us-gaap_NetInvestmentInLeaseExcludingAccruedInterestBeforeAllowanceForCreditLossCurrent" xlink:type="locator"/>
    <link:loc xlink:label="ns13_NetInvestmentInLeaseAllowanceForCreditLossExcludingAccruedInterestCurrent" xlink:href="https://xbrl.fasb.org/us-gaap/2023/elts/us-gaap-2023.xsd#us-gaap_NetInvestmentInLeaseAllowanceForCreditLossExcludingAccruedInterestCurrent" xlink:type="locator"/>
    <link:definitionArc xlink:arcrole="http://www.xbrl.org/2021/arcrole/instant-contra" xlink:type="arc" xlink:from="ns13_NetInvestmentInLeaseExcludingAccruedInterestBeforeAllowanceForCreditLossCurrent" xlink:to="ns13_NetInvestmentInLeaseAllowanceForCreditLossExcludingAccruedInterestCurrent" order="1"/>
    <link:loc xlink:label="ns13_AllowanceForDoubtfulAccountsPremiumsAndOtherReceivables" xlink:href="https://xbrl.fasb.org/us-gaap/2023/elts/us-gaap-2023.xsd#us-gaap_AllowanceForDoubtfulAccountsPremiumsAndOtherReceivables" xlink:type="locator"/>
    <link:definitionArc xlink:arcrole="http://www.xbrl.org/2021/arcrole/instant-contra" xlink:type="arc" xlink:from="ns13_AccountsReceivableGross" xlink:to="ns13_AllowanceForDoubtfulAccountsPremiumsAndOtherReceivables" order="1"/>
    <link:loc xlink:label="ns13_NetInvestmentInLeaseExcludingAccruedInterestBeforeAllowanceForCreditLoss" xlink:href="https://xbrl.fasb.org/us-gaap/2023/elts/us-gaap-2023.xsd#us-gaap_NetInvestmentInLeaseExcludingAccruedInterestBeforeAllowanceForCreditLoss" xlink:type="locator"/>
    <link:loc xlink:label="ns13_NetInvestmentInLeaseAllowanceForCreditLossExcludingAccruedInterest" xlink:href="https://xbrl.fasb.org/us-gaap/2023/elts/us-gaap-2023.xsd#us-gaap_NetInvestmentInLeaseAllowanceForCreditLossExcludingAccruedInterest" xlink:type="locator"/>
    <link:definitionArc xlink:arcrole="http://www.xbrl.org/2021/arcrole/instant-contra" xlink:type="arc" xlink:from="ns13_NetInvestmentInLeaseExcludingAccruedInterestBeforeAllowanceForCreditLoss" xlink:to="ns13_NetInvestmentInLeaseAllowanceForCreditLossExcludingAccruedInterest" order="1"/>
    <link:loc xlink:label="ns13_AccountsReceivableExcludingAccruedInterestBeforeAllowanceForCreditLossNoncurrent" xlink:href="https://xbrl.fasb.org/us-gaap/2023/elts/us-gaap-2023.xsd#us-gaap_AccountsReceivableExcludingAccruedInterestBeforeAllowanceForCreditLossNoncurrent" xlink:type="locator"/>
    <link:loc xlink:label="ns13_AccountsReceivableAllowanceForCreditLossExcludingAccruedInterestNoncurrent" xlink:href="https://xbrl.fasb.org/us-gaap/2023/elts/us-gaap-2023.xsd#us-gaap_AccountsReceivableAllowanceForCreditLossExcludingAccruedInterestNoncurrent" xlink:type="locator"/>
    <link:definitionArc xlink:arcrole="http://www.xbrl.org/2021/arcrole/instant-contra" xlink:type="arc" xlink:from="ns13_AccountsReceivableExcludingAccruedInterestBeforeAllowanceForCreditLossNoncurrent" xlink:to="ns13_AccountsReceivableAllowanceForCreditLossExcludingAccruedInterestNoncurrent" order="1"/>
    <link:loc xlink:label="ns13_NetInvestmentInLease" xlink:href="https://xbrl.fasb.org/us-gaap/2023/elts/us-gaap-2023.xsd#us-gaap_NetInvestmentInLease" xlink:type="locator"/>
    <link:loc xlink:label="ns13_NetInvestmentInLeaseAllowanceForCreditLoss" xlink:href="https://xbrl.fasb.org/us-gaap/2023/elts/us-gaap-2023.xsd#us-gaap_NetInvestmentInLeaseAllowanceForCreditLoss" xlink:type="locator"/>
    <link:definitionArc xlink:arcrole="http://www.xbrl.org/2021/arcrole/instant-contra" xlink:type="arc" xlink:from="ns13_NetInvestmentInLease" xlink:to="ns13_NetInvestmentInLeaseAllowanceForCreditLoss" order="1"/>
    <link:loc xlink:label="ns13_LoansAndLeasesReceivableNetOfDeferredIncome" xlink:href="https://xbrl.fasb.org/us-gaap/2023/elts/us-gaap-2023.xsd#us-gaap_LoansAndLeasesReceivableNetOfDeferredIncome" xlink:type="locator"/>
    <link:loc xlink:label="ns13_LoansAndLeasesReceivableAllowance" xlink:href="https://xbrl.fasb.org/us-gaap/2023/elts/us-gaap-2023.xsd#us-gaap_LoansAndLeasesReceivableAllowance" xlink:type="locator"/>
    <link:definitionArc xlink:arcrole="http://www.xbrl.org/2021/arcrole/instant-contra" xlink:type="arc" xlink:from="ns13_LoansAndLeasesReceivableNetOfDeferredIncome" xlink:to="ns13_LoansAndLeasesReceivableAllowance" order="1"/>
    <link:loc xlink:label="ns13_LoansAndLeasesReceivableGrossCarryingAmountCovered" xlink:href="https://xbrl.fasb.org/us-gaap/2023/elts/us-gaap-2023.xsd#us-gaap_LoansAndLeasesReceivableGrossCarryingAmountCovered" xlink:type="locator"/>
    <link:loc xlink:label="ns13_LoansAndLeasesReceivableAllowanceCovered" xlink:href="https://xbrl.fasb.org/us-gaap/2023/elts/us-gaap-2023.xsd#us-gaap_LoansAndLeasesReceivableAllowanceCovered" xlink:type="locator"/>
    <link:definitionArc xlink:arcrole="http://www.xbrl.org/2021/arcrole/instant-contra" xlink:type="arc" xlink:from="ns13_LoansAndLeasesReceivableGrossCarryingAmountCovered" xlink:to="ns13_LoansAndLeasesReceivableAllowanceCovered" order="1"/>
    <link:loc xlink:label="ns13_LoansAndLeasesReceivableGrossCarryingAmount" xlink:href="https://xbrl.fasb.org/us-gaap/2023/elts/us-gaap-2023.xsd#us-gaap_LoansAndLeasesReceivableGrossCarryingAmount" xlink:type="locator"/>
    <link:loc xlink:label="ns13_LoansAndLeasesReceivableDeferredIncome" xlink:href="https://xbrl.fasb.org/us-gaap/2023/elts/us-gaap-2023.xsd#us-gaap_LoansAndLeasesReceivableDeferredIncome" xlink:type="locator"/>
    <link:definitionArc xlink:arcrole="http://www.xbrl.org/2021/arcrole/instant-contra" xlink:type="arc" xlink:from="ns13_LoansAndLeasesReceivableGrossCarryingAmount" xlink:to="ns13_LoansAndLeasesReceivableDeferredIncome" order="1"/>
    <link:loc xlink:label="ns13_InventoryNet" xlink:href="https://xbrl.fasb.org/us-gaap/2023/elts/us-gaap-2023.xsd#us-gaap_InventoryNet" xlink:type="locator"/>
    <link:loc xlink:label="ns13_ProgressPaymentsNettedAgainstInventoryForLongTermContractsOrPrograms" xlink:href="https://xbrl.fasb.org/us-gaap/2023/elts/us-gaap-2023.xsd#us-gaap_ProgressPaymentsNettedAgainstInventoryForLongTermContractsOrPrograms" xlink:type="locator"/>
    <link:definitionArc xlink:arcrole="http://www.xbrl.org/2021/arcrole/instant-contra" xlink:type="arc" xlink:from="ns13_InventoryNet" xlink:to="ns13_ProgressPaymentsNettedAgainstInventoryForLongTermContractsOrPrograms" order="1"/>
  </link:definitionLink>
</link:linkbase>
