<link:linkbase xmlns:link="http://www.xbrl.org/2003/linkbase" xmlns:xlink="http://www.w3.org/1999/xlink" xmlns:xsi="http://www.w3.org/2001/XMLSchema-instance" xmlns:gen="http://xbrl.org/2008/generic" xsi:schemaLocation="http://www.xbrl.org/2003/linkbase http://www.xbrl.org/2003/xbrl-linkbase-2003-12-31.xsd http://xbrl.org/2008/generic http://www.xbrl.org/2008/generic-link.xsd">
  <link:roleRef roleURI="http://xbrl.us/metaModel/role" xlink:href="us-gaap-metaModel-2023.xsd#role" xlink:type="simple"/>
  <link:arcroleRef arcroleURI="http://www.xbrl.org/2023/arcrole/instant-contra" xlink:href="https://www.xbrl.org/lrr/arcrole/accounting-arcrole-2023-01-04.xsd#instant-contra" xlink:type="simple"/>
  <link:definitionLink xlink:role="http://xbrl.us/metaModel/role" xlink:type="extended">
    <link:loc xlink:label="ns12_FinancingReceivableExcludingAccruedInterestBeforeAllowanceForCreditLossCurrent" xlink:href="https://xbrl.fasb.org/us-gaap/2023/elts/us-gaap-2023.xsd#us-gaap_FinancingReceivableExcludingAccruedInterestBeforeAllowanceForCreditLossCurrent" xlink:type="locator"/>
    <link:loc xlink:label="ns12_FinancingReceivableAllowanceForCreditLossExcludingAccruedInterestCurrent" xlink:href="https://xbrl.fasb.org/us-gaap/2023/elts/us-gaap-2023.xsd#us-gaap_FinancingReceivableAllowanceForCreditLossExcludingAccruedInterestCurrent" xlink:type="locator"/>
    <link:definitionArc xlink:arcrole="http://www.xbrl.org/2023/arcrole/instant-contra" xlink:type="arc" xlink:from="ns12_FinancingReceivableExcludingAccruedInterestBeforeAllowanceForCreditLossCurrent" xlink:to="ns12_FinancingReceivableAllowanceForCreditLossExcludingAccruedInterestCurrent" order="1"/>
    <link:loc xlink:label="ns12_RecordedThirdPartyEnvironmentalRecoveriesUndiscounted" xlink:href="https://xbrl.fasb.org/us-gaap/2023/elts/us-gaap-2023.xsd#us-gaap_RecordedThirdPartyEnvironmentalRecoveriesUndiscounted" xlink:type="locator"/>
    <link:loc xlink:label="ns12_RecordedThirdPartyEnvironmentalRecoveriesDiscount" xlink:href="https://xbrl.fasb.org/us-gaap/2023/elts/us-gaap-2023.xsd#us-gaap_RecordedThirdPartyEnvironmentalRecoveriesDiscount" xlink:type="locator"/>
    <link:definitionArc xlink:arcrole="http://www.xbrl.org/2023/arcrole/instant-contra" xlink:type="arc" xlink:from="ns12_RecordedThirdPartyEnvironmentalRecoveriesUndiscounted" xlink:to="ns12_RecordedThirdPartyEnvironmentalRecoveriesDiscount" order="1"/>
    <link:loc xlink:label="ns12_FiniteLivedIntangibleAssetsGross" xlink:href="https://xbrl.fasb.org/us-gaap/2023/elts/us-gaap-2023.xsd#us-gaap_FiniteLivedIntangibleAssetsGross" xlink:type="locator"/>
    <link:loc xlink:label="ns12_FiniteLivedIntangibleAssetsAccumulatedAmortization" xlink:href="https://xbrl.fasb.org/us-gaap/2023/elts/us-gaap-2023.xsd#us-gaap_FiniteLivedIntangibleAssetsAccumulatedAmortization" xlink:type="locator"/>
    <link:definitionArc xlink:arcrole="http://www.xbrl.org/2023/arcrole/instant-contra" xlink:type="arc" xlink:from="ns12_FiniteLivedIntangibleAssetsGross" xlink:to="ns12_FiniteLivedIntangibleAssetsAccumulatedAmortization" order="1"/>
    <link:loc xlink:label="ns12_DebtSecuritiesAvailableForSaleAmortizedCostExcludingAccruedInterestBeforeAllowanceForCreditLoss" xlink:href="https://xbrl.fasb.org/us-gaap/2023/elts/us-gaap-2023.xsd#us-gaap_DebtSecuritiesAvailableForSaleAmortizedCostExcludingAccruedInterestBeforeAllowanceForCreditLoss" xlink:type="locator"/>
    <link:loc xlink:label="ns12_DebtSecuritiesAvailableForSaleAmortizedCostAllowanceForCreditLossExcludingAccruedInterest" xlink:href="https://xbrl.fasb.org/us-gaap/2023/elts/us-gaap-2023.xsd#us-gaap_DebtSecuritiesAvailableForSaleAmortizedCostAllowanceForCreditLossExcludingAccruedInterest" xlink:type="locator"/>
    <link:definitionArc xlink:arcrole="http://www.xbrl.org/2023/arcrole/instant-contra" xlink:type="arc" xlink:from="ns12_DebtSecuritiesAvailableForSaleAmortizedCostExcludingAccruedInterestBeforeAllowanceForCreditLoss" xlink:to="ns12_DebtSecuritiesAvailableForSaleAmortizedCostAllowanceForCreditLossExcludingAccruedInterest" order="1"/>
    <link:loc xlink:label="ns12_RealEstateAssetsHeldForDevelopmentAndSale" xlink:href="https://xbrl.fasb.org/us-gaap/2023/elts/us-gaap-2023.xsd#us-gaap_RealEstateAssetsHeldForDevelopmentAndSale" xlink:type="locator"/>
    <link:loc xlink:label="ns12_RealEstateLiabilitiesAssociatedWithAssetsHeldForDevelopmentAndSale" xlink:href="https://xbrl.fasb.org/us-gaap/2023/elts/us-gaap-2023.xsd#us-gaap_RealEstateLiabilitiesAssociatedWithAssetsHeldForDevelopmentAndSale" xlink:type="locator"/>
    <link:definitionArc xlink:arcrole="http://www.xbrl.org/2023/arcrole/instant-contra" xlink:type="arc" xlink:from="ns12_RealEstateAssetsHeldForDevelopmentAndSale" xlink:to="ns12_RealEstateLiabilitiesAssociatedWithAssetsHeldForDevelopmentAndSale" order="1"/>
    <link:loc xlink:label="ns12_PropertyPlantAndEquipmentGross" xlink:href="https://xbrl.fasb.org/us-gaap/2023/elts/us-gaap-2023.xsd#us-gaap_PropertyPlantAndEquipmentGross" xlink:type="locator"/>
    <link:loc xlink:label="ns12_AccumulatedDepreciationDepletionAndAmortizationPropertyPlantAndEquipment" xlink:href="https://xbrl.fasb.org/us-gaap/2023/elts/us-gaap-2023.xsd#us-gaap_AccumulatedDepreciationDepletionAndAmortizationPropertyPlantAndEquipment" xlink:type="locator"/>
    <link:definitionArc xlink:arcrole="http://www.xbrl.org/2023/arcrole/instant-contra" xlink:type="arc" xlink:from="ns12_PropertyPlantAndEquipmentGross" xlink:to="ns12_AccumulatedDepreciationDepletionAndAmortizationPropertyPlantAndEquipment" order="1"/>
    <link:loc xlink:label="ns12_DebtSecuritiesAvailableForSaleAmortizedCostCurrent" xlink:href="https://xbrl.fasb.org/us-gaap/2023/elts/us-gaap-2023.xsd#us-gaap_DebtSecuritiesAvailableForSaleAmortizedCostCurrent" xlink:type="locator"/>
    <link:loc xlink:label="ns12_DebtSecuritiesAvailableForSaleAllowanceForCreditLossCurrent" xlink:href="https://xbrl.fasb.org/us-gaap/2023/elts/us-gaap-2023.xsd#us-gaap_DebtSecuritiesAvailableForSaleAllowanceForCreditLossCurrent" xlink:type="locator"/>
    <link:definitionArc xlink:arcrole="http://www.xbrl.org/2023/arcrole/instant-contra" xlink:type="arc" xlink:from="ns12_DebtSecuritiesAvailableForSaleAmortizedCostCurrent" xlink:to="ns12_DebtSecuritiesAvailableForSaleAllowanceForCreditLossCurrent" order="1"/>
    <link:loc xlink:label="ns12_PropertyPlantAndEquipmentAndFinanceLeaseRightOfUseAssetBeforeAccumulatedDepreciationAndAmortization" xlink:href="https://xbrl.fasb.org/us-gaap/2023/elts/us-gaap-2023.xsd#us-gaap_PropertyPlantAndEquipmentAndFinanceLeaseRightOfUseAssetBeforeAccumulatedDepreciationAndAmortization" xlink:type="locator"/>
    <link:loc xlink:label="ns12_PropertyPlantAndEquipmentAndFinanceLeaseRightOfUseAssetAccumulatedDepreciationAndAmortization" xlink:href="https://xbrl.fasb.org/us-gaap/2023/elts/us-gaap-2023.xsd#us-gaap_PropertyPlantAndEquipmentAndFinanceLeaseRightOfUseAssetAccumulatedDepreciationAndAmortization" xlink:type="locator"/>
    <link:definitionArc xlink:arcrole="http://www.xbrl.org/2023/arcrole/instant-contra" xlink:type="arc" xlink:from="ns12_PropertyPlantAndEquipmentAndFinanceLeaseRightOfUseAssetBeforeAccumulatedDepreciationAndAmortization" xlink:to="ns12_PropertyPlantAndEquipmentAndFinanceLeaseRightOfUseAssetAccumulatedDepreciationAndAmortization" order="1"/>
    <link:loc xlink:label="ns12_DebtIssuanceCostsLineOfCreditArrangementsGross" xlink:href="https://xbrl.fasb.org/us-gaap/2023/elts/us-gaap-2023.xsd#us-gaap_DebtIssuanceCostsLineOfCreditArrangementsGross" xlink:type="locator"/>
    <link:loc xlink:label="ns12_AccumulatedAmortizationOfDebtIssuanceCostsLineOfCreditArrangements" xlink:href="https://xbrl.fasb.org/us-gaap/2023/elts/us-gaap-2023.xsd#us-gaap_AccumulatedAmortizationOfDebtIssuanceCostsLineOfCreditArrangements" xlink:type="locator"/>
    <link:definitionArc xlink:arcrole="http://www.xbrl.org/2023/arcrole/instant-contra" xlink:type="arc" xlink:from="ns12_DebtIssuanceCostsLineOfCreditArrangementsGross" xlink:to="ns12_AccumulatedAmortizationOfDebtIssuanceCostsLineOfCreditArrangements" order="1"/>
    <link:loc xlink:label="ns12_PresentValueOfFutureInsuranceProfitsGross" xlink:href="https://xbrl.fasb.org/us-gaap/2023/elts/us-gaap-2023.xsd#us-gaap_PresentValueOfFutureInsuranceProfitsGross" xlink:type="locator"/>
    <link:loc xlink:label="ns12_PresentValueOfFutureInsuranceProfitsAccumulatedAmortization" xlink:href="https://xbrl.fasb.org/us-gaap/2023/elts/us-gaap-2023.xsd#us-gaap_PresentValueOfFutureInsuranceProfitsAccumulatedAmortization" xlink:type="locator"/>
    <link:definitionArc xlink:arcrole="http://www.xbrl.org/2023/arcrole/instant-contra" xlink:type="arc" xlink:from="ns12_PresentValueOfFutureInsuranceProfitsGross" xlink:to="ns12_PresentValueOfFutureInsuranceProfitsAccumulatedAmortization" order="1"/>
    <link:loc xlink:label="ns12_PremiumsReceivableGross" xlink:href="https://xbrl.fasb.org/us-gaap/2023/elts/us-gaap-2023.xsd#us-gaap_PremiumsReceivableGross" xlink:type="locator"/>
    <link:loc xlink:label="ns12_PremiumsReceivableAllowanceForDoubtfulAccounts" xlink:href="https://xbrl.fasb.org/us-gaap/2023/elts/us-gaap-2023.xsd#us-gaap_PremiumsReceivableAllowanceForDoubtfulAccounts" xlink:type="locator"/>
    <link:definitionArc xlink:arcrole="http://www.xbrl.org/2023/arcrole/instant-contra" xlink:type="arc" xlink:from="ns12_PremiumsReceivableGross" xlink:to="ns12_PremiumsReceivableAllowanceForDoubtfulAccounts" order="1"/>
    <link:loc xlink:label="ns12_CustomersLiabilityForAcceptancesGross" xlink:href="https://xbrl.fasb.org/us-gaap/2023/elts/us-gaap-2023.xsd#us-gaap_CustomersLiabilityForAcceptancesGross" xlink:type="locator"/>
    <link:loc xlink:label="ns12_AllowanceForUncollectibleCustomersLiabilityForAcceptances" xlink:href="https://xbrl.fasb.org/us-gaap/2023/elts/us-gaap-2023.xsd#us-gaap_AllowanceForUncollectibleCustomersLiabilityForAcceptances" xlink:type="locator"/>
    <link:definitionArc xlink:arcrole="http://www.xbrl.org/2023/arcrole/instant-contra" xlink:type="arc" xlink:from="ns12_CustomersLiabilityForAcceptancesGross" xlink:to="ns12_AllowanceForUncollectibleCustomersLiabilityForAcceptances" order="1"/>
    <link:loc xlink:label="ns12_OtherReceivablesGrossCurrent" xlink:href="https://xbrl.fasb.org/us-gaap/2023/elts/us-gaap-2023.xsd#us-gaap_OtherReceivablesGrossCurrent" xlink:type="locator"/>
    <link:loc xlink:label="ns12_AllowanceForDoubtfulOtherReceivablesCurrent" xlink:href="https://xbrl.fasb.org/us-gaap/2023/elts/us-gaap-2023.xsd#us-gaap_AllowanceForDoubtfulOtherReceivablesCurrent" xlink:type="locator"/>
    <link:definitionArc xlink:arcrole="http://www.xbrl.org/2023/arcrole/instant-contra" xlink:type="arc" xlink:from="ns12_OtherReceivablesGrossCurrent" xlink:to="ns12_AllowanceForDoubtfulOtherReceivablesCurrent" order="1"/>
    <link:loc xlink:label="ns12_ContractWithCustomerReceivableBeforeAllowanceForCreditLossNoncurrent" xlink:href="https://xbrl.fasb.org/us-gaap/2023/elts/us-gaap-2023.xsd#us-gaap_ContractWithCustomerReceivableBeforeAllowanceForCreditLossNoncurrent" xlink:type="locator"/>
    <link:loc xlink:label="ns12_ContractWithCustomerReceivableAllowanceForCreditLossNoncurrent" xlink:href="https://xbrl.fasb.org/us-gaap/2023/elts/us-gaap-2023.xsd#us-gaap_ContractWithCustomerReceivableAllowanceForCreditLossNoncurrent" xlink:type="locator"/>
    <link:definitionArc xlink:arcrole="http://www.xbrl.org/2023/arcrole/instant-contra" xlink:type="arc" xlink:from="ns12_ContractWithCustomerReceivableBeforeAllowanceForCreditLossNoncurrent" xlink:to="ns12_ContractWithCustomerReceivableAllowanceForCreditLossNoncurrent" order="1"/>
    <link:loc xlink:label="ns12_OtherDeferredCostsGross" xlink:href="https://xbrl.fasb.org/us-gaap/2023/elts/us-gaap-2023.xsd#us-gaap_OtherDeferredCostsGross" xlink:type="locator"/>
    <link:loc xlink:label="ns12_AccumulatedAmortizationOfOtherDeferredCosts" xlink:href="https://xbrl.fasb.org/us-gaap/2023/elts/us-gaap-2023.xsd#us-gaap_AccumulatedAmortizationOfOtherDeferredCosts" xlink:type="locator"/>
    <link:definitionArc xlink:arcrole="http://www.xbrl.org/2023/arcrole/instant-contra" xlink:type="arc" xlink:from="ns12_OtherDeferredCostsGross" xlink:to="ns12_AccumulatedAmortizationOfOtherDeferredCosts" order="1"/>
    <link:loc xlink:label="ns12_ContractWithCustomerReceivableBeforeAllowanceForCreditLossCurrent" xlink:href="https://xbrl.fasb.org/us-gaap/2023/elts/us-gaap-2023.xsd#us-gaap_ContractWithCustomerReceivableBeforeAllowanceForCreditLossCurrent" xlink:type="locator"/>
    <link:loc xlink:label="ns12_ContractWithCustomerReceivableAllowanceForCreditLossCurrent" xlink:href="https://xbrl.fasb.org/us-gaap/2023/elts/us-gaap-2023.xsd#us-gaap_ContractWithCustomerReceivableAllowanceForCreditLossCurrent" xlink:type="locator"/>
    <link:definitionArc xlink:arcrole="http://www.xbrl.org/2023/arcrole/instant-contra" xlink:type="arc" xlink:from="ns12_ContractWithCustomerReceivableBeforeAllowanceForCreditLossCurrent" xlink:to="ns12_ContractWithCustomerReceivableAllowanceForCreditLossCurrent" order="1"/>
    <link:loc xlink:label="ns12_OilAndGasPropertySuccessfulEffortMethodGross" xlink:href="https://xbrl.fasb.org/us-gaap/2023/elts/us-gaap-2023.xsd#us-gaap_OilAndGasPropertySuccessfulEffortMethodGross" xlink:type="locator"/>
    <link:loc xlink:label="ns12_OilAndGasPropertySuccessfulEffortMethodAccumulatedDepreciationDepletionAmortizationAndImpairment" xlink:href="https://xbrl.fasb.org/us-gaap/2023/elts/us-gaap-2023.xsd#us-gaap_OilAndGasPropertySuccessfulEffortMethodAccumulatedDepreciationDepletionAmortizationAndImpairment" xlink:type="locator"/>
    <link:definitionArc xlink:arcrole="http://www.xbrl.org/2023/arcrole/instant-contra" xlink:type="arc" xlink:from="ns12_OilAndGasPropertySuccessfulEffortMethodGross" xlink:to="ns12_OilAndGasPropertySuccessfulEffortMethodAccumulatedDepreciationDepletionAmortizationAndImpairment" order="1"/>
    <link:loc xlink:label="ns12_ContractWithCustomerReceivableBeforeAllowanceForCreditLoss" xlink:href="https://xbrl.fasb.org/us-gaap/2023/elts/us-gaap-2023.xsd#us-gaap_ContractWithCustomerReceivableBeforeAllowanceForCreditLoss" xlink:type="locator"/>
    <link:loc xlink:label="ns12_ContractWithCustomerReceivableAllowanceForCreditLoss" xlink:href="https://xbrl.fasb.org/us-gaap/2023/elts/us-gaap-2023.xsd#us-gaap_ContractWithCustomerReceivableAllowanceForCreditLoss" xlink:type="locator"/>
    <link:definitionArc xlink:arcrole="http://www.xbrl.org/2023/arcrole/instant-contra" xlink:type="arc" xlink:from="ns12_ContractWithCustomerReceivableBeforeAllowanceForCreditLoss" xlink:to="ns12_ContractWithCustomerReceivableAllowanceForCreditLoss" order="1"/>
    <link:loc xlink:label="ns12_OilAndGasPropertyFullCostMethodGross" xlink:href="https://xbrl.fasb.org/us-gaap/2023/elts/us-gaap-2023.xsd#us-gaap_OilAndGasPropertyFullCostMethodGross" xlink:type="locator"/>
    <link:loc xlink:label="ns12_OilAndGasPropertyFullCostMethodDepletion" xlink:href="https://xbrl.fasb.org/us-gaap/2023/elts/us-gaap-2023.xsd#us-gaap_OilAndGasPropertyFullCostMethodDepletion" xlink:type="locator"/>
    <link:definitionArc xlink:arcrole="http://www.xbrl.org/2023/arcrole/instant-contra" xlink:type="arc" xlink:from="ns12_OilAndGasPropertyFullCostMethodGross" xlink:to="ns12_OilAndGasPropertyFullCostMethodDepletion" order="1"/>
    <link:loc xlink:label="ns12_ContractWithCustomerAssetGrossNoncurrent" xlink:href="https://xbrl.fasb.org/us-gaap/2023/elts/us-gaap-2023.xsd#us-gaap_ContractWithCustomerAssetGrossNoncurrent" xlink:type="locator"/>
    <link:loc xlink:label="ns12_ContractWithCustomerAssetAccumulatedAllowanceForCreditLossNoncurrent" xlink:href="https://xbrl.fasb.org/us-gaap/2023/elts/us-gaap-2023.xsd#us-gaap_ContractWithCustomerAssetAccumulatedAllowanceForCreditLossNoncurrent" xlink:type="locator"/>
    <link:definitionArc xlink:arcrole="http://www.xbrl.org/2023/arcrole/instant-contra" xlink:type="arc" xlink:from="ns12_ContractWithCustomerAssetGrossNoncurrent" xlink:to="ns12_ContractWithCustomerAssetAccumulatedAllowanceForCreditLossNoncurrent" order="1"/>
    <link:loc xlink:label="ns12_NotesReceivableGross" xlink:href="https://xbrl.fasb.org/us-gaap/2023/elts/us-gaap-2023.xsd#us-gaap_NotesReceivableGross" xlink:type="locator"/>
    <link:loc xlink:label="ns12_FinancingReceivableAllowanceForCreditLosses" xlink:href="https://xbrl.fasb.org/us-gaap/2023/elts/us-gaap-2023.xsd#us-gaap_FinancingReceivableAllowanceForCreditLosses" xlink:type="locator"/>
    <link:definitionArc xlink:arcrole="http://www.xbrl.org/2023/arcrole/instant-contra" xlink:type="arc" xlink:from="ns12_NotesReceivableGross" xlink:to="ns12_FinancingReceivableAllowanceForCreditLosses" order="1"/>
    <link:loc xlink:label="ns12_NotesAndLoansReceivableGrossNoncurrent" xlink:href="https://xbrl.fasb.org/us-gaap/2023/elts/us-gaap-2023.xsd#us-gaap_NotesAndLoansReceivableGrossNoncurrent" xlink:type="locator"/>
    <link:loc xlink:label="ns12_AllowanceForNotesAndLoansReceivableNoncurrent" xlink:href="https://xbrl.fasb.org/us-gaap/2023/elts/us-gaap-2023.xsd#us-gaap_AllowanceForNotesAndLoansReceivableNoncurrent" xlink:type="locator"/>
    <link:definitionArc xlink:arcrole="http://www.xbrl.org/2023/arcrole/instant-contra" xlink:type="arc" xlink:from="ns12_NotesAndLoansReceivableGrossNoncurrent" xlink:to="ns12_AllowanceForNotesAndLoansReceivableNoncurrent" order="1"/>
    <link:loc xlink:label="ns12_ContractWithCustomerAssetGrossCurrent" xlink:href="https://xbrl.fasb.org/us-gaap/2023/elts/us-gaap-2023.xsd#us-gaap_ContractWithCustomerAssetGrossCurrent" xlink:type="locator"/>
    <link:loc xlink:label="ns12_ContractWithCustomerAssetAccumulatedAllowanceForCreditLossCurrent" xlink:href="https://xbrl.fasb.org/us-gaap/2023/elts/us-gaap-2023.xsd#us-gaap_ContractWithCustomerAssetAccumulatedAllowanceForCreditLossCurrent" xlink:type="locator"/>
    <link:definitionArc xlink:arcrole="http://www.xbrl.org/2023/arcrole/instant-contra" xlink:type="arc" xlink:from="ns12_ContractWithCustomerAssetGrossCurrent" xlink:to="ns12_ContractWithCustomerAssetAccumulatedAllowanceForCreditLossCurrent" order="1"/>
    <link:loc xlink:label="ns12_NotesAndLoansReceivableGrossCurrent" xlink:href="https://xbrl.fasb.org/us-gaap/2023/elts/us-gaap-2023.xsd#us-gaap_NotesAndLoansReceivableGrossCurrent" xlink:type="locator"/>
    <link:loc xlink:label="ns12_AllowanceForNotesAndLoansReceivableCurrent" xlink:href="https://xbrl.fasb.org/us-gaap/2023/elts/us-gaap-2023.xsd#us-gaap_AllowanceForNotesAndLoansReceivableCurrent" xlink:type="locator"/>
    <link:definitionArc xlink:arcrole="http://www.xbrl.org/2023/arcrole/instant-contra" xlink:type="arc" xlink:from="ns12_NotesAndLoansReceivableGrossCurrent" xlink:to="ns12_AllowanceForNotesAndLoansReceivableCurrent" order="1"/>
    <link:loc xlink:label="ns12_ContractWithCustomerAssetGross" xlink:href="https://xbrl.fasb.org/us-gaap/2023/elts/us-gaap-2023.xsd#us-gaap_ContractWithCustomerAssetGross" xlink:type="locator"/>
    <link:loc xlink:label="ns12_ContractWithCustomerAssetAccumulatedAllowanceForCreditLoss" xlink:href="https://xbrl.fasb.org/us-gaap/2023/elts/us-gaap-2023.xsd#us-gaap_ContractWithCustomerAssetAccumulatedAllowanceForCreditLoss" xlink:type="locator"/>
    <link:definitionArc xlink:arcrole="http://www.xbrl.org/2023/arcrole/instant-contra" xlink:type="arc" xlink:from="ns12_ContractWithCustomerAssetGross" xlink:to="ns12_ContractWithCustomerAssetAccumulatedAllowanceForCreditLoss" order="1"/>
    <link:loc xlink:label="ns12_NetInvestmentInLeaseExcludingAccruedInterestBeforeAllowanceForCreditLossNoncurrent" xlink:href="https://xbrl.fasb.org/us-gaap/2023/elts/us-gaap-2023.xsd#us-gaap_NetInvestmentInLeaseExcludingAccruedInterestBeforeAllowanceForCreditLossNoncurrent" xlink:type="locator"/>
    <link:loc xlink:label="ns12_NetInvestmentInLeaseAllowanceForCreditLossExcludingAccruedInterestNoncurrent" xlink:href="https://xbrl.fasb.org/us-gaap/2023/elts/us-gaap-2023.xsd#us-gaap_NetInvestmentInLeaseAllowanceForCreditLossExcludingAccruedInterestNoncurrent" xlink:type="locator"/>
    <link:definitionArc xlink:arcrole="http://www.xbrl.org/2023/arcrole/instant-contra" xlink:type="arc" xlink:from="ns12_NetInvestmentInLeaseExcludingAccruedInterestBeforeAllowanceForCreditLossNoncurrent" xlink:to="ns12_NetInvestmentInLeaseAllowanceForCreditLossExcludingAccruedInterestNoncurrent" order="1"/>
    <link:loc xlink:label="ns12_AvailableForSaleDebtSecuritiesAmortizedCostBasis" xlink:href="https://xbrl.fasb.org/us-gaap/2023/elts/us-gaap-2023.xsd#us-gaap_AvailableForSaleDebtSecuritiesAmortizedCostBasis" xlink:type="locator"/>
    <link:loc xlink:label="ns12_DebtSecuritiesAvailableForSaleAllowanceForCreditLoss" xlink:href="https://xbrl.fasb.org/us-gaap/2023/elts/us-gaap-2023.xsd#us-gaap_DebtSecuritiesAvailableForSaleAllowanceForCreditLoss" xlink:type="locator"/>
    <link:definitionArc xlink:arcrole="http://www.xbrl.org/2023/arcrole/instant-contra" xlink:type="arc" xlink:from="ns12_AvailableForSaleDebtSecuritiesAmortizedCostBasis" xlink:to="ns12_DebtSecuritiesAvailableForSaleAllowanceForCreditLoss" order="1"/>
    <link:loc xlink:label="ns12_NetInvestmentInLeaseExcludingAccruedInterestBeforeAllowanceForCreditLossCurrent" xlink:href="https://xbrl.fasb.org/us-gaap/2023/elts/us-gaap-2023.xsd#us-gaap_NetInvestmentInLeaseExcludingAccruedInterestBeforeAllowanceForCreditLossCurrent" xlink:type="locator"/>
    <link:loc xlink:label="ns12_NetInvestmentInLeaseAllowanceForCreditLossExcludingAccruedInterestCurrent" xlink:href="https://xbrl.fasb.org/us-gaap/2023/elts/us-gaap-2023.xsd#us-gaap_NetInvestmentInLeaseAllowanceForCreditLossExcludingAccruedInterestCurrent" xlink:type="locator"/>
    <link:definitionArc xlink:arcrole="http://www.xbrl.org/2023/arcrole/instant-contra" xlink:type="arc" xlink:from="ns12_NetInvestmentInLeaseExcludingAccruedInterestBeforeAllowanceForCreditLossCurrent" xlink:to="ns12_NetInvestmentInLeaseAllowanceForCreditLossExcludingAccruedInterestCurrent" order="1"/>
    <link:loc xlink:label="ns12_AccountsReceivableGrossNoncurrent" xlink:href="https://xbrl.fasb.org/us-gaap/2023/elts/us-gaap-2023.xsd#us-gaap_AccountsReceivableGrossNoncurrent" xlink:type="locator"/>
    <link:loc xlink:label="ns12_AllowanceForDoubtfulAccountsReceivableNoncurrent" xlink:href="https://xbrl.fasb.org/us-gaap/2023/elts/us-gaap-2023.xsd#us-gaap_AllowanceForDoubtfulAccountsReceivableNoncurrent" xlink:type="locator"/>
    <link:definitionArc xlink:arcrole="http://www.xbrl.org/2023/arcrole/instant-contra" xlink:type="arc" xlink:from="ns12_AccountsReceivableGrossNoncurrent" xlink:to="ns12_AllowanceForDoubtfulAccountsReceivableNoncurrent" order="1"/>
    <link:loc xlink:label="ns12_NetInvestmentInLeaseExcludingAccruedInterestBeforeAllowanceForCreditLoss" xlink:href="https://xbrl.fasb.org/us-gaap/2023/elts/us-gaap-2023.xsd#us-gaap_NetInvestmentInLeaseExcludingAccruedInterestBeforeAllowanceForCreditLoss" xlink:type="locator"/>
    <link:loc xlink:label="ns12_NetInvestmentInLeaseAllowanceForCreditLossExcludingAccruedInterest" xlink:href="https://xbrl.fasb.org/us-gaap/2023/elts/us-gaap-2023.xsd#us-gaap_NetInvestmentInLeaseAllowanceForCreditLossExcludingAccruedInterest" xlink:type="locator"/>
    <link:definitionArc xlink:arcrole="http://www.xbrl.org/2023/arcrole/instant-contra" xlink:type="arc" xlink:from="ns12_NetInvestmentInLeaseExcludingAccruedInterestBeforeAllowanceForCreditLoss" xlink:to="ns12_NetInvestmentInLeaseAllowanceForCreditLossExcludingAccruedInterest" order="1"/>
    <link:loc xlink:label="ns12_AccountsReceivableGrossCurrent" xlink:href="https://xbrl.fasb.org/us-gaap/2023/elts/us-gaap-2023.xsd#us-gaap_AccountsReceivableGrossCurrent" xlink:type="locator"/>
    <link:loc xlink:label="ns12_AllowanceForDoubtfulAccountsReceivableCurrent" xlink:href="https://xbrl.fasb.org/us-gaap/2023/elts/us-gaap-2023.xsd#us-gaap_AllowanceForDoubtfulAccountsReceivableCurrent" xlink:type="locator"/>
    <link:definitionArc xlink:arcrole="http://www.xbrl.org/2023/arcrole/instant-contra" xlink:type="arc" xlink:from="ns12_AccountsReceivableGrossCurrent" xlink:to="ns12_AllowanceForDoubtfulAccountsReceivableCurrent" order="1"/>
    <link:loc xlink:label="ns12_NetInvestmentInLease" xlink:href="https://xbrl.fasb.org/us-gaap/2023/elts/us-gaap-2023.xsd#us-gaap_NetInvestmentInLease" xlink:type="locator"/>
    <link:loc xlink:label="ns12_NetInvestmentInLeaseAllowanceForCreditLoss" xlink:href="https://xbrl.fasb.org/us-gaap/2023/elts/us-gaap-2023.xsd#us-gaap_NetInvestmentInLeaseAllowanceForCreditLoss" xlink:type="locator"/>
    <link:definitionArc xlink:arcrole="http://www.xbrl.org/2023/arcrole/instant-contra" xlink:type="arc" xlink:from="ns12_NetInvestmentInLease" xlink:to="ns12_NetInvestmentInLeaseAllowanceForCreditLoss" order="1"/>
    <link:loc xlink:label="ns12_AccountsReceivableGross" xlink:href="https://xbrl.fasb.org/us-gaap/2023/elts/us-gaap-2023.xsd#us-gaap_AccountsReceivableGross" xlink:type="locator"/>
    <link:loc xlink:label="ns12_AllowanceForDoubtfulAccountsPremiumsAndOtherReceivables" xlink:href="https://xbrl.fasb.org/us-gaap/2023/elts/us-gaap-2023.xsd#us-gaap_AllowanceForDoubtfulAccountsPremiumsAndOtherReceivables" xlink:type="locator"/>
    <link:definitionArc xlink:arcrole="http://www.xbrl.org/2023/arcrole/instant-contra" xlink:type="arc" xlink:from="ns12_AccountsReceivableGross" xlink:to="ns12_AllowanceForDoubtfulAccountsPremiumsAndOtherReceivables" order="1"/>
    <link:loc xlink:label="ns12_AccountsReceivableExcludingAccruedInterestBeforeAllowanceForCreditLossNoncurrent" xlink:href="https://xbrl.fasb.org/us-gaap/2023/elts/us-gaap-2023.xsd#us-gaap_AccountsReceivableExcludingAccruedInterestBeforeAllowanceForCreditLossNoncurrent" xlink:type="locator"/>
    <link:loc xlink:label="ns12_AccountsReceivableAllowanceForCreditLossExcludingAccruedInterestNoncurrent" xlink:href="https://xbrl.fasb.org/us-gaap/2023/elts/us-gaap-2023.xsd#us-gaap_AccountsReceivableAllowanceForCreditLossExcludingAccruedInterestNoncurrent" xlink:type="locator"/>
    <link:definitionArc xlink:arcrole="http://www.xbrl.org/2023/arcrole/instant-contra" xlink:type="arc" xlink:from="ns12_AccountsReceivableExcludingAccruedInterestBeforeAllowanceForCreditLossNoncurrent" xlink:to="ns12_AccountsReceivableAllowanceForCreditLossExcludingAccruedInterestNoncurrent" order="1"/>
    <link:loc xlink:label="ns12_LoansAndLeasesReceivableNetOfDeferredIncome" xlink:href="https://xbrl.fasb.org/us-gaap/2023/elts/us-gaap-2023.xsd#us-gaap_LoansAndLeasesReceivableNetOfDeferredIncome" xlink:type="locator"/>
    <link:loc xlink:label="ns12_LoansAndLeasesReceivableAllowance" xlink:href="https://xbrl.fasb.org/us-gaap/2023/elts/us-gaap-2023.xsd#us-gaap_LoansAndLeasesReceivableAllowance" xlink:type="locator"/>
    <link:definitionArc xlink:arcrole="http://www.xbrl.org/2023/arcrole/instant-contra" xlink:type="arc" xlink:from="ns12_LoansAndLeasesReceivableNetOfDeferredIncome" xlink:to="ns12_LoansAndLeasesReceivableAllowance" order="1"/>
    <link:loc xlink:label="ns12_LoansAndLeasesReceivableGrossCarryingAmountCovered" xlink:href="https://xbrl.fasb.org/us-gaap/2023/elts/us-gaap-2023.xsd#us-gaap_LoansAndLeasesReceivableGrossCarryingAmountCovered" xlink:type="locator"/>
    <link:loc xlink:label="ns12_LoansAndLeasesReceivableAllowanceCovered" xlink:href="https://xbrl.fasb.org/us-gaap/2023/elts/us-gaap-2023.xsd#us-gaap_LoansAndLeasesReceivableAllowanceCovered" xlink:type="locator"/>
    <link:definitionArc xlink:arcrole="http://www.xbrl.org/2023/arcrole/instant-contra" xlink:type="arc" xlink:from="ns12_LoansAndLeasesReceivableGrossCarryingAmountCovered" xlink:to="ns12_LoansAndLeasesReceivableAllowanceCovered" order="1"/>
    <link:loc xlink:label="ns12_LoansAndLeasesReceivableGrossCarryingAmount" xlink:href="https://xbrl.fasb.org/us-gaap/2023/elts/us-gaap-2023.xsd#us-gaap_LoansAndLeasesReceivableGrossCarryingAmount" xlink:type="locator"/>
    <link:loc xlink:label="ns12_LoansAndLeasesReceivableDeferredIncome" xlink:href="https://xbrl.fasb.org/us-gaap/2023/elts/us-gaap-2023.xsd#us-gaap_LoansAndLeasesReceivableDeferredIncome" xlink:type="locator"/>
    <link:definitionArc xlink:arcrole="http://www.xbrl.org/2023/arcrole/instant-contra" xlink:type="arc" xlink:from="ns12_LoansAndLeasesReceivableGrossCarryingAmount" xlink:to="ns12_LoansAndLeasesReceivableDeferredIncome" order="1"/>
    <link:loc xlink:label="ns12_InventoryNet" xlink:href="https://xbrl.fasb.org/us-gaap/2023/elts/us-gaap-2023.xsd#us-gaap_InventoryNet" xlink:type="locator"/>
    <link:loc xlink:label="ns12_ProgressPaymentsNettedAgainstInventoryForLongTermContractsOrPrograms" xlink:href="https://xbrl.fasb.org/us-gaap/2023/elts/us-gaap-2023.xsd#us-gaap_ProgressPaymentsNettedAgainstInventoryForLongTermContractsOrPrograms" xlink:type="locator"/>
    <link:definitionArc xlink:arcrole="http://www.xbrl.org/2023/arcrole/instant-contra" xlink:type="arc" xlink:from="ns12_InventoryNet" xlink:to="ns12_ProgressPaymentsNettedAgainstInventoryForLongTermContractsOrPrograms" order="1"/>
    <link:loc xlink:label="ns12_InventoryGross" xlink:href="https://xbrl.fasb.org/us-gaap/2023/elts/us-gaap-2023.xsd#us-gaap_InventoryGross" xlink:type="locator"/>
    <link:loc xlink:label="ns12_InventoryAdjustments" xlink:href="https://xbrl.fasb.org/us-gaap/2023/elts/us-gaap-2023.xsd#us-gaap_InventoryAdjustments" xlink:type="locator"/>
    <link:definitionArc xlink:arcrole="http://www.xbrl.org/2023/arcrole/instant-contra" xlink:type="arc" xlink:from="ns12_InventoryGross" xlink:to="ns12_InventoryAdjustments" order="1"/>
    <link:loc xlink:label="ns12_HostingArrangementServiceContractImplementationCostCapitalizedBeforeAccumulatedAmortization" xlink:href="https://xbrl.fasb.org/us-gaap/2023/elts/us-gaap-2023.xsd#us-gaap_HostingArrangementServiceContractImplementationCostCapitalizedBeforeAccumulatedAmortization" xlink:type="locator"/>
    <link:loc xlink:label="ns12_HostingArrangementServiceContractImplementationCostCapitalizedAccumulatedAmortization" xlink:href="https://xbrl.fasb.org/us-gaap/2023/elts/us-gaap-2023.xsd#us-gaap_HostingArrangementServiceContractImplementationCostCapitalizedAccumulatedAmortization" xlink:type="locator"/>
    <link:definitionArc xlink:arcrole="http://www.xbrl.org/2023/arcrole/instant-contra" xlink:type="arc" xlink:from="ns12_HostingArrangementServiceContractImplementationCostCapitalizedBeforeAccumulatedAmortization" xlink:to="ns12_HostingArrangementServiceContractImplementationCostCapitalizedAccumulatedAmortization" order="1"/>
    <link:loc xlink:label="ns12_HeldToMaturitySecuritiesNoncurrent" xlink:href="https://xbrl.fasb.org/us-gaap/2023/elts/us-gaap-2023.xsd#us-gaap_HeldToMaturitySecuritiesNoncurrent" xlink:type="locator"/>
    <link:loc xlink:label="ns12_DebtSecuritiesHeldToMaturityAllowanceForCreditLossNoncurrent" xlink:href="https://xbrl.fasb.org/us-gaap/2023/elts/us-gaap-2023.xsd#us-gaap_DebtSecuritiesHeldToMaturityAllowanceForCreditLossNoncurrent" xlink:type="locator"/>
    <link:definitionArc xlink:arcrole="http://www.xbrl.org/2023/arcrole/instant-contra" xlink:type="arc" xlink:from="ns12_HeldToMaturitySecuritiesNoncurrent" xlink:to="ns12_DebtSecuritiesHeldToMaturityAllowanceForCreditLossNoncurrent" order="1"/>
    <link:loc xlink:label="ns12_HeldToMaturitySecuritiesCurrent" xlink:href="https://xbrl.fasb.org/us-gaap/2023/elts/us-gaap-2023.xsd#us-gaap_HeldToMaturitySecuritiesCurrent" xlink:type="locator"/>
    <link:loc xlink:label="ns12_DebtSecuritiesHeldToMaturityAllowanceForCreditLossCurrent" xlink:href="https://xbrl.fasb.org/us-gaap/2023/elts/us-gaap-2023.xsd#us-gaap_DebtSecuritiesHeldToMaturityAllowanceForCreditLossCurrent" xlink:type="locator"/>
    <link:definitionArc xlink:arcrole="http://www.xbrl.org/2023/arcrole/instant-contra" xlink:type="arc" xlink:from="ns12_HeldToMaturitySecuritiesCurrent" xlink:to="ns12_DebtSecuritiesHeldToMaturityAllowanceForCreditLossCurrent" order="1"/>
    <link:loc xlink:label="ns12_HeldToMaturitySecurities" xlink:href="https://xbrl.fasb.org/us-gaap/2023/elts/us-gaap-2023.xsd#us-gaap_HeldToMaturitySecurities" xlink:type="locator"/>
    <link:loc xlink:label="ns12_DebtSecuritiesHeldToMaturityAllowanceForCreditLoss" xlink:href="https://xbrl.fasb.org/us-gaap/2023/elts/us-gaap-2023.xsd#us-gaap_DebtSecuritiesHeldToMaturityAllowanceForCreditLoss" xlink:type="locator"/>
    <link:definitionArc xlink:arcrole="http://www.xbrl.org/2023/arcrole/instant-contra" xlink:type="arc" xlink:from="ns12_HeldToMaturitySecurities" xlink:to="ns12_DebtSecuritiesHeldToMaturityAllowanceForCreditLoss" order="1"/>
    <link:loc xlink:label="ns12_GoodwillGross" xlink:href="https://xbrl.fasb.org/us-gaap/2023/elts/us-gaap-2023.xsd#us-gaap_GoodwillGross" xlink:type="locator"/>
    <link:loc xlink:label="ns12_GoodwillImpairedAccumulatedImpairmentLoss" xlink:href="https://xbrl.fasb.org/us-gaap/2023/elts/us-gaap-2023.xsd#us-gaap_GoodwillImpairedAccumulatedImpairmentLoss" xlink:type="locator"/>
    <link:definitionArc xlink:arcrole="http://www.xbrl.org/2023/arcrole/instant-contra" xlink:type="arc" xlink:from="ns12_GoodwillGross" xlink:to="ns12_GoodwillImpairedAccumulatedImpairmentLoss" order="1"/>
    <link:loc xlink:label="ns12_InventoryLIFOReserve" xlink:href="https://xbrl.fasb.org/us-gaap/2023/elts/us-gaap-2023.xsd#us-gaap_InventoryLIFOReserve" xlink:type="locator"/>
    <link:definitionArc xlink:arcrole="http://www.xbrl.org/2023/arcrole/instant-contra" xlink:type="arc" xlink:from="ns12_InventoryGross" xlink:to="ns12_InventoryLIFOReserve" order="3"/>
    <link:loc xlink:label="ns12_OilAndGasPropertySuccessfulEffortMethodAccumulatedImpairment" xlink:href="https://xbrl.fasb.org/us-gaap/2023/elts/us-gaap-2023.xsd#us-gaap_OilAndGasPropertySuccessfulEffortMethodAccumulatedImpairment" xlink:type="locator"/>
    <link:definitionArc xlink:arcrole="http://www.xbrl.org/2023/arcrole/instant-contra" xlink:type="arc" xlink:from="ns12_OilAndGasPropertySuccessfulEffortMethodGross" xlink:to="ns12_OilAndGasPropertySuccessfulEffortMethodAccumulatedImpairment" order="3"/>
    <link:loc xlink:label="ns12_FinancingReceivableExcludingAccruedInterestBeforeAllowanceForCreditLossNoncurrent" xlink:href="https://xbrl.fasb.org/us-gaap/2023/elts/us-gaap-2023.xsd#us-gaap_FinancingReceivableExcludingAccruedInterestBeforeAllowanceForCreditLossNoncurrent" xlink:type="locator"/>
    <link:loc xlink:label="ns12_FinancingReceivableAllowanceForCreditLossExcludingAccruedInterestNoncurrent" xlink:href="https://xbrl.fasb.org/us-gaap/2023/elts/us-gaap-2023.xsd#us-gaap_FinancingReceivableAllowanceForCreditLossExcludingAccruedInterestNoncurrent" xlink:type="locator"/>
    <link:definitionArc xlink:arcrole="http://www.xbrl.org/2023/arcrole/instant-contra" xlink:type="arc" xlink:from="ns12_FinancingReceivableExcludingAccruedInterestBeforeAllowanceForCreditLossNoncurrent" xlink:to="ns12_FinancingReceivableAllowanceForCreditLossExcludingAccruedInterestNoncurrent" order="1"/>
    <link:loc xlink:label="ns12_OilAndGasPropertySuccessfulEffortMethodAccumulatedDepreciationDepletionAndAmortization" xlink:href="https://xbrl.fasb.org/us-gaap/2023/elts/us-gaap-2023.xsd#us-gaap_OilAndGasPropertySuccessfulEffortMethodAccumulatedDepreciationDepletionAndAmortization" xlink:type="locator"/>
    <link:definitionArc xlink:arcrole="http://www.xbrl.org/2023/arcrole/instant-contra" xlink:type="arc" xlink:from="ns12_OilAndGasPropertySuccessfulEffortMethodGross" xlink:to="ns12_OilAndGasPropertySuccessfulEffortMethodAccumulatedDepreciationDepletionAndAmortization" order="2"/>
    <link:loc xlink:label="ns12_FinancingReceivableExcludingAccruedInterestBeforeAllowanceForCreditLoss" xlink:href="https://xbrl.fasb.org/us-gaap/2023/elts/us-gaap-2023.xsd#us-gaap_FinancingReceivableExcludingAccruedInterestBeforeAllowanceForCreditLoss" xlink:type="locator"/>
    <link:loc xlink:label="ns12_FinancingReceivableAllowanceForCreditLossExcludingAccruedInterest" xlink:href="https://xbrl.fasb.org/us-gaap/2023/elts/us-gaap-2023.xsd#us-gaap_FinancingReceivableAllowanceForCreditLossExcludingAccruedInterest" xlink:type="locator"/>
    <link:definitionArc xlink:arcrole="http://www.xbrl.org/2023/arcrole/instant-contra" xlink:type="arc" xlink:from="ns12_FinancingReceivableExcludingAccruedInterestBeforeAllowanceForCreditLoss" xlink:to="ns12_FinancingReceivableAllowanceForCreditLossExcludingAccruedInterest" order="1"/>
    <link:loc xlink:label="ns12_AllowanceForLoanAndLeaseLossesRealEstate" xlink:href="https://xbrl.fasb.org/us-gaap/2023/elts/us-gaap-2023.xsd#us-gaap_AllowanceForLoanAndLeaseLossesRealEstate" xlink:type="locator"/>
    <link:definitionArc xlink:arcrole="http://www.xbrl.org/2023/arcrole/instant-contra" xlink:type="arc" xlink:from="ns12_NotesReceivableGross" xlink:to="ns12_AllowanceForLoanAndLeaseLossesRealEstate" order="2"/>
    <link:loc xlink:label="ns12_FinanceLeaseRightOfUseAssetBeforeAccumulatedAmortization" xlink:href="https://xbrl.fasb.org/us-gaap/2023/elts/us-gaap-2023.xsd#us-gaap_FinanceLeaseRightOfUseAssetBeforeAccumulatedAmortization" xlink:type="locator"/>
    <link:loc xlink:label="ns12_FinanceLeaseRightOfUseAssetAccumulatedAmortization" xlink:href="https://xbrl.fasb.org/us-gaap/2023/elts/us-gaap-2023.xsd#us-gaap_FinanceLeaseRightOfUseAssetAccumulatedAmortization" xlink:type="locator"/>
    <link:definitionArc xlink:arcrole="http://www.xbrl.org/2023/arcrole/instant-contra" xlink:type="arc" xlink:from="ns12_FinanceLeaseRightOfUseAssetBeforeAccumulatedAmortization" xlink:to="ns12_FinanceLeaseRightOfUseAssetAccumulatedAmortization" order="1"/>
    <link:loc xlink:label="ns12_InventoryValuationReserves" xlink:href="https://xbrl.fasb.org/us-gaap/2023/elts/us-gaap-2023.xsd#us-gaap_InventoryValuationReserves" xlink:type="locator"/>
    <link:definitionArc xlink:arcrole="http://www.xbrl.org/2023/arcrole/instant-contra" xlink:type="arc" xlink:from="ns12_InventoryGross" xlink:to="ns12_InventoryValuationReserves" order="2"/>
    <link:loc xlink:label="ns12_DeferredTaxAssetsGross" xlink:href="https://xbrl.fasb.org/us-gaap/2023/elts/us-gaap-2023.xsd#us-gaap_DeferredTaxAssetsGross" xlink:type="locator"/>
    <link:loc xlink:label="ns12_DeferredTaxAssetsValuationAllowance" xlink:href="https://xbrl.fasb.org/us-gaap/2023/elts/us-gaap-2023.xsd#us-gaap_DeferredTaxAssetsValuationAllowance" xlink:type="locator"/>
    <link:definitionArc xlink:arcrole="http://www.xbrl.org/2023/arcrole/instant-contra" xlink:type="arc" xlink:from="ns12_DeferredTaxAssetsGross" xlink:to="ns12_DeferredTaxAssetsValuationAllowance" order="1"/>
    <link:loc xlink:label="ns12_AllowanceForDoubtfulAccountsReceivable" xlink:href="https://xbrl.fasb.org/us-gaap/2023/elts/us-gaap-2023.xsd#us-gaap_AllowanceForDoubtfulAccountsReceivable" xlink:type="locator"/>
    <link:definitionArc xlink:arcrole="http://www.xbrl.org/2023/arcrole/instant-contra" xlink:type="arc" xlink:from="ns12_AccountsReceivableGross" xlink:to="ns12_AllowanceForDoubtfulAccountsReceivable" order="2"/>
    <link:loc xlink:label="ns12_DeferredCostsLeasingGross" xlink:href="https://xbrl.fasb.org/us-gaap/2023/elts/us-gaap-2023.xsd#us-gaap_DeferredCostsLeasingGross" xlink:type="locator"/>
    <link:loc xlink:label="ns12_DeferredCostsLeasingAccumulatedAmortization" xlink:href="https://xbrl.fasb.org/us-gaap/2023/elts/us-gaap-2023.xsd#us-gaap_DeferredCostsLeasingAccumulatedAmortization" xlink:type="locator"/>
    <link:definitionArc xlink:arcrole="http://www.xbrl.org/2023/arcrole/instant-contra" xlink:type="arc" xlink:from="ns12_DeferredCostsLeasingGross" xlink:to="ns12_DeferredCostsLeasingAccumulatedAmortization" order="1"/>
    <link:loc xlink:label="ns12_SalesTypeLeaseNetInvestmentInLeaseBeforeAllowanceForCreditLossNoncurrent" xlink:href="https://xbrl.fasb.org/us-gaap/2023/elts/us-gaap-2023.xsd#us-gaap_SalesTypeLeaseNetInvestmentInLeaseBeforeAllowanceForCreditLossNoncurrent" xlink:type="locator"/>
    <link:loc xlink:label="ns12_SalesTypeLeaseNetInvestmentInLeaseAllowanceForCreditLossNoncurrent" xlink:href="https://xbrl.fasb.org/us-gaap/2023/elts/us-gaap-2023.xsd#us-gaap_SalesTypeLeaseNetInvestmentInLeaseAllowanceForCreditLossNoncurrent" xlink:type="locator"/>
    <link:definitionArc xlink:arcrole="http://www.xbrl.org/2023/arcrole/instant-contra" xlink:type="arc" xlink:from="ns12_SalesTypeLeaseNetInvestmentInLeaseBeforeAllowanceForCreditLossNoncurrent" xlink:to="ns12_SalesTypeLeaseNetInvestmentInLeaseAllowanceForCreditLossNoncurrent" order="1"/>
    <link:loc xlink:label="ns12_SalesTypeLeaseNetInvestmentInLeaseBeforeAllowanceForCreditLossCurrent" xlink:href="https://xbrl.fasb.org/us-gaap/2023/elts/us-gaap-2023.xsd#us-gaap_SalesTypeLeaseNetInvestmentInLeaseBeforeAllowanceForCreditLossCurrent" xlink:type="locator"/>
    <link:loc xlink:label="ns12_SalesTypeLeaseNetInvestmentInLeaseAllowanceForCreditLossCurrent" xlink:href="https://xbrl.fasb.org/us-gaap/2023/elts/us-gaap-2023.xsd#us-gaap_SalesTypeLeaseNetInvestmentInLeaseAllowanceForCreditLossCurrent" xlink:type="locator"/>
    <link:definitionArc xlink:arcrole="http://www.xbrl.org/2023/arcrole/instant-contra" xlink:type="arc" xlink:from="ns12_SalesTypeLeaseNetInvestmentInLeaseBeforeAllowanceForCreditLossCurrent" xlink:to="ns12_SalesTypeLeaseNetInvestmentInLeaseAllowanceForCreditLossCurrent" order="1"/>
    <link:loc xlink:label="ns12_DebtSecuritiesHeldToMaturityExcludingAccruedInterestBeforeAllowanceForCreditLossNoncurrent" xlink:href="https://xbrl.fasb.org/us-gaap/2023/elts/us-gaap-2023.xsd#us-gaap_DebtSecuritiesHeldToMaturityExcludingAccruedInterestBeforeAllowanceForCreditLossNoncurrent" xlink:type="locator"/>
    <link:loc xlink:label="ns12_DebtSecuritiesHeldToMaturityAllowanceForCreditLossExcludingAccruedInterestNoncurrent" xlink:href="https://xbrl.fasb.org/us-gaap/2023/elts/us-gaap-2023.xsd#us-gaap_DebtSecuritiesHeldToMaturityAllowanceForCreditLossExcludingAccruedInterestNoncurrent" xlink:type="locator"/>
    <link:definitionArc xlink:arcrole="http://www.xbrl.org/2023/arcrole/instant-contra" xlink:type="arc" xlink:from="ns12_DebtSecuritiesHeldToMaturityExcludingAccruedInterestBeforeAllowanceForCreditLossNoncurrent" xlink:to="ns12_DebtSecuritiesHeldToMaturityAllowanceForCreditLossExcludingAccruedInterestNoncurrent" order="1"/>
    <link:loc xlink:label="ns12_SalesTypeLeaseNetInvestmentInLease" xlink:href="https://xbrl.fasb.org/us-gaap/2023/elts/us-gaap-2023.xsd#us-gaap_SalesTypeLeaseNetInvestmentInLease" xlink:type="locator"/>
    <link:loc xlink:label="ns12_SalesTypeLeaseNetInvestmentInLeaseAllowanceForCreditLoss" xlink:href="https://xbrl.fasb.org/us-gaap/2023/elts/us-gaap-2023.xsd#us-gaap_SalesTypeLeaseNetInvestmentInLeaseAllowanceForCreditLoss" xlink:type="locator"/>
    <link:definitionArc xlink:arcrole="http://www.xbrl.org/2023/arcrole/instant-contra" xlink:type="arc" xlink:from="ns12_SalesTypeLeaseNetInvestmentInLease" xlink:to="ns12_SalesTypeLeaseNetInvestmentInLeaseAllowanceForCreditLoss" order="1"/>
    <link:loc xlink:label="ns12_DebtSecuritiesHeldToMaturityExcludingAccruedInterestBeforeAllowanceForCreditLossCurrent" xlink:href="https://xbrl.fasb.org/us-gaap/2023/elts/us-gaap-2023.xsd#us-gaap_DebtSecuritiesHeldToMaturityExcludingAccruedInterestBeforeAllowanceForCreditLossCurrent" xlink:type="locator"/>
    <link:loc xlink:label="ns12_DebtSecuritiesHeldToMaturityAllowanceForCreditLossExcludingAccruedInterestCurrent" xlink:href="https://xbrl.fasb.org/us-gaap/2023/elts/us-gaap-2023.xsd#us-gaap_DebtSecuritiesHeldToMaturityAllowanceForCreditLossExcludingAccruedInterestCurrent" xlink:type="locator"/>
    <link:definitionArc xlink:arcrole="http://www.xbrl.org/2023/arcrole/instant-contra" xlink:type="arc" xlink:from="ns12_DebtSecuritiesHeldToMaturityExcludingAccruedInterestBeforeAllowanceForCreditLossCurrent" xlink:to="ns12_DebtSecuritiesHeldToMaturityAllowanceForCreditLossExcludingAccruedInterestCurrent" order="1"/>
    <link:loc xlink:label="ns12_ReinsuranceRecoverablesOnUnpaidLossesGross" xlink:href="https://xbrl.fasb.org/us-gaap/2023/elts/us-gaap-2023.xsd#us-gaap_ReinsuranceRecoverablesOnUnpaidLossesGross" xlink:type="locator"/>
    <link:loc xlink:label="ns12_ReinsuranceRecoverablesOnUnpaidLossesAllowance" xlink:href="https://xbrl.fasb.org/us-gaap/2023/elts/us-gaap-2023.xsd#us-gaap_ReinsuranceRecoverablesOnUnpaidLossesAllowance" xlink:type="locator"/>
    <link:definitionArc xlink:arcrole="http://www.xbrl.org/2023/arcrole/instant-contra" xlink:type="arc" xlink:from="ns12_ReinsuranceRecoverablesOnUnpaidLossesGross" xlink:to="ns12_ReinsuranceRecoverablesOnUnpaidLossesAllowance" order="1"/>
    <link:loc xlink:label="ns12_DebtSecuritiesHeldToMaturityExcludingAccruedInterestBeforeAllowanceForCreditLoss" xlink:href="https://xbrl.fasb.org/us-gaap/2023/elts/us-gaap-2023.xsd#us-gaap_DebtSecuritiesHeldToMaturityExcludingAccruedInterestBeforeAllowanceForCreditLoss" xlink:type="locator"/>
    <link:loc xlink:label="ns12_DebtSecuritiesHeldToMaturityAllowanceForCreditLossExcludingAccruedInterest" xlink:href="https://xbrl.fasb.org/us-gaap/2023/elts/us-gaap-2023.xsd#us-gaap_DebtSecuritiesHeldToMaturityAllowanceForCreditLossExcludingAccruedInterest" xlink:type="locator"/>
    <link:definitionArc xlink:arcrole="http://www.xbrl.org/2023/arcrole/instant-contra" xlink:type="arc" xlink:from="ns12_DebtSecuritiesHeldToMaturityExcludingAccruedInterestBeforeAllowanceForCreditLoss" xlink:to="ns12_DebtSecuritiesHeldToMaturityAllowanceForCreditLossExcludingAccruedInterest" order="1"/>
    <link:loc xlink:label="ns12_DebtSecuritiesAvailableForSaleAmortizedCostNoncurrent" xlink:href="https://xbrl.fasb.org/us-gaap/2023/elts/us-gaap-2023.xsd#us-gaap_DebtSecuritiesAvailableForSaleAmortizedCostNoncurrent" xlink:type="locator"/>
    <link:loc xlink:label="ns12_DebtSecuritiesAvailableForSaleAllowanceForCreditLossNoncurrent" xlink:href="https://xbrl.fasb.org/us-gaap/2023/elts/us-gaap-2023.xsd#us-gaap_DebtSecuritiesAvailableForSaleAllowanceForCreditLossNoncurrent" xlink:type="locator"/>
    <link:definitionArc xlink:arcrole="http://www.xbrl.org/2023/arcrole/instant-contra" xlink:type="arc" xlink:from="ns12_DebtSecuritiesAvailableForSaleAmortizedCostNoncurrent" xlink:to="ns12_DebtSecuritiesAvailableForSaleAllowanceForCreditLossNoncurrent" order="1"/>
    <link:loc xlink:label="ns12_ReinsuranceRecoverablesOnPaidLossesGross" xlink:href="https://xbrl.fasb.org/us-gaap/2023/elts/us-gaap-2023.xsd#us-gaap_ReinsuranceRecoverablesOnPaidLossesGross" xlink:type="locator"/>
    <link:loc xlink:label="ns12_ReinsuranceRecoverablesOnPaidLossesAllowance" xlink:href="https://xbrl.fasb.org/us-gaap/2023/elts/us-gaap-2023.xsd#us-gaap_ReinsuranceRecoverablesOnPaidLossesAllowance" xlink:type="locator"/>
    <link:definitionArc xlink:arcrole="http://www.xbrl.org/2023/arcrole/instant-contra" xlink:type="arc" xlink:from="ns12_ReinsuranceRecoverablesOnPaidLossesGross" xlink:to="ns12_ReinsuranceRecoverablesOnPaidLossesAllowance" order="1"/>
    <link:loc xlink:label="ns12_DebtSecuritiesAvailableForSaleAmortizedCostExcludingAccruedInterestBeforeAllowanceForCreditLossNoncurrent" xlink:href="https://xbrl.fasb.org/us-gaap/2023/elts/us-gaap-2023.xsd#us-gaap_DebtSecuritiesAvailableForSaleAmortizedCostExcludingAccruedInterestBeforeAllowanceForCreditLossNoncurrent" xlink:type="locator"/>
    <link:loc xlink:label="ns12_DebtSecuritiesAvailableForSaleAmortizedCostAllowanceForCreditLossExcludingAccruedInterestNoncurrent" xlink:href="https://xbrl.fasb.org/us-gaap/2023/elts/us-gaap-2023.xsd#us-gaap_DebtSecuritiesAvailableForSaleAmortizedCostAllowanceForCreditLossExcludingAccruedInterestNoncurrent" xlink:type="locator"/>
    <link:definitionArc xlink:arcrole="http://www.xbrl.org/2023/arcrole/instant-contra" xlink:type="arc" xlink:from="ns12_DebtSecuritiesAvailableForSaleAmortizedCostExcludingAccruedInterestBeforeAllowanceForCreditLossNoncurrent" xlink:to="ns12_DebtSecuritiesAvailableForSaleAmortizedCostAllowanceForCreditLossExcludingAccruedInterestNoncurrent" order="1"/>
    <link:loc xlink:label="ns12_ReinsuranceRecoverablesGross" xlink:href="https://xbrl.fasb.org/us-gaap/2023/elts/us-gaap-2023.xsd#us-gaap_ReinsuranceRecoverablesGross" xlink:type="locator"/>
    <link:loc xlink:label="ns12_ReinsuranceRecoverablesAllowance" xlink:href="https://xbrl.fasb.org/us-gaap/2023/elts/us-gaap-2023.xsd#us-gaap_ReinsuranceRecoverablesAllowance" xlink:type="locator"/>
    <link:definitionArc xlink:arcrole="http://www.xbrl.org/2023/arcrole/instant-contra" xlink:type="arc" xlink:from="ns12_ReinsuranceRecoverablesGross" xlink:to="ns12_ReinsuranceRecoverablesAllowance" order="1"/>
    <link:loc xlink:label="ns12_DebtSecuritiesAvailableForSaleAmortizedCostExcludingAccruedInterestBeforeAllowanceForCreditLossCurrent" xlink:href="https://xbrl.fasb.org/us-gaap/2023/elts/us-gaap-2023.xsd#us-gaap_DebtSecuritiesAvailableForSaleAmortizedCostExcludingAccruedInterestBeforeAllowanceForCreditLossCurrent" xlink:type="locator"/>
    <link:loc xlink:label="ns12_DebtSecuritiesAvailableForSaleAmortizedCostAllowanceForCreditLossExcludingAccruedInterestCurrent" xlink:href="https://xbrl.fasb.org/us-gaap/2023/elts/us-gaap-2023.xsd#us-gaap_DebtSecuritiesAvailableForSaleAmortizedCostAllowanceForCreditLossExcludingAccruedInterestCurrent" xlink:type="locator"/>
    <link:definitionArc xlink:arcrole="http://www.xbrl.org/2023/arcrole/instant-contra" xlink:type="arc" xlink:from="ns12_DebtSecuritiesAvailableForSaleAmortizedCostExcludingAccruedInterestBeforeAllowanceForCreditLossCurrent" xlink:to="ns12_DebtSecuritiesAvailableForSaleAmortizedCostAllowanceForCreditLossExcludingAccruedInterestCurrent" order="1"/>
  </link:definitionLink>
</link:linkbase>
