<link:linkbase xmlns:link="http://www.xbrl.org/2003/linkbase" xmlns:xlink="http://www.w3.org/1999/xlink" xmlns:xsi="http://www.w3.org/2001/XMLSchema-instance" xmlns:gen="http://xbrl.org/2008/generic" xmlns:units-parts="http://www.xbrl.org/2023/units-parts" xmlns:type="http://www.xbrl.org/dtr/type/2022-03-31" xmlns:instance="http://www.xbrl.org/2003/instance" xsi:schemaLocation="http://www.xbrl.org/2003/linkbase http://www.xbrl.org/2003/xbrl-linkbase-2003-12-31.xsd http://xbrl.org/2008/generic http://www.xbrl.org/2008/generic-link.xsd http://www.xbrl.org/2023/units-parts ../unit-part.xsd">
  <link:roleRef roleURI="https://xbrl.org/2022/role/property" xlink:href="http://www.xbrl.org/lrr/role/property-2022-09-28.xsd#property" xlink:type="simple"/>
  <link:referenceLink xlink:role="http://www.xbrl.org/2003/role/link" xlink:type="extended">
    <link:loc xlink:label="ns9_xmlItemType" xlink:href="dtr-types.xsd#dtr_xmlItemType" xlink:type="locator"/>
    <link:referenceArc xlink:arcrole="http://www.xbrl.org/2003/arcrole/concept-reference" xlink:type="arc" xlink:from="ns9_xmlItemType" xlink:to="lbl_ref_ns9_xmlItemType"/>
    <link:reference xlink:type="resource" xlink:label="lbl_ref_ns9_xmlItemType" xlink:role="https://xbrl.org/2022/role/property">
      <units-parts:UnitQname>type:xmlItemType</units-parts:UnitQname>
    </link:reference>
    <link:loc xlink:label="ns9_nonNegativeMonetaryItemType" xlink:href="dtr-types.xsd#dtr_nonNegativeMonetaryItemType" xlink:type="locator"/>
    <link:referenceArc xlink:arcrole="http://www.xbrl.org/2003/arcrole/concept-reference" xlink:type="arc" xlink:from="ns9_nonNegativeMonetaryItemType" xlink:to="lbl_ref_ns9_nonNegativeMonetaryItemType"/>
    <link:reference xlink:type="resource" xlink:label="lbl_ref_ns9_nonNegativeMonetaryItemType" xlink:role="https://xbrl.org/2022/role/property">
      <units-parts:UnitQname>type:nonNegativeMonetaryItemType</units-parts:UnitQname>
    </link:reference>
    <link:loc xlink:label="ns9_domainItemType" xlink:href="dtr-types.xsd#dtr_domainItemType" xlink:type="locator"/>
    <link:referenceArc xlink:arcrole="http://www.xbrl.org/2003/arcrole/concept-reference" xlink:type="arc" xlink:from="ns9_domainItemType" xlink:to="lbl_ref_ns9_domainItemType"/>
    <link:reference xlink:type="resource" xlink:label="lbl_ref_ns9_domainItemType" xlink:role="https://xbrl.org/2022/role/property">
      <units-parts:UnitQname>type:domainItemType</units-parts:UnitQname>
    </link:reference>
    <link:loc xlink:label="ns9_densityItemType" xlink:href="dtr-types.xsd#dtr_densityItemType" xlink:type="locator"/>
    <link:referenceArc xlink:arcrole="http://www.xbrl.org/2003/arcrole/concept-reference" xlink:type="arc" xlink:from="ns9_densityItemType" xlink:to="lbl_ref_ns9_densityItemType"/>
    <link:reference xlink:type="resource" xlink:label="lbl_ref_ns9_densityItemType" xlink:role="https://xbrl.org/2022/role/property">
      <units-parts:UnitQname>type:densityItemType</units-parts:UnitQname>
    </link:reference>
    <link:loc xlink:label="ns9_SQNamesItemType" xlink:href="dtr-types.xsd#dtr_SQNamesItemType" xlink:type="locator"/>
    <link:referenceArc xlink:arcrole="http://www.xbrl.org/2003/arcrole/concept-reference" xlink:type="arc" xlink:from="ns9_SQNamesItemType" xlink:to="lbl_ref_ns9_SQNamesItemType"/>
    <link:reference xlink:type="resource" xlink:label="lbl_ref_ns9_SQNamesItemType" xlink:role="https://xbrl.org/2022/role/property">
      <units-parts:UnitQname>type:SQNamesItemType</units-parts:UnitQname>
    </link:reference>
    <link:loc xlink:label="ns9_voltageItemType" xlink:href="dtr-types.xsd#dtr_voltageItemType" xlink:type="locator"/>
    <link:referenceArc xlink:arcrole="http://www.xbrl.org/2003/arcrole/concept-reference" xlink:type="arc" xlink:from="ns9_voltageItemType" xlink:to="lbl_ref_ns9_voltageItemType"/>
    <link:reference xlink:type="resource" xlink:label="lbl_ref_ns9_voltageItemType" xlink:role="https://xbrl.org/2022/role/property">
      <units-parts:UnitQname>type:voltageItemType</units-parts:UnitQname>
    </link:reference>
    <link:loc xlink:label="ns9_prefixedContentItemType" xlink:href="dtr-types.xsd#dtr_prefixedContentItemType" xlink:type="locator"/>
    <link:referenceArc xlink:arcrole="http://www.xbrl.org/2003/arcrole/concept-reference" xlink:type="arc" xlink:from="ns9_prefixedContentItemType" xlink:to="lbl_ref_ns9_prefixedContentItemType"/>
    <link:reference xlink:type="resource" xlink:label="lbl_ref_ns9_prefixedContentItemType" xlink:role="https://xbrl.org/2022/role/property">
      <units-parts:UnitQname>type:prefixedContentItemType</units-parts:UnitQname>
    </link:reference>
    <link:loc xlink:label="ns9_powerItemType" xlink:href="dtr-types.xsd#dtr_powerItemType" xlink:type="locator"/>
    <link:referenceArc xlink:arcrole="http://www.xbrl.org/2003/arcrole/concept-reference" xlink:type="arc" xlink:from="ns9_powerItemType" xlink:to="lbl_ref_ns9_powerItemType"/>
    <link:reference xlink:type="resource" xlink:label="lbl_ref_ns9_powerItemType" xlink:role="https://xbrl.org/2022/role/property">
      <units-parts:UnitQname>type:powerItemType</units-parts:UnitQname>
    </link:reference>
    <link:loc xlink:label="ns9_massFlowItemType" xlink:href="dtr-types.xsd#dtr_massFlowItemType" xlink:type="locator"/>
    <link:referenceArc xlink:arcrole="http://www.xbrl.org/2003/arcrole/concept-reference" xlink:type="arc" xlink:from="ns9_massFlowItemType" xlink:to="lbl_ref_ns9_massFlowItemType"/>
    <link:reference xlink:type="resource" xlink:label="lbl_ref_ns9_massFlowItemType" xlink:role="https://xbrl.org/2022/role/property">
      <units-parts:UnitQname>type:massFlowItemType</units-parts:UnitQname>
    </link:reference>
    <link:loc xlink:label="ns9_monetaryPerAreaItemType" xlink:href="dtr-types.xsd#dtr_monetaryPerAreaItemType" xlink:type="locator"/>
    <link:referenceArc xlink:arcrole="http://www.xbrl.org/2003/arcrole/concept-reference" xlink:type="arc" xlink:from="ns9_monetaryPerAreaItemType" xlink:to="lbl_ref_ns9_monetaryPerAreaItemType"/>
    <link:reference xlink:type="resource" xlink:label="lbl_ref_ns9_monetaryPerAreaItemType" xlink:role="https://xbrl.org/2022/role/property">
      <units-parts:UnitQname>type:monetaryPerAreaItemType</units-parts:UnitQname>
    </link:reference>
    <link:loc xlink:label="ns9_SQNameItemType" xlink:href="dtr-types.xsd#dtr_SQNameItemType" xlink:type="locator"/>
    <link:referenceArc xlink:arcrole="http://www.xbrl.org/2003/arcrole/concept-reference" xlink:type="arc" xlink:from="ns9_SQNameItemType" xlink:to="lbl_ref_ns9_SQNameItemType"/>
    <link:reference xlink:type="resource" xlink:label="lbl_ref_ns9_SQNameItemType" xlink:role="https://xbrl.org/2022/role/property">
      <units-parts:UnitQname>type:SQNameItemType</units-parts:UnitQname>
    </link:reference>
    <link:loc xlink:label="ns9_prefixedContentType" xlink:href="dtr-types.xsd#dtr_prefixedContentType" xlink:type="locator"/>
    <link:referenceArc xlink:arcrole="http://www.xbrl.org/2003/arcrole/concept-reference" xlink:type="arc" xlink:from="ns9_prefixedContentType" xlink:to="lbl_ref_ns9_prefixedContentType"/>
    <link:reference xlink:type="resource" xlink:label="lbl_ref_ns9_prefixedContentType" xlink:role="https://xbrl.org/2022/role/property">
      <units-parts:UnitQname>type:prefixedContentType</units-parts:UnitQname>
    </link:reference>
    <link:loc xlink:label="ns9_ghgEmissionsItemType" xlink:href="dtr-types.xsd#dtr_ghgEmissionsItemType" xlink:type="locator"/>
    <link:referenceArc xlink:arcrole="http://www.xbrl.org/2003/arcrole/concept-reference" xlink:type="arc" xlink:from="ns9_ghgEmissionsItemType" xlink:to="lbl_ref_ns9_ghgEmissionsItemType"/>
    <link:reference xlink:type="resource" xlink:label="lbl_ref_ns9_ghgEmissionsItemType" xlink:role="https://xbrl.org/2022/role/property">
      <units-parts:UnitQname>type:ghgEmissionsItemType</units-parts:UnitQname>
    </link:reference>
    <link:loc xlink:label="ns9_monetaryPerLengthItemType" xlink:href="dtr-types.xsd#dtr_monetaryPerLengthItemType" xlink:type="locator"/>
    <link:referenceArc xlink:arcrole="http://www.xbrl.org/2003/arcrole/concept-reference" xlink:type="arc" xlink:from="ns9_monetaryPerLengthItemType" xlink:to="lbl_ref_ns9_monetaryPerLengthItemType"/>
    <link:reference xlink:type="resource" xlink:label="lbl_ref_ns9_monetaryPerLengthItemType" xlink:role="https://xbrl.org/2022/role/property">
      <units-parts:UnitQname>type:monetaryPerLengthItemType</units-parts:UnitQname>
    </link:reference>
    <link:loc xlink:label="ns9_xmlNodesItemType" xlink:href="dtr-types.xsd#dtr_xmlNodesItemType" xlink:type="locator"/>
    <link:referenceArc xlink:arcrole="http://www.xbrl.org/2003/arcrole/concept-reference" xlink:type="arc" xlink:from="ns9_xmlNodesItemType" xlink:to="lbl_ref_ns9_xmlNodesItemType"/>
    <link:reference xlink:type="resource" xlink:label="lbl_ref_ns9_xmlNodesItemType" xlink:role="https://xbrl.org/2022/role/property">
      <units-parts:UnitQname>type:xmlNodesItemType</units-parts:UnitQname>
    </link:reference>
    <link:loc xlink:label="ns9_gYearListItemType" xlink:href="dtr-types.xsd#dtr_gYearListItemType" xlink:type="locator"/>
    <link:referenceArc xlink:arcrole="http://www.xbrl.org/2003/arcrole/concept-reference" xlink:type="arc" xlink:from="ns9_gYearListItemType" xlink:to="lbl_ref_ns9_gYearListItemType"/>
    <link:reference xlink:type="resource" xlink:label="lbl_ref_ns9_gYearListItemType" xlink:role="https://xbrl.org/2022/role/property">
      <units-parts:UnitQname>type:gYearListItemType</units-parts:UnitQname>
    </link:reference>
    <link:loc xlink:label="ns9_electricChargeItemType" xlink:href="dtr-types.xsd#dtr_electricChargeItemType" xlink:type="locator"/>
    <link:referenceArc xlink:arcrole="http://www.xbrl.org/2003/arcrole/concept-reference" xlink:type="arc" xlink:from="ns9_electricChargeItemType" xlink:to="lbl_ref_ns9_electricChargeItemType"/>
    <link:reference xlink:type="resource" xlink:label="lbl_ref_ns9_electricChargeItemType" xlink:role="https://xbrl.org/2022/role/property">
      <units-parts:UnitQname>type:electricChargeItemType</units-parts:UnitQname>
    </link:reference>
    <link:loc xlink:label="ns9_dateTimeItemType" xlink:href="dtr-types.xsd#dtr_dateTimeItemType" xlink:type="locator"/>
    <link:referenceArc xlink:arcrole="http://www.xbrl.org/2003/arcrole/concept-reference" xlink:type="arc" xlink:from="ns9_dateTimeItemType" xlink:to="lbl_ref_ns9_dateTimeItemType"/>
    <link:reference xlink:type="resource" xlink:label="lbl_ref_ns9_dateTimeItemType" xlink:role="https://xbrl.org/2022/role/property">
      <units-parts:UnitQname>type:dateTimeItemType</units-parts:UnitQname>
    </link:reference>
    <link:loc xlink:label="ns9_volumeItemType" xlink:href="dtr-types.xsd#dtr_volumeItemType" xlink:type="locator"/>
    <link:referenceArc xlink:arcrole="http://www.xbrl.org/2003/arcrole/concept-reference" xlink:type="arc" xlink:from="ns9_volumeItemType" xlink:to="lbl_ref_ns9_volumeItemType"/>
    <link:reference xlink:type="resource" xlink:label="lbl_ref_ns9_volumeItemType" xlink:role="https://xbrl.org/2022/role/property">
      <units-parts:UnitQname>type:volumeItemType</units-parts:UnitQname>
    </link:reference>
    <link:loc xlink:label="ns9_speedItemType" xlink:href="dtr-types.xsd#dtr_speedItemType" xlink:type="locator"/>
    <link:referenceArc xlink:arcrole="http://www.xbrl.org/2003/arcrole/concept-reference" xlink:type="arc" xlink:from="ns9_speedItemType" xlink:to="lbl_ref_ns9_speedItemType"/>
    <link:reference xlink:type="resource" xlink:label="lbl_ref_ns9_speedItemType" xlink:role="https://xbrl.org/2022/role/property">
      <units-parts:UnitQname>type:speedItemType</units-parts:UnitQname>
    </link:reference>
    <link:loc xlink:label="ns9_planeAngleItemType" xlink:href="dtr-types.xsd#dtr_planeAngleItemType" xlink:type="locator"/>
    <link:referenceArc xlink:arcrole="http://www.xbrl.org/2003/arcrole/concept-reference" xlink:type="arc" xlink:from="ns9_planeAngleItemType" xlink:to="lbl_ref_ns9_planeAngleItemType"/>
    <link:reference xlink:type="resource" xlink:label="lbl_ref_ns9_planeAngleItemType" xlink:role="https://xbrl.org/2022/role/property">
      <units-parts:UnitQname>type:planeAngleItemType</units-parts:UnitQname>
    </link:reference>
    <link:loc xlink:label="ns9_weightItemType" xlink:href="dtr-types.xsd#dtr_weightItemType" xlink:type="locator"/>
    <link:referenceArc xlink:arcrole="http://www.xbrl.org/2003/arcrole/concept-reference" xlink:type="arc" xlink:from="ns9_weightItemType" xlink:to="lbl_ref_ns9_weightItemType"/>
    <link:reference xlink:type="resource" xlink:label="lbl_ref_ns9_weightItemType" xlink:role="https://xbrl.org/2022/role/property">
      <units-parts:UnitQname>type:weightItemType</units-parts:UnitQname>
    </link:reference>
    <link:loc xlink:label="ns9_textBlockItemType" xlink:href="dtr-types.xsd#dtr_textBlockItemType" xlink:type="locator"/>
    <link:referenceArc xlink:arcrole="http://www.xbrl.org/2003/arcrole/concept-reference" xlink:type="arc" xlink:from="ns9_textBlockItemType" xlink:to="lbl_ref_ns9_textBlockItemType"/>
    <link:reference xlink:type="resource" xlink:label="lbl_ref_ns9_textBlockItemType" xlink:role="https://xbrl.org/2022/role/property">
      <units-parts:UnitQname>type:textBlockItemType</units-parts:UnitQname>
    </link:reference>
    <link:loc xlink:label="ns9_frequencyItemType" xlink:href="dtr-types.xsd#dtr_frequencyItemType" xlink:type="locator"/>
    <link:referenceArc xlink:arcrole="http://www.xbrl.org/2003/arcrole/concept-reference" xlink:type="arc" xlink:from="ns9_frequencyItemType" xlink:to="lbl_ref_ns9_frequencyItemType"/>
    <link:reference xlink:type="resource" xlink:label="lbl_ref_ns9_frequencyItemType" xlink:role="https://xbrl.org/2022/role/property">
      <units-parts:UnitQname>type:frequencyItemType</units-parts:UnitQname>
    </link:reference>
    <link:loc xlink:label="ns9_electricalResistanceItemType" xlink:href="dtr-types.xsd#dtr_electricalResistanceItemType" xlink:type="locator"/>
    <link:referenceArc xlink:arcrole="http://www.xbrl.org/2003/arcrole/concept-reference" xlink:type="arc" xlink:from="ns9_electricalResistanceItemType" xlink:to="lbl_ref_ns9_electricalResistanceItemType"/>
    <link:reference xlink:type="resource" xlink:label="lbl_ref_ns9_electricalResistanceItemType" xlink:role="https://xbrl.org/2022/role/property">
      <units-parts:UnitQname>type:electricalResistanceItemType</units-parts:UnitQname>
    </link:reference>
    <link:loc xlink:label="ns9_areaItemType" xlink:href="dtr-types.xsd#dtr_areaItemType" xlink:type="locator"/>
    <link:referenceArc xlink:arcrole="http://www.xbrl.org/2003/arcrole/concept-reference" xlink:type="arc" xlink:from="ns9_areaItemType" xlink:to="lbl_ref_ns9_areaItemType"/>
    <link:reference xlink:type="resource" xlink:label="lbl_ref_ns9_areaItemType" xlink:role="https://xbrl.org/2022/role/property">
      <units-parts:UnitQname>type:areaItemType</units-parts:UnitQname>
    </link:reference>
    <link:loc xlink:label="ns9_forceItemType" xlink:href="dtr-types.xsd#dtr_forceItemType" xlink:type="locator"/>
    <link:referenceArc xlink:arcrole="http://www.xbrl.org/2003/arcrole/concept-reference" xlink:type="arc" xlink:from="ns9_forceItemType" xlink:to="lbl_ref_ns9_forceItemType"/>
    <link:reference xlink:type="resource" xlink:label="lbl_ref_ns9_forceItemType" xlink:role="https://xbrl.org/2022/role/property">
      <units-parts:UnitQname>type:forceItemType</units-parts:UnitQname>
    </link:reference>
    <link:loc xlink:label="ns9_SQNamesType" xlink:href="dtr-types.xsd#dtr_SQNamesType" xlink:type="locator"/>
    <link:referenceArc xlink:arcrole="http://www.xbrl.org/2003/arcrole/concept-reference" xlink:type="arc" xlink:from="ns9_SQNamesType" xlink:to="lbl_ref_ns9_SQNamesType"/>
    <link:reference xlink:type="resource" xlink:label="lbl_ref_ns9_SQNamesType" xlink:role="https://xbrl.org/2022/role/property">
      <units-parts:UnitQname>type:SQNamesType</units-parts:UnitQname>
    </link:reference>
    <link:loc xlink:label="ns9_energyItemType" xlink:href="dtr-types.xsd#dtr_energyItemType" xlink:type="locator"/>
    <link:referenceArc xlink:arcrole="http://www.xbrl.org/2003/arcrole/concept-reference" xlink:type="arc" xlink:from="ns9_energyItemType" xlink:to="lbl_ref_ns9_energyItemType"/>
    <link:reference xlink:type="resource" xlink:label="lbl_ref_ns9_energyItemType" xlink:role="https://xbrl.org/2022/role/property">
      <units-parts:UnitQname>type:energyItemType</units-parts:UnitQname>
    </link:reference>
    <link:loc xlink:label="ns9_massItemType" xlink:href="dtr-types.xsd#dtr_massItemType" xlink:type="locator"/>
    <link:referenceArc xlink:arcrole="http://www.xbrl.org/2003/arcrole/concept-reference" xlink:type="arc" xlink:from="ns9_massItemType" xlink:to="lbl_ref_ns9_massItemType"/>
    <link:reference xlink:type="resource" xlink:label="lbl_ref_ns9_massItemType" xlink:role="https://xbrl.org/2022/role/property">
      <units-parts:UnitQname>type:massItemType</units-parts:UnitQname>
    </link:reference>
    <link:loc xlink:label="ns9_noLangTokenItemType" xlink:href="dtr-types.xsd#dtr_noLangTokenItemType" xlink:type="locator"/>
    <link:referenceArc xlink:arcrole="http://www.xbrl.org/2003/arcrole/concept-reference" xlink:type="arc" xlink:from="ns9_noLangTokenItemType" xlink:to="lbl_ref_ns9_noLangTokenItemType"/>
    <link:reference xlink:type="resource" xlink:label="lbl_ref_ns9_noLangTokenItemType" xlink:role="https://xbrl.org/2022/role/property">
      <units-parts:UnitQname>type:noLangTokenItemType</units-parts:UnitQname>
    </link:reference>
    <link:loc xlink:label="ns9_percentItemType" xlink:href="dtr-types.xsd#dtr_percentItemType" xlink:type="locator"/>
    <link:referenceArc xlink:arcrole="http://www.xbrl.org/2003/arcrole/concept-reference" xlink:type="arc" xlink:from="ns9_percentItemType" xlink:to="lbl_ref_ns9_percentItemType"/>
    <link:reference xlink:type="resource" xlink:label="lbl_ref_ns9_percentItemType" xlink:role="https://xbrl.org/2022/role/property">
      <units-parts:UnitQname>type:percentItemType</units-parts:UnitQname>
    </link:reference>
    <link:loc xlink:label="ns9_escapedItemType" xlink:href="dtr-types.xsd#dtr_escapedItemType" xlink:type="locator"/>
    <link:referenceArc xlink:arcrole="http://www.xbrl.org/2003/arcrole/concept-reference" xlink:type="arc" xlink:from="ns9_escapedItemType" xlink:to="lbl_ref_ns9_escapedItemType"/>
    <link:reference xlink:type="resource" xlink:label="lbl_ref_ns9_escapedItemType" xlink:role="https://xbrl.org/2022/role/property">
      <units-parts:UnitQname>type:escapedItemType</units-parts:UnitQname>
    </link:reference>
    <link:loc xlink:label="ns9_monetaryPerVolumeItemType" xlink:href="dtr-types.xsd#dtr_monetaryPerVolumeItemType" xlink:type="locator"/>
    <link:referenceArc xlink:arcrole="http://www.xbrl.org/2003/arcrole/concept-reference" xlink:type="arc" xlink:from="ns9_monetaryPerVolumeItemType" xlink:to="lbl_ref_ns9_monetaryPerVolumeItemType"/>
    <link:reference xlink:type="resource" xlink:label="lbl_ref_ns9_monetaryPerVolumeItemType" xlink:role="https://xbrl.org/2022/role/property">
      <units-parts:UnitQname>type:monetaryPerVolumeItemType</units-parts:UnitQname>
    </link:reference>
    <link:loc xlink:label="ns9_irradianceItemType" xlink:href="dtr-types.xsd#dtr_irradianceItemType" xlink:type="locator"/>
    <link:referenceArc xlink:arcrole="http://www.xbrl.org/2003/arcrole/concept-reference" xlink:type="arc" xlink:from="ns9_irradianceItemType" xlink:to="lbl_ref_ns9_irradianceItemType"/>
    <link:reference xlink:type="resource" xlink:label="lbl_ref_ns9_irradianceItemType" xlink:role="https://xbrl.org/2022/role/property">
      <units-parts:UnitQname>type:irradianceItemType</units-parts:UnitQname>
    </link:reference>
    <link:loc xlink:label="ns9_pureItemType" xlink:href="dtr-types.xsd#dtr_pureItemType" xlink:type="locator"/>
    <link:referenceArc xlink:arcrole="http://www.xbrl.org/2003/arcrole/concept-reference" xlink:type="arc" xlink:from="ns9_pureItemType" xlink:to="lbl_ref_ns9_pureItemType"/>
    <link:reference xlink:type="resource" xlink:label="lbl_ref_ns9_pureItemType" xlink:role="https://xbrl.org/2022/role/property">
      <units-parts:UnitQname>instance:pureItemType</units-parts:UnitQname>
    </link:reference>
    <link:loc xlink:label="ns9_noDecimalsMonetaryItemType" xlink:href="dtr-types.xsd#dtr_noDecimalsMonetaryItemType" xlink:type="locator"/>
    <link:referenceArc xlink:arcrole="http://www.xbrl.org/2003/arcrole/concept-reference" xlink:type="arc" xlink:from="ns9_noDecimalsMonetaryItemType" xlink:to="lbl_ref_ns9_noDecimalsMonetaryItemType"/>
    <link:reference xlink:type="resource" xlink:label="lbl_ref_ns9_noDecimalsMonetaryItemType" xlink:role="https://xbrl.org/2022/role/property">
      <units-parts:UnitQname>type:noDecimalsMonetaryItemType</units-parts:UnitQname>
    </link:reference>
    <link:loc xlink:label="ns9_flowItemType" xlink:href="dtr-types.xsd#dtr_flowItemType" xlink:type="locator"/>
    <link:referenceArc xlink:arcrole="http://www.xbrl.org/2003/arcrole/concept-reference" xlink:type="arc" xlink:from="ns9_flowItemType" xlink:to="lbl_ref_ns9_flowItemType"/>
    <link:reference xlink:type="resource" xlink:label="lbl_ref_ns9_flowItemType" xlink:role="https://xbrl.org/2022/role/property">
      <units-parts:UnitQname>type:flowItemType</units-parts:UnitQname>
    </link:reference>
    <link:loc xlink:label="ns9_pressureItemType" xlink:href="dtr-types.xsd#dtr_pressureItemType" xlink:type="locator"/>
    <link:referenceArc xlink:arcrole="http://www.xbrl.org/2003/arcrole/concept-reference" xlink:type="arc" xlink:from="ns9_pressureItemType" xlink:to="lbl_ref_ns9_pressureItemType"/>
    <link:reference xlink:type="resource" xlink:label="lbl_ref_ns9_pressureItemType" xlink:role="https://xbrl.org/2022/role/property">
      <units-parts:UnitQname>type:pressureItemType</units-parts:UnitQname>
    </link:reference>
    <link:loc xlink:label="ns9_nonNegativeNoDecimalsMonetaryItemType" xlink:href="dtr-types.xsd#dtr_nonNegativeNoDecimalsMonetaryItemType" xlink:type="locator"/>
    <link:referenceArc xlink:arcrole="http://www.xbrl.org/2003/arcrole/concept-reference" xlink:type="arc" xlink:from="ns9_nonNegativeNoDecimalsMonetaryItemType" xlink:to="lbl_ref_ns9_nonNegativeNoDecimalsMonetaryItemType"/>
    <link:reference xlink:type="resource" xlink:label="lbl_ref_ns9_nonNegativeNoDecimalsMonetaryItemType" xlink:role="https://xbrl.org/2022/role/property">
      <units-parts:UnitQname>type:nonNegativeNoDecimalsMonetaryItemType</units-parts:UnitQname>
    </link:reference>
    <link:loc xlink:label="ns9_sharesItemType" xlink:href="dtr-types.xsd#dtr_sharesItemType" xlink:type="locator"/>
    <link:referenceArc xlink:arcrole="http://www.xbrl.org/2003/arcrole/concept-reference" xlink:type="arc" xlink:from="ns9_sharesItemType" xlink:to="lbl_ref_ns9_sharesItemType"/>
    <link:reference xlink:type="resource" xlink:label="lbl_ref_ns9_sharesItemType" xlink:role="https://xbrl.org/2022/role/property">
      <units-parts:UnitQname>instance:sharesItemType</units-parts:UnitQname>
    </link:reference>
    <link:loc xlink:label="ns9_perShareItemType" xlink:href="dtr-types.xsd#dtr_perShareItemType" xlink:type="locator"/>
    <link:referenceArc xlink:arcrole="http://www.xbrl.org/2003/arcrole/concept-reference" xlink:type="arc" xlink:from="ns9_perShareItemType" xlink:to="lbl_ref_ns9_perShareItemType"/>
    <link:reference xlink:type="resource" xlink:label="lbl_ref_ns9_perShareItemType" xlink:role="https://xbrl.org/2022/role/property">
      <units-parts:UnitQname>type:perShareItemType</units-parts:UnitQname>
    </link:reference>
    <link:loc xlink:label="ns9_monetaryPerMassItemType" xlink:href="dtr-types.xsd#dtr_monetaryPerMassItemType" xlink:type="locator"/>
    <link:referenceArc xlink:arcrole="http://www.xbrl.org/2003/arcrole/concept-reference" xlink:type="arc" xlink:from="ns9_monetaryPerMassItemType" xlink:to="lbl_ref_ns9_monetaryPerMassItemType"/>
    <link:reference xlink:type="resource" xlink:label="lbl_ref_ns9_monetaryPerMassItemType" xlink:role="https://xbrl.org/2022/role/property">
      <units-parts:UnitQname>type:monetaryPerMassItemType</units-parts:UnitQname>
    </link:reference>
    <link:loc xlink:label="ns9_luminousFluxItemType" xlink:href="dtr-types.xsd#dtr_luminousFluxItemType" xlink:type="locator"/>
    <link:referenceArc xlink:arcrole="http://www.xbrl.org/2003/arcrole/concept-reference" xlink:type="arc" xlink:from="ns9_luminousFluxItemType" xlink:to="lbl_ref_ns9_luminousFluxItemType"/>
    <link:reference xlink:type="resource" xlink:label="lbl_ref_ns9_luminousFluxItemType" xlink:role="https://xbrl.org/2022/role/property">
      <units-parts:UnitQname>type:luminousFluxItemType</units-parts:UnitQname>
    </link:reference>
    <link:loc xlink:label="ns9_timeDurationItemType" xlink:href="dtr-types.xsd#dtr_timeDurationItemType" xlink:type="locator"/>
    <link:referenceArc xlink:arcrole="http://www.xbrl.org/2003/arcrole/concept-reference" xlink:type="arc" xlink:from="ns9_timeDurationItemType" xlink:to="lbl_ref_ns9_timeDurationItemType"/>
    <link:reference xlink:type="resource" xlink:label="lbl_ref_ns9_timeDurationItemType" xlink:role="https://xbrl.org/2022/role/property">
      <units-parts:UnitQname>type:timeDurationItemType</units-parts:UnitQname>
    </link:reference>
    <link:loc xlink:label="ns9_guidanceItemType" xlink:href="dtr-types.xsd#dtr_guidanceItemType" xlink:type="locator"/>
    <link:referenceArc xlink:arcrole="http://www.xbrl.org/2003/arcrole/concept-reference" xlink:type="arc" xlink:from="ns9_guidanceItemType" xlink:to="lbl_ref_ns9_guidanceItemType"/>
    <link:reference xlink:type="resource" xlink:label="lbl_ref_ns9_guidanceItemType" xlink:role="https://xbrl.org/2022/role/property">
      <units-parts:UnitQname>type:guidanceItemType</units-parts:UnitQname>
    </link:reference>
    <link:loc xlink:label="ns9_electricCurrentItemType" xlink:href="dtr-types.xsd#dtr_electricCurrentItemType" xlink:type="locator"/>
    <link:referenceArc xlink:arcrole="http://www.xbrl.org/2003/arcrole/concept-reference" xlink:type="arc" xlink:from="ns9_electricCurrentItemType" xlink:to="lbl_ref_ns9_electricCurrentItemType"/>
    <link:reference xlink:type="resource" xlink:label="lbl_ref_ns9_electricCurrentItemType" xlink:role="https://xbrl.org/2022/role/property">
      <units-parts:UnitQname>type:electricCurrentItemType</units-parts:UnitQname>
    </link:reference>
    <link:loc xlink:label="ns9_monetaryItemType" xlink:href="dtr-types.xsd#dtr_monetaryItemType" xlink:type="locator"/>
    <link:referenceArc xlink:arcrole="http://www.xbrl.org/2003/arcrole/concept-reference" xlink:type="arc" xlink:from="ns9_monetaryItemType" xlink:to="lbl_ref_ns9_monetaryItemType"/>
    <link:reference xlink:type="resource" xlink:label="lbl_ref_ns9_monetaryItemType" xlink:role="https://xbrl.org/2022/role/property">
      <units-parts:UnitQname>instance:monetaryItemType</units-parts:UnitQname>
    </link:reference>
    <link:loc xlink:label="ns9_temperatureItemType" xlink:href="dtr-types.xsd#dtr_temperatureItemType" xlink:type="locator"/>
    <link:referenceArc xlink:arcrole="http://www.xbrl.org/2003/arcrole/concept-reference" xlink:type="arc" xlink:from="ns9_temperatureItemType" xlink:to="lbl_ref_ns9_temperatureItemType"/>
    <link:reference xlink:type="resource" xlink:label="lbl_ref_ns9_temperatureItemType" xlink:role="https://xbrl.org/2022/role/property">
      <units-parts:UnitQname>type:temperatureItemType</units-parts:UnitQname>
    </link:reference>
    <link:loc xlink:label="ns9_monetaryPerDurationItemType" xlink:href="dtr-types.xsd#dtr_monetaryPerDurationItemType" xlink:type="locator"/>
    <link:referenceArc xlink:arcrole="http://www.xbrl.org/2003/arcrole/concept-reference" xlink:type="arc" xlink:from="ns9_monetaryPerDurationItemType" xlink:to="lbl_ref_ns9_monetaryPerDurationItemType"/>
    <link:reference xlink:type="resource" xlink:label="lbl_ref_ns9_monetaryPerDurationItemType" xlink:role="https://xbrl.org/2022/role/property">
      <units-parts:UnitQname>type:monetaryPerDurationItemType</units-parts:UnitQname>
    </link:reference>
    <link:loc xlink:label="ns9_SQNameType" xlink:href="dtr-types.xsd#dtr_SQNameType" xlink:type="locator"/>
    <link:referenceArc xlink:arcrole="http://www.xbrl.org/2003/arcrole/concept-reference" xlink:type="arc" xlink:from="ns9_SQNameType" xlink:to="lbl_ref_ns9_SQNameType"/>
    <link:reference xlink:type="resource" xlink:label="lbl_ref_ns9_SQNameType" xlink:role="https://xbrl.org/2022/role/property">
      <units-parts:UnitQname>type:SQNameType</units-parts:UnitQname>
    </link:reference>
    <link:loc xlink:label="ns9_durationItemType" xlink:href="dtr-types.xsd#dtr_durationItemType" xlink:type="locator"/>
    <link:referenceArc xlink:arcrole="http://www.xbrl.org/2003/arcrole/concept-reference" xlink:type="arc" xlink:from="ns9_durationItemType" xlink:to="lbl_ref_ns9_durationItemType"/>
    <link:reference xlink:type="resource" xlink:label="lbl_ref_ns9_durationItemType" xlink:role="https://xbrl.org/2022/role/property">
      <units-parts:UnitQname>instance:durationItemType</units-parts:UnitQname>
    </link:reference>
    <link:loc xlink:label="ns9_monetaryPerEnergyItemType" xlink:href="dtr-types.xsd#dtr_monetaryPerEnergyItemType" xlink:type="locator"/>
    <link:referenceArc xlink:arcrole="http://www.xbrl.org/2003/arcrole/concept-reference" xlink:type="arc" xlink:from="ns9_monetaryPerEnergyItemType" xlink:to="lbl_ref_ns9_monetaryPerEnergyItemType"/>
    <link:reference xlink:type="resource" xlink:label="lbl_ref_ns9_monetaryPerEnergyItemType" xlink:role="https://xbrl.org/2022/role/property">
      <units-parts:UnitQname>type:monetaryPerEnergyItemType</units-parts:UnitQname>
    </link:reference>
    <link:loc xlink:label="ns9_noLangStringItemType" xlink:href="dtr-types.xsd#dtr_noLangStringItemType" xlink:type="locator"/>
    <link:referenceArc xlink:arcrole="http://www.xbrl.org/2003/arcrole/concept-reference" xlink:type="arc" xlink:from="ns9_noLangStringItemType" xlink:to="lbl_ref_ns9_noLangStringItemType"/>
    <link:reference xlink:type="resource" xlink:label="lbl_ref_ns9_noLangStringItemType" xlink:role="https://xbrl.org/2022/role/property">
      <units-parts:UnitQname>type:noLangStringItemType</units-parts:UnitQname>
    </link:reference>
    <link:loc xlink:label="ns9_insolationItemType" xlink:href="dtr-types.xsd#dtr_insolationItemType" xlink:type="locator"/>
    <link:referenceArc xlink:arcrole="http://www.xbrl.org/2003/arcrole/concept-reference" xlink:type="arc" xlink:from="ns9_insolationItemType" xlink:to="lbl_ref_ns9_insolationItemType"/>
    <link:reference xlink:type="resource" xlink:label="lbl_ref_ns9_insolationItemType" xlink:role="https://xbrl.org/2022/role/property">
      <units-parts:UnitQname>type:insolationItemType</units-parts:UnitQname>
    </link:reference>
    <link:loc xlink:label="ns9_memoryItemType" xlink:href="dtr-types.xsd#dtr_memoryItemType" xlink:type="locator"/>
    <link:referenceArc xlink:arcrole="http://www.xbrl.org/2003/arcrole/concept-reference" xlink:type="arc" xlink:from="ns9_memoryItemType" xlink:to="lbl_ref_ns9_memoryItemType"/>
    <link:reference xlink:type="resource" xlink:label="lbl_ref_ns9_memoryItemType" xlink:role="https://xbrl.org/2022/role/property">
      <units-parts:UnitQname>type:memoryItemType</units-parts:UnitQname>
    </link:reference>
    <link:loc xlink:label="ns9_lengthItemType" xlink:href="dtr-types.xsd#dtr_lengthItemType" xlink:type="locator"/>
    <link:referenceArc xlink:arcrole="http://www.xbrl.org/2003/arcrole/concept-reference" xlink:type="arc" xlink:from="ns9_lengthItemType" xlink:to="lbl_ref_ns9_lengthItemType"/>
    <link:reference xlink:type="resource" xlink:label="lbl_ref_ns9_lengthItemType" xlink:role="https://xbrl.org/2022/role/property">
      <units-parts:UnitQname>type:lengthItemType</units-parts:UnitQname>
    </link:reference>
  </link:referenceLink>
</link:linkbase>
