<link:linkbase xmlns:link="http://www.xbrl.org/2003/linkbase" xmlns:xlink="http://www.w3.org/1999/xlink" xmlns:xsi="http://www.w3.org/2001/XMLSchema-instance" xsi:schemaLocation="http://www.xbrl.org/2003/linkbase http://www.xbrl.org/2003/xbrl-linkbase-2003-12-31.xsd">
  <link:labelLink xlink:role="http://www.xbrl.org/2003/role/link" xlink:type="extended">
    <link:loc xlink:label="ns10_CurrentFiscalYearEndDate" xlink:href="https://xbrl.sec.gov/dei/2025/dei-2025.xsd#dei_CurrentFiscalYearEndDate" xlink:type="locator"/>
    <link:labelArc xlink:arcrole="http://www.xbrl.org/2003/arcrole/concept-label" xlink:type="arc" xlink:from="ns10_CurrentFiscalYearEndDate" xlink:to="lbl_lab_ns10_CurrentFiscalYearEndDate"/>
    <link:label xlink:type="resource" xlink:label="lbl_lab_ns10_CurrentFiscalYearEndDate" xlink:role="http://www.xbrl.org/2003/role/label" xml:lang="en-US">Current Fiscal Year End Date</link:label>
    <link:loc xlink:label="ns10_EntityAddressAddressLine3" xlink:href="https://xbrl.sec.gov/dei/2025/dei-2025.xsd#dei_EntityAddressAddressLine3" xlink:type="locator"/>
    <link:labelArc xlink:arcrole="http://www.xbrl.org/2003/arcrole/concept-label" xlink:type="arc" xlink:from="ns10_EntityAddressAddressLine3" xlink:to="lbl_lab_ns10_EntityAddressAddressLine3"/>
    <link:label xlink:type="resource" xlink:label="lbl_lab_ns10_EntityAddressAddressLine3" xlink:role="http://www.xbrl.org/2003/role/label" xml:lang="en-US">Entity Address, Address Line Three</link:label>
    <link:loc xlink:label="ns10_DocumentType" xlink:href="https://xbrl.sec.gov/dei/2025/dei-2025.xsd#dei_DocumentType" xlink:type="locator"/>
    <link:labelArc xlink:arcrole="http://www.xbrl.org/2003/arcrole/concept-label" xlink:type="arc" xlink:from="ns10_DocumentType" xlink:to="lbl_lab_ns10_DocumentType"/>
    <link:label xlink:type="resource" xlink:label="lbl_lab_ns10_DocumentType" xlink:role="http://www.xbrl.org/2003/role/label" xml:lang="en-US">Document Type</link:label>
    <link:loc xlink:label="ns10_EntityRegistrantName" xlink:href="https://xbrl.sec.gov/dei/2025/dei-2025.xsd#dei_EntityRegistrantName" xlink:type="locator"/>
    <link:labelArc xlink:arcrole="http://www.xbrl.org/2003/arcrole/concept-label" xlink:type="arc" xlink:from="ns10_EntityRegistrantName" xlink:to="lbl_lab_ns10_EntityRegistrantName"/>
    <link:label xlink:type="resource" xlink:label="lbl_lab_ns10_EntityRegistrantName" xlink:role="http://www.xbrl.org/2003/role/label" xml:lang="en-US">Entity Registrant Name</link:label>
    <link:loc xlink:label="ns10_EntityAddressStateOrProvince" xlink:href="https://xbrl.sec.gov/dei/2025/dei-2025.xsd#dei_EntityAddressStateOrProvince" xlink:type="locator"/>
    <link:labelArc xlink:arcrole="http://www.xbrl.org/2003/arcrole/concept-label" xlink:type="arc" xlink:from="ns10_EntityAddressStateOrProvince" xlink:to="lbl_lab_ns10_EntityAddressStateOrProvince"/>
    <link:label xlink:type="resource" xlink:label="lbl_lab_ns10_EntityAddressStateOrProvince" xlink:role="http://www.xbrl.org/2003/role/label" xml:lang="en-US">Entity Address, State or Province</link:label>
    <link:loc xlink:label="ns10_CoverAbstract" xlink:href="https://xbrl.sec.gov/dei/2025/dei-2025.xsd#dei_CoverAbstract" xlink:type="locator"/>
    <link:labelArc xlink:arcrole="http://www.xbrl.org/2003/arcrole/concept-label" xlink:type="arc" xlink:from="ns10_CoverAbstract" xlink:to="lbl_lab_ns10_CoverAbstract"/>
    <link:label xlink:type="resource" xlink:label="lbl_lab_ns10_CoverAbstract" xlink:role="http://www.xbrl.org/2003/role/label" xml:lang="en-US">Cover [Abstract]</link:label>
    <link:loc xlink:label="ns10_EntityFileNumber" xlink:href="https://xbrl.sec.gov/dei/2025/dei-2025.xsd#dei_EntityFileNumber" xlink:type="locator"/>
    <link:labelArc xlink:arcrole="http://www.xbrl.org/2003/arcrole/concept-label" xlink:type="arc" xlink:from="ns10_EntityFileNumber" xlink:to="lbl_lab_ns10_EntityFileNumber"/>
    <link:label xlink:type="resource" xlink:label="lbl_lab_ns10_EntityFileNumber" xlink:role="http://www.xbrl.org/2003/role/label" xml:lang="en-US">Entity File Number</link:label>
    <link:loc xlink:label="ns10_EntityAddressPostalZipCode" xlink:href="https://xbrl.sec.gov/dei/2025/dei-2025.xsd#dei_EntityAddressPostalZipCode" xlink:type="locator"/>
    <link:labelArc xlink:arcrole="http://www.xbrl.org/2003/arcrole/concept-label" xlink:type="arc" xlink:from="ns10_EntityAddressPostalZipCode" xlink:to="lbl_lab_ns10_EntityAddressPostalZipCode"/>
    <link:label xlink:type="resource" xlink:label="lbl_lab_ns10_EntityAddressPostalZipCode" xlink:role="http://www.xbrl.org/2003/role/label" xml:lang="en-US">Entity Address, Postal Zip Code</link:label>
    <link:loc xlink:label="ns10_DocumentPeriodEndDate" xlink:href="https://xbrl.sec.gov/dei/2025/dei-2025.xsd#dei_DocumentPeriodEndDate" xlink:type="locator"/>
    <link:labelArc xlink:arcrole="http://www.xbrl.org/2003/arcrole/concept-label" xlink:type="arc" xlink:from="ns10_DocumentPeriodEndDate" xlink:to="lbl_lab_ns10_DocumentPeriodEndDate"/>
    <link:label xlink:type="resource" xlink:label="lbl_lab_ns10_DocumentPeriodEndDate" xlink:role="http://www.xbrl.org/2003/role/label" xml:lang="en-US">Document Period End Date</link:label>
    <link:loc xlink:label="ns10_EntityAddressAddressLine1" xlink:href="https://xbrl.sec.gov/dei/2025/dei-2025.xsd#dei_EntityAddressAddressLine1" xlink:type="locator"/>
    <link:labelArc xlink:arcrole="http://www.xbrl.org/2003/arcrole/concept-label" xlink:type="arc" xlink:from="ns10_EntityAddressAddressLine1" xlink:to="lbl_lab_ns10_EntityAddressAddressLine1"/>
    <link:label xlink:type="resource" xlink:label="lbl_lab_ns10_EntityAddressAddressLine1" xlink:role="http://www.xbrl.org/2003/role/label" xml:lang="en-US">Entity Address, Address Line One</link:label>
    <link:loc xlink:label="ns10_EntityAddressCountry" xlink:href="https://xbrl.sec.gov/dei/2025/dei-2025.xsd#dei_EntityAddressCountry" xlink:type="locator"/>
    <link:labelArc xlink:arcrole="http://www.xbrl.org/2003/arcrole/concept-label" xlink:type="arc" xlink:from="ns10_EntityAddressCountry" xlink:to="lbl_lab_ns10_EntityAddressCountry"/>
    <link:label xlink:type="resource" xlink:label="lbl_lab_ns10_EntityAddressCountry" xlink:role="http://www.xbrl.org/2003/role/label" xml:lang="en-US">Entity Address, Country</link:label>
    <link:loc xlink:label="ns10_EntityAddressAddressLine2" xlink:href="https://xbrl.sec.gov/dei/2025/dei-2025.xsd#dei_EntityAddressAddressLine2" xlink:type="locator"/>
    <link:labelArc xlink:arcrole="http://www.xbrl.org/2003/arcrole/concept-label" xlink:type="arc" xlink:from="ns10_EntityAddressAddressLine2" xlink:to="lbl_lab_ns10_EntityAddressAddressLine2"/>
    <link:label xlink:type="resource" xlink:label="lbl_lab_ns10_EntityAddressAddressLine2" xlink:role="http://www.xbrl.org/2003/role/label" xml:lang="en-US">Entity Address, Address Line Two</link:label>
    <link:loc xlink:label="ns10_EntityCentralIndexKey" xlink:href="https://xbrl.sec.gov/dei/2025/dei-2025.xsd#dei_EntityCentralIndexKey" xlink:type="locator"/>
    <link:labelArc xlink:arcrole="http://www.xbrl.org/2003/arcrole/concept-label" xlink:type="arc" xlink:from="ns10_EntityCentralIndexKey" xlink:to="lbl_lab_ns10_EntityCentralIndexKey"/>
    <link:label xlink:type="resource" xlink:label="lbl_lab_ns10_EntityCentralIndexKey" xlink:role="http://www.xbrl.org/2003/role/label" xml:lang="en-US">Entity Central Index Key</link:label>
    <link:loc xlink:label="ns10_EntityAddressCityOrTown" xlink:href="https://xbrl.sec.gov/dei/2025/dei-2025.xsd#dei_EntityAddressCityOrTown" xlink:type="locator"/>
    <link:labelArc xlink:arcrole="http://www.xbrl.org/2003/arcrole/concept-label" xlink:type="arc" xlink:from="ns10_EntityAddressCityOrTown" xlink:to="lbl_lab_ns10_EntityAddressCityOrTown"/>
    <link:label xlink:type="resource" xlink:label="lbl_lab_ns10_EntityAddressCityOrTown" xlink:role="http://www.xbrl.org/2003/role/label" xml:lang="en-US">Entity Address, City or Town</link:label>
    <link:loc xlink:label="ns10_AmendmentFlag" xlink:href="https://xbrl.sec.gov/dei/2025/dei-2025.xsd#dei_AmendmentFlag" xlink:type="locator"/>
    <link:labelArc xlink:arcrole="http://www.xbrl.org/2003/arcrole/concept-label" xlink:type="arc" xlink:from="ns10_AmendmentFlag" xlink:to="lbl_lab_ns10_AmendmentFlag"/>
    <link:label xlink:type="resource" xlink:label="lbl_lab_ns10_AmendmentFlag" xlink:role="http://www.xbrl.org/2003/role/label" xml:lang="en-US">Amendment Flag</link:label>
  </link:labelLink>
</link:linkbase>
