<?xml version='1.0' encoding='UTF-8'?>
<!-- Created by Xince -->
<xbrli:xbrl xmlns:xbrli="http://www.xbrl.org/2003/instance" xmlns:xbrldi="http://xbrl.org/2006/xbrldi" xmlns:xlink="http://www.w3.org/1999/xlink" xmlns:link="http://www.xbrl.org/2003/linkbase" xmlns:iso4217="http://www.xbrl.org/2003/iso4217" xmlns:xsi="http://www.w3.org/2001/XMLSchema-instance" xmlns:pcvl="http://pcvl/20231031" xmlns:us-gaap="http://fasb.org/us-gaap/2023" xmlns:dei="http://xbrl.sec.gov/dei/2023">
  <link:schemaRef xlink:href="./pcvl_taxonomy.zip/pcvl_taxonomy/pcvl-20231031.xsd" xlink:type="simple"/>
  <xbrli:context id="c">
    <xbrli:entity>
      <xbrli:identifier scheme="http://www.sec.gov/CIK">0001860173</xbrli:identifier>
    </xbrli:entity>
    <xbrli:period>
      <xbrli:startDate>2022-08-01</xbrli:startDate>
      <xbrli:endDate>2022-10-31</xbrli:endDate>
    </xbrli:period>
  </xbrli:context>
  <xbrli:context id="c1">
    <xbrli:entity>
      <xbrli:identifier scheme="http://www.sec.gov/CIK">0001860173</xbrli:identifier>
    </xbrli:entity>
    <xbrli:period>
      <xbrli:instant>2021-07-31</xbrli:instant>
    </xbrli:period>
  </xbrli:context>
  <xbrli:context id="c2">
    <xbrli:entity>
      <xbrli:identifier scheme="http://www.sec.gov/CIK">0001860173</xbrli:identifier>
    </xbrli:entity>
    <xbrli:period>
      <xbrli:instant>2022-07-31</xbrli:instant>
    </xbrli:period>
  </xbrli:context>
  <xbrli:context id="c3">
    <xbrli:entity>
      <xbrli:identifier scheme="http://www.sec.gov/CIK">0001860173</xbrli:identifier>
    </xbrli:entity>
    <xbrli:period>
      <xbrli:instant>2022-10-31</xbrli:instant>
    </xbrli:period>
  </xbrli:context>
  <xbrli:context id="c4">
    <xbrli:entity>
      <xbrli:identifier scheme="http://www.sec.gov/CIK">0001860173</xbrli:identifier>
      <xbrli:segment>
        <xbrldi:explicitMember dimension="us-gaap:StatementEquityComponentsAxis">us-gaap:RetainedEarningsMember</xbrldi:explicitMember>
      </xbrli:segment>
    </xbrli:entity>
    <xbrli:period>
      <xbrli:startDate>2021-08-01</xbrli:startDate>
      <xbrli:endDate>2021-10-31</xbrli:endDate>
    </xbrli:period>
  </xbrli:context>
  <xbrli:context id="c5">
    <xbrli:entity>
      <xbrli:identifier scheme="http://www.sec.gov/CIK">0001860173</xbrli:identifier>
      <xbrli:segment>
        <xbrldi:explicitMember dimension="us-gaap:StatementEquityComponentsAxis">us-gaap:RetainedEarningsMember</xbrldi:explicitMember>
      </xbrli:segment>
    </xbrli:entity>
    <xbrli:period>
      <xbrli:instant>2021-07-31</xbrli:instant>
    </xbrli:period>
  </xbrli:context>
  <xbrli:context id="c6">
    <xbrli:entity>
      <xbrli:identifier scheme="http://www.sec.gov/CIK">0001860173</xbrli:identifier>
      <xbrli:segment>
        <xbrldi:explicitMember dimension="us-gaap:StatementEquityComponentsAxis">us-gaap:CommonStockMember</xbrldi:explicitMember>
      </xbrli:segment>
    </xbrli:entity>
    <xbrli:period>
      <xbrli:instant>2021-07-31</xbrli:instant>
    </xbrli:period>
  </xbrli:context>
  <xbrli:context id="c7">
    <xbrli:entity>
      <xbrli:identifier scheme="http://www.sec.gov/CIK">0001860173</xbrli:identifier>
    </xbrli:entity>
    <xbrli:period>
      <xbrli:startDate>2021-08-01</xbrli:startDate>
      <xbrli:endDate>2021-10-31</xbrli:endDate>
    </xbrli:period>
  </xbrli:context>
  <xbrli:context id="c8">
    <xbrli:entity>
      <xbrli:identifier scheme="http://www.sec.gov/CIK">0001860173</xbrli:identifier>
      <xbrli:segment>
        <xbrldi:explicitMember dimension="us-gaap:StatementEquityComponentsAxis">us-gaap:CommonStockMember</xbrldi:explicitMember>
      </xbrli:segment>
    </xbrli:entity>
    <xbrli:period>
      <xbrli:startDate>2021-08-01</xbrli:startDate>
      <xbrli:endDate>2021-10-31</xbrli:endDate>
    </xbrli:period>
  </xbrli:context>
  <xbrli:context id="c9">
    <xbrli:entity>
      <xbrli:identifier scheme="http://www.sec.gov/CIK">0001860173</xbrli:identifier>
    </xbrli:entity>
    <xbrli:period>
      <xbrli:instant>2021-10-31</xbrli:instant>
    </xbrli:period>
  </xbrli:context>
  <xbrli:context id="c10">
    <xbrli:entity>
      <xbrli:identifier scheme="http://www.sec.gov/CIK">0001860173</xbrli:identifier>
      <xbrli:segment>
        <xbrldi:explicitMember dimension="us-gaap:StatementEquityComponentsAxis">us-gaap:AdditionalPaidInCapitalMember</xbrldi:explicitMember>
      </xbrli:segment>
    </xbrli:entity>
    <xbrli:period>
      <xbrli:startDate>2021-08-01</xbrli:startDate>
      <xbrli:endDate>2021-10-31</xbrli:endDate>
    </xbrli:period>
  </xbrli:context>
  <xbrli:context id="c11">
    <xbrli:entity>
      <xbrli:identifier scheme="http://www.sec.gov/CIK">0001860173</xbrli:identifier>
      <xbrli:segment>
        <xbrldi:explicitMember dimension="us-gaap:StatementEquityComponentsAxis">us-gaap:CommonStockMember</xbrldi:explicitMember>
      </xbrli:segment>
    </xbrli:entity>
    <xbrli:period>
      <xbrli:instant>2021-10-31</xbrli:instant>
    </xbrli:period>
  </xbrli:context>
  <xbrli:context id="c12">
    <xbrli:entity>
      <xbrli:identifier scheme="http://www.sec.gov/CIK">0001860173</xbrli:identifier>
      <xbrli:segment>
        <xbrldi:explicitMember dimension="us-gaap:StatementEquityComponentsAxis">us-gaap:CommonStockMember</xbrldi:explicitMember>
      </xbrli:segment>
    </xbrli:entity>
    <xbrli:period>
      <xbrli:startDate>2022-08-01</xbrli:startDate>
      <xbrli:endDate>2022-10-31</xbrli:endDate>
    </xbrli:period>
  </xbrli:context>
  <xbrli:context id="c13">
    <xbrli:entity>
      <xbrli:identifier scheme="http://www.sec.gov/CIK">0001860173</xbrli:identifier>
      <xbrli:segment>
        <xbrldi:explicitMember dimension="us-gaap:StatementEquityComponentsAxis">us-gaap:AdditionalPaidInCapitalMember</xbrldi:explicitMember>
      </xbrli:segment>
    </xbrli:entity>
    <xbrli:period>
      <xbrli:instant>2021-10-31</xbrli:instant>
    </xbrli:period>
  </xbrli:context>
  <xbrli:context id="c14">
    <xbrli:entity>
      <xbrli:identifier scheme="http://www.sec.gov/CIK">0001860173</xbrli:identifier>
      <xbrli:segment>
        <xbrldi:explicitMember dimension="us-gaap:StatementEquityComponentsAxis">us-gaap:RetainedEarningsMember</xbrldi:explicitMember>
      </xbrli:segment>
    </xbrli:entity>
    <xbrli:period>
      <xbrli:instant>2021-10-31</xbrli:instant>
    </xbrli:period>
  </xbrli:context>
  <xbrli:context id="c15">
    <xbrli:entity>
      <xbrli:identifier scheme="http://www.sec.gov/CIK">0001860173</xbrli:identifier>
      <xbrli:segment>
        <xbrldi:explicitMember dimension="us-gaap:StatementEquityComponentsAxis">us-gaap:CommonStockMember</xbrldi:explicitMember>
      </xbrli:segment>
    </xbrli:entity>
    <xbrli:period>
      <xbrli:instant>2022-07-31</xbrli:instant>
    </xbrli:period>
  </xbrli:context>
  <xbrli:context id="c16">
    <xbrli:entity>
      <xbrli:identifier scheme="http://www.sec.gov/CIK">0001860173</xbrli:identifier>
    </xbrli:entity>
    <xbrli:period>
      <xbrli:instant>2022-12-14</xbrli:instant>
    </xbrli:period>
  </xbrli:context>
  <xbrli:context id="c17">
    <xbrli:entity>
      <xbrli:identifier scheme="http://www.sec.gov/CIK">0001860173</xbrli:identifier>
      <xbrli:segment>
        <xbrldi:explicitMember dimension="us-gaap:StatementEquityComponentsAxis">us-gaap:AdditionalPaidInCapitalMember</xbrldi:explicitMember>
      </xbrli:segment>
    </xbrli:entity>
    <xbrli:period>
      <xbrli:instant>2021-07-31</xbrli:instant>
    </xbrli:period>
  </xbrli:context>
  <xbrli:context id="c18">
    <xbrli:entity>
      <xbrli:identifier scheme="http://www.sec.gov/CIK">0001860173</xbrli:identifier>
      <xbrli:segment>
        <xbrldi:explicitMember dimension="us-gaap:StatementEquityComponentsAxis">us-gaap:AdditionalPaidInCapitalMember</xbrldi:explicitMember>
      </xbrli:segment>
    </xbrli:entity>
    <xbrli:period>
      <xbrli:instant>2022-07-31</xbrli:instant>
    </xbrli:period>
  </xbrli:context>
  <xbrli:context id="c19">
    <xbrli:entity>
      <xbrli:identifier scheme="http://www.sec.gov/CIK">0001860173</xbrli:identifier>
      <xbrli:segment>
        <xbrldi:explicitMember dimension="us-gaap:StatementEquityComponentsAxis">us-gaap:RetainedEarningsMember</xbrldi:explicitMember>
      </xbrli:segment>
    </xbrli:entity>
    <xbrli:period>
      <xbrli:instant>2022-07-31</xbrli:instant>
    </xbrli:period>
  </xbrli:context>
  <xbrli:context id="c20">
    <xbrli:entity>
      <xbrli:identifier scheme="http://www.sec.gov/CIK">0001860173</xbrli:identifier>
      <xbrli:segment>
        <xbrldi:explicitMember dimension="us-gaap:StatementEquityComponentsAxis">us-gaap:AdditionalPaidInCapitalMember</xbrldi:explicitMember>
      </xbrli:segment>
    </xbrli:entity>
    <xbrli:period>
      <xbrli:startDate>2022-08-01</xbrli:startDate>
      <xbrli:endDate>2022-10-31</xbrli:endDate>
    </xbrli:period>
  </xbrli:context>
  <xbrli:context id="c21">
    <xbrli:entity>
      <xbrli:identifier scheme="http://www.sec.gov/CIK">0001860173</xbrli:identifier>
      <xbrli:segment>
        <xbrldi:explicitMember dimension="us-gaap:StatementEquityComponentsAxis">us-gaap:RetainedEarningsMember</xbrldi:explicitMember>
      </xbrli:segment>
    </xbrli:entity>
    <xbrli:period>
      <xbrli:startDate>2022-08-01</xbrli:startDate>
      <xbrli:endDate>2022-10-31</xbrli:endDate>
    </xbrli:period>
  </xbrli:context>
  <xbrli:context id="c22">
    <xbrli:entity>
      <xbrli:identifier scheme="http://www.sec.gov/CIK">0001860173</xbrli:identifier>
      <xbrli:segment>
        <xbrldi:explicitMember dimension="us-gaap:StatementEquityComponentsAxis">us-gaap:CommonStockMember</xbrldi:explicitMember>
      </xbrli:segment>
    </xbrli:entity>
    <xbrli:period>
      <xbrli:instant>2022-10-31</xbrli:instant>
    </xbrli:period>
  </xbrli:context>
  <xbrli:context id="c23">
    <xbrli:entity>
      <xbrli:identifier scheme="http://www.sec.gov/CIK">0001860173</xbrli:identifier>
      <xbrli:segment>
        <xbrldi:explicitMember dimension="us-gaap:StatementEquityComponentsAxis">us-gaap:AdditionalPaidInCapitalMember</xbrldi:explicitMember>
      </xbrli:segment>
    </xbrli:entity>
    <xbrli:period>
      <xbrli:instant>2022-10-31</xbrli:instant>
    </xbrli:period>
  </xbrli:context>
  <xbrli:context id="c24">
    <xbrli:entity>
      <xbrli:identifier scheme="http://www.sec.gov/CIK">0001860173</xbrli:identifier>
      <xbrli:segment>
        <xbrldi:explicitMember dimension="us-gaap:StatementEquityComponentsAxis">us-gaap:RetainedEarningsMember</xbrldi:explicitMember>
      </xbrli:segment>
    </xbrli:entity>
    <xbrli:period>
      <xbrli:instant>2022-10-31</xbrli:instant>
    </xbrli:period>
  </xbrli:context>
  <xbrli:unit id="usd">
    <xbrli:measure>iso4217:USD</xbrli:measure>
  </xbrli:unit>
  <xbrli:unit id="usd1">
    <xbrli:divide>
      <xbrli:unitNumerator>
        <xbrli:measure>iso4217:USD</xbrli:measure>
      </xbrli:unitNumerator>
      <xbrli:unitDenominator>
        <xbrli:measure>xbrli:shares</xbrli:measure>
      </xbrli:unitDenominator>
    </xbrli:divide>
  </xbrli:unit>
  <xbrli:unit id="shares">
    <xbrli:measure>xbrli:shares</xbrli:measure>
  </xbrli:unit>
  <us-gaap:CashAndCashEquivalentsPeriodIncreaseDecrease id="f" decimals="0" contextRef="c" unitRef="usd">119.0</us-gaap:CashAndCashEquivalentsPeriodIncreaseDecrease>
  <us-gaap:StockholdersEquity id="f1" decimals="0" contextRef="c1" unitRef="usd">5652.0</us-gaap:StockholdersEquity>
  <dei:EntityCentralIndexKey id="f2" contextRef="c">0001860173</dei:EntityCentralIndexKey>
  <us-gaap:Assets id="f3" decimals="0" contextRef="c2" unitRef="usd">178524.0</us-gaap:Assets>
  <us-gaap:CommonStockParOrStatedValuePerShare id="f4" decimals="INF" contextRef="c3" unitRef="usd1">0.0001</us-gaap:CommonStockParOrStatedValuePerShare>
  <dei:CurrentFiscalYearEndDate id="f5" contextRef="c">--07-31</dei:CurrentFiscalYearEndDate>
  <dei:EntityFileNumber id="f6" contextRef="c">333-256885</dei:EntityFileNumber>
  <us-gaap:NetIncomeLoss id="f7" decimals="0" contextRef="c4" unitRef="usd">-57426.0</us-gaap:NetIncomeLoss>
  <us-gaap:LiabilitiesCurrent id="f8" decimals="0" contextRef="c3" unitRef="usd">362401.0</us-gaap:LiabilitiesCurrent>
  <us-gaap:CashAndCashEquivalentsAtCarryingValue id="f9" decimals="0" contextRef="c1" unitRef="usd">7587.0</us-gaap:CashAndCashEquivalentsAtCarryingValue>
  <us-gaap:InterestPaid id="f10" xsi:nil="true" contextRef="c" unitRef="usd"/>
  <us-gaap:StockholdersEquity id="f11" decimals="0" contextRef="c5" unitRef="usd">-14348.0</us-gaap:StockholdersEquity>
  <us-gaap:AccountsPayableAndAccruedLiabilitiesCurrent id="f12" decimals="0" contextRef="c2" unitRef="usd">357575.0</us-gaap:AccountsPayableAndAccruedLiabilitiesCurrent>
  <dei:AmendmentFlag id="f13" contextRef="c">false</dei:AmendmentFlag>
  <us-gaap:OrganizationConsolidationAndPresentationOfFinancialStatementsDisclosureTextBlock id="f14" contextRef="c">&lt;p id="xdx_80F_eus-gaap--OrganizationConsolidationAndPresentationOfFinancialStatementsDisclosureTextBlock_zk3ZRn03Tfc8" style="font: 10pt Times New Roman, Times, Serif; margin: 0pt; background-color: white"&gt;&lt;span style="font-family: Times New Roman, Times, Serif; font-size: 10pt; background-color: white"&gt;&lt;b&gt;1. &lt;span id="xdx_82E_z1ggiMHOE41k"&gt;NATURE
AND CONTINUANCE OF OPERATIONS&lt;/span&gt;&lt;/b&gt;&lt;/span&gt;&lt;/p&gt;

&lt;p style="font: 10pt Times New Roman, Times, Serif; margin: 0pt; background-color: white"&gt;&lt;span style="font-family: Times New Roman, Times, Serif; font-size: 10pt"&gt; &lt;/span&gt;&lt;/p&gt;

&lt;p style="font: 10pt Times New Roman, Times, Serif; margin: 0pt; text-align: justify; background-color: white"&gt;&lt;span style="font-family: Times New Roman, Times, Serif; font-size: 10pt; background-color: white"&gt;PRIVACY
AND VALUE INC. (the “Company”) was incorporated in the state of Wyoming on April 21, 2021 (“Inception”). The
Company is a development stage company that is currently developing employee monitoring software that balances employer concerns regarding
employee efficiency and productivity with employee privacy.&lt;/span&gt;&lt;/p&gt;

&lt;p style="font: 10pt Times New Roman, Times, Serif; margin: 0pt; text-align: justify; background-color: white"&gt;&lt;span style="font-family: Times New Roman, Times, Serif; font-size: 10pt"&gt; &lt;/span&gt;&lt;/p&gt;

</us-gaap:OrganizationConsolidationAndPresentationOfFinancialStatementsDisclosureTextBlock>
  <us-gaap:IncomeTaxesPaidNet id="f15" xsi:nil="true" contextRef="c" unitRef="usd"/>
  <us-gaap:Liabilities id="f16" decimals="0" contextRef="c3" unitRef="usd">362401.0</us-gaap:Liabilities>
  <us-gaap:StockholdersEquity id="f17" decimals="0" contextRef="c6" unitRef="usd">20000.0</us-gaap:StockholdersEquity>
  <us-gaap:CashAndCashEquivalentsPeriodIncreaseDecrease id="f18" decimals="0" contextRef="c7" unitRef="usd">22020.0</us-gaap:CashAndCashEquivalentsPeriodIncreaseDecrease>
  <us-gaap:InterestPaid id="f19" xsi:nil="true" contextRef="c7" unitRef="usd"/>
  <dei:DocumentTransitionReport id="f20" contextRef="c">false</dei:DocumentTransitionReport>
  <us-gaap:LiabilitiesCurrent id="f21" decimals="0" contextRef="c2" unitRef="usd">357575.0</us-gaap:LiabilitiesCurrent>
  <us-gaap:StockIssuedDuringPeriodSharesNewIssues id="f22" decimals="INF" contextRef="c8" unitRef="shares">1115000.0</us-gaap:StockIssuedDuringPeriodSharesNewIssues>
  <dei:DocumentFiscalYearFocus id="f23" contextRef="c">2023</dei:DocumentFiscalYearFocus>
  <us-gaap:StockIssuedDuringPeriodValueNewIssues id="f24" decimals="0" contextRef="c7" unitRef="usd">22300.0</us-gaap:StockIssuedDuringPeriodValueNewIssues>
  <us-gaap:CommonStockSharesIssued id="f25" decimals="INF" contextRef="c3" unitRef="shares">201115000.0</us-gaap:CommonStockSharesIssued>
  <dei:DocumentFiscalPeriodFocus id="f26" contextRef="c">Q1</dei:DocumentFiscalPeriodFocus>
  <us-gaap:CashAndCashEquivalentsAtCarryingValue id="f27" decimals="0" contextRef="c9" unitRef="usd">29607.0</us-gaap:CashAndCashEquivalentsAtCarryingValue>
  <us-gaap:IncomeTaxesPaidNet id="f28" xsi:nil="true" contextRef="c7" unitRef="usd"/>
  <us-gaap:StockIssuedDuringPeriodValueNewIssues id="f29" decimals="0" contextRef="c10" unitRef="usd">22188.0</us-gaap:StockIssuedDuringPeriodValueNewIssues>
  <us-gaap:Liabilities id="f30" decimals="0" contextRef="c2" unitRef="usd">357575.0</us-gaap:Liabilities>
  <dei:EntityEmergingGrowthCompany id="f31" contextRef="c">false</dei:EntityEmergingGrowthCompany>
  <us-gaap:StockIssuedDuringPeriodValueNewIssues id="f32" decimals="0" contextRef="c8" unitRef="usd">112.0</us-gaap:StockIssuedDuringPeriodValueNewIssues>
  <dei:EntitySmallBusiness id="f33" contextRef="c">true</dei:EntitySmallBusiness>
  <us-gaap:CommonStockSharesAuthorized id="f34" decimals="INF" contextRef="c3" unitRef="shares">500000000.0</us-gaap:CommonStockSharesAuthorized>
  <us-gaap:SignificantAccountingPoliciesTextBlock id="f35" contextRef="c">&lt;p id="xdx_801_eus-gaap--SignificantAccountingPoliciesTextBlock_zSRhnvmitSnh" style="font: 10pt Times New Roman, Times, Serif; margin: 0pt; background-color: white"&gt;&lt;span style="font-family: Times New Roman, Times, Serif; font-size: 10pt; background-color: white"&gt;&lt;b&gt;3. &lt;span id="xdx_821_zTymQBH6vRvc"&gt;SUMMARY
OF SIGNIFICANT ACCOUNTING POLICIES&lt;/span&gt;&lt;/b&gt;&lt;/span&gt;&lt;/p&gt;

&lt;p style="font: 10pt Times New Roman, Times, Serif; margin: 0pt; background-color: white"&gt;&lt;span style="font-family: Times New Roman, Times, Serif; font-size: 10pt"&gt; &lt;/span&gt;&lt;/p&gt;

&lt;p id="xdx_84A_eus-gaap--BasisOfAccountingPolicyPolicyTextBlock_zMJsgismBI16" style="font: 10pt Times New Roman, Times, Serif; margin: 0pt; background-color: white"&gt;&lt;span style="font-family: Times New Roman, Times, Serif; font-size: 10pt; background-color: white"&gt;&lt;b&gt;&lt;span id="xdx_867_zBrigc9R07Fg"&gt;Basis
of Presentation&lt;/span&gt;&lt;/b&gt;&lt;/span&gt;&lt;/p&gt;

&lt;p style="font: 10pt Times New Roman, Times, Serif; margin: 0pt; background-color: white"&gt;&lt;span style="font-family: Times New Roman, Times, Serif; font-size: 10pt"&gt; &lt;/span&gt;&lt;/p&gt;

&lt;p style="font: 10pt Times New Roman, Times, Serif; margin: 0pt; text-align: justify; background-color: white"&gt;&lt;span style="font-family: Times New Roman, Times, Serif; font-size: 10pt; background-color: white"&gt;These
financial statements of the Company have been prepared in accordance with generally accepted accounting principles in the United States
of America and are presented in US dollars. The Company has selected July 31 as its year-end. In the opinion of management, all
adjustments, consisting of normal recurring adjustments, necessary for a fair presentation of its financial position and the results
of operations have been reflected herein. &lt;/span&gt;&lt;/p&gt;

&lt;p style="font: 10pt Times New Roman, Times, Serif; margin: 0pt; background-color: white"&gt;&lt;span style="font-family: Times New Roman, Times, Serif; font-size: 10pt"&gt; &lt;/span&gt;&lt;/p&gt;

&lt;p id="xdx_842_eus-gaap--CashAndCashEquivalentsPolicyTextBlock_zabc2BSshQ0f" style="font: 10pt Times New Roman, Times, Serif; margin: 0pt; background-color: white"&gt;&lt;span style="font-family: Times New Roman, Times, Serif; font-size: 10pt; background-color: white"&gt;&lt;b&gt;&lt;span id="xdx_864_zl3p3W0ypwQd"&gt;Cash
and Cash Equivalents&lt;/span&gt;&lt;/b&gt;&lt;/span&gt;&lt;/p&gt;

&lt;p style="font: 10pt Times New Roman, Times, Serif; margin: 0pt; background-color: white"&gt;&lt;span style="font-family: Times New Roman, Times, Serif; font-size: 10pt"&gt; &lt;/span&gt;&lt;/p&gt;

&lt;p style="font: 10pt Times New Roman, Times, Serif; margin: 0pt; text-align: justify; background-color: white"&gt;&lt;span style="font-family: Times New Roman, Times, Serif; font-size: 10pt; background-color: white"&gt;The
Company considers all highly liquid investments with an original maturity of three months or less when purchased to be cash equivalents. The
Company maintains cash and cash equivalent balances at one financial institution that is insured by the FDIC. As of October 31, 2022,
the Company had $&lt;span id="xdx_903_eus-gaap--CashAndCashEquivalentsAtCarryingValue_iI_c20221031_zcXIWO7dOFz1" title="Cash"&gt;215&lt;/span&gt; in cash (July 31, 2022 - $&lt;span id="xdx_90A_eus-gaap--CashAndCashEquivalentsAtCarryingValue_iI_c20220731_zqq7Nuoy2Byl" title="Cash"&gt;96&lt;/span&gt;).&lt;/span&gt;&lt;/p&gt;

&lt;p style="font: 10pt Times New Roman, Times, Serif; margin: 0pt; background-color: white"&gt;&lt;span style="font-family: Times New Roman, Times, Serif; font-size: 10pt"&gt;&lt;b&gt; &lt;/b&gt;&lt;/span&gt;&lt;/p&gt;

&lt;p id="xdx_843_eus-gaap--RevenueRecognitionDeferredRevenue_znzwGE1WQyW3" style="font: 10pt Times New Roman, Times, Serif; margin: 0pt; background-color: white"&gt;&lt;span style="font-family: Times New Roman, Times, Serif; font-size: 10pt; background-color: white"&gt;&lt;b&gt;&lt;span id="xdx_862_ztHN0OpcWye8"&gt;Revenue
Recognition&lt;/span&gt;&lt;/b&gt;&lt;/span&gt;&lt;/p&gt;

&lt;p style="font: 10pt Times New Roman, Times, Serif; margin: 0pt; background-color: white"&gt;&lt;span style="font-family: Times New Roman, Times, Serif; font-size: 10pt"&gt; &lt;/span&gt;&lt;/p&gt;

&lt;p style="font: 10pt Times New Roman, Times, Serif; margin: 0pt; text-align: justify; background-color: white"&gt;&lt;span style="font-family: Times New Roman, Times, Serif; font-size: 10pt; background-color: white"&gt;The
Company recognizes revenue in accordance with Accounting Standards Codification No. 605, “Revenue Recognition” (“ASC-605”),
ASC-605 requires that four basic criteria must be met before revenue can be recognized: (1) persuasive evidence of an arrangement exists;
(2) delivery has occurred; (3) the selling price is fixed and determinable; and (4) collectability is reasonably assured. Determination
of criteria (3) and (4) are based on management’s judgments regarding the fixed nature of the selling prices of the products delivered
and the collectability of those amounts. Provisions for discounts and rebates to customers, estimated returns and allowances, and other
adjustments are provided for in the same period the related sales are recorded. The Company will defer any revenue for which the product
has not been delivered or is subject to refund until such time that the Company and the customer jointly determine that the product has
been delivered or no refund will be required. Since inception to October 31, 2022, the Company has had no deferred revenue.&lt;/span&gt;&lt;/p&gt;

&lt;p style="font: 10pt Times New Roman, Times, Serif; margin: 0pt; text-align: justify; background-color: white"&gt;&lt;span style="font-family: Times New Roman, Times, Serif; font-size: 10pt"&gt; &lt;/span&gt;&lt;/p&gt;

&lt;p style="font: 10pt Times New Roman, Times, Serif; margin: 0pt; text-align: justify; background-color: white"/&gt;



&lt;p style="font: 10pt Times New Roman, Times, Serif; margin: 0pt; text-align: justify; background-color: white"&gt;&lt;span style="font-family: Times New Roman, Times, Serif; font-size: 10pt"&gt; &lt;/span&gt;&lt;/p&gt;

&lt;p style="font: 10pt Times New Roman, Times, Serif; margin: 0pt; text-align: justify; background-color: white"&gt;&lt;span style="font-family: Times New Roman, Times, Serif; font-size: 10pt; background-color: white"&gt;Because
the Company assumes that the reported amounts of assets and liabilities will be recovered and settled, respectively, a difference between
the tax basis of an asset or a liability and its reported amount in the balance sheet will result in a taxable or a deductible amount
in some future years when the related liabilities are settled or the reported amounts of the assets are recovered, which gives rise to
a deferred tax asset. The Company must then assess the likelihood that the deferred tax assets will be recovered from future taxable
income and to the extent the Company believes that recovery is not likely, the Company must establish a valuation allowance.&lt;/span&gt;&lt;/p&gt;

&lt;p style="font: 10pt Times New Roman, Times, Serif; margin: 0pt; background-color: white"&gt;&lt;span style="font-family: Times New Roman, Times, Serif; font-size: 10pt"&gt; &lt;/span&gt;&lt;/p&gt;

&lt;p style="font: 10pt Times New Roman, Times, Serif; margin: 0pt; text-align: justify; background-color: white"&gt;&lt;span style="font-family: Times New Roman, Times, Serif; font-size: 10pt; background-color: white"&gt;The
Company has adopted FASB guidance on accounting for uncertainty in income taxes which provides a consolidated financial statement recognition
threshold and measurement attribute for a tax position taken or expected to be taken in a tax return. Under this guidance, the Company
may recognize the tax benefit from an uncertain tax position only if it is more likely than not that the tax position will be sustained
on examination by the taxing authorities, based on the technical merits of the position. The tax benefits recognized in the consolidated
financial statements from such a position should be measured based on the largest benefit that has a greater than 50% likelihood of being
realized upon ultimate settlement. The guidance also extends to de-recognition of income tax assets and liabilities, classification of
current and deferred income tax assets and liabilities, accounting for interest and penalties associated with tax positions, and income
tax disclosures.&lt;/span&gt;&lt;/p&gt;

&lt;p style="font: 10pt Times New Roman, Times, Serif; margin: 0pt; background-color: white"&gt;&lt;span style="font-family: Times New Roman, Times, Serif; font-size: 10pt"&gt; &lt;/span&gt;&lt;/p&gt;

&lt;p id="xdx_84A_eus-gaap--EarningsPerSharePolicyTextBlock_ze3aK3rEuhge" style="font: 10pt Times New Roman, Times, Serif; margin: 0pt; background-color: white"&gt;&lt;span style="font-family: Times New Roman, Times, Serif; font-size: 10pt; background-color: white"&gt;&lt;b&gt;&lt;span id="xdx_865_zRROZIuPLmXb"&gt;Basic
and Diluted Loss per Share&lt;/span&gt;&lt;/b&gt;&lt;/span&gt;&lt;/p&gt;

&lt;p style="font: 10pt Times New Roman, Times, Serif; margin: 0pt; background-color: white"&gt;&lt;span style="font-family: Times New Roman, Times, Serif; font-size: 10pt"&gt; &lt;/span&gt;&lt;/p&gt;

&lt;p style="font: 10pt Times New Roman, Times, Serif; margin: 0pt; text-align: justify; background-color: white"&gt;&lt;span style="font-family: Times New Roman, Times, Serif; font-size: 10pt; background-color: white"&gt;The
Company computes income (loss) per share in accordance with FASB ASC 260 “Earnings per Share”. Basic loss per share is computed
by dividing net income (loss) available to common shareholders by the weighted average number of outstanding common shares during the
period. Diluted income (loss) per share gives effect to all dilutive potential common shares outstanding during the period.  Dilutive
loss per share excludes all potential common shares if their effect is anti-dilutive. For the three months ended October 31, 2022, and
2021, there were no potentially dilutive debt or equity instruments issued or outstanding.&lt;/span&gt;&lt;/p&gt;

&lt;p style="font: 10pt Times New Roman, Times, Serif; margin: 0pt; background-color: white"&gt;&lt;span style="font-family: Times New Roman, Times, Serif; font-size: 10pt"&gt; &lt;/span&gt;&lt;/p&gt;

&lt;p id="xdx_841_eus-gaap--UseOfEstimates_zupUm9FrLLu2" style="font: 10pt Times New Roman, Times, Serif; margin: 0pt; background-color: white"&gt;&lt;span style="font-family: Times New Roman, Times, Serif; font-size: 10pt; background-color: white"&gt;&lt;b&gt;&lt;span id="xdx_860_zQmnn3gJSjf9"&gt;Use
of Estimates and Assumptions&lt;/span&gt;&lt;/b&gt;&lt;/span&gt;&lt;/p&gt;

&lt;p style="font: 10pt Times New Roman, Times, Serif; margin: 0pt; background-color: white"&gt;&lt;span style="font-family: Times New Roman, Times, Serif; font-size: 10pt"&gt; &lt;/span&gt;&lt;/p&gt;

&lt;p style="font: 10pt Times New Roman, Times, Serif; margin: 0pt; text-align: justify; background-color: white"&gt;&lt;span style="font-family: Times New Roman, Times, Serif; font-size: 10pt; background-color: white"&gt;The
preparation of consolidated financial statements in conformity with generally accepted accounting principles requires management
to make estimates and assumptions that affect the reported amounts of assets and liabilities and disclosure of contingent assets and
liabilities at the date of the consolidated financial statements and the reported amounts of revenues and expenses during the period.
Actual results could differ from those estimates.&lt;/span&gt;&lt;/p&gt;

&lt;p style="font: 10pt Times New Roman, Times, Serif; margin: 0pt; background-color: white"&gt;&lt;span style="font-family: Times New Roman, Times, Serif; font-size: 10pt"&gt; &lt;/span&gt;&lt;/p&gt;

&lt;p style="font: 10pt Times New Roman, Times, Serif; margin: 0pt; text-align: justify; background-color: white"&gt;&lt;span style="font-family: Times New Roman, Times, Serif; font-size: 10pt; background-color: white"&gt;Due
to the limited level of operations, the Company has not had to make material assumptions or estimates other than the assumption that
the Company is a going concern.&lt;/span&gt;&lt;/p&gt;

&lt;p id="xdx_85C_zEVbmiWZzlOb" style="font: 10pt Times New Roman, Times, Serif; margin: 0pt; text-align: justify; background-color: white"&gt;&lt;span style="font-family: Times New Roman, Times, Serif; font-size: 10pt; background-color: white"&gt; &lt;/span&gt;&lt;/p&gt;

</us-gaap:SignificantAccountingPoliciesTextBlock>
  <us-gaap:RevenueRecognitionDeferredRevenue id="f36" contextRef="c">&lt;p id="xdx_843_eus-gaap--RevenueRecognitionDeferredRevenue_znzwGE1WQyW3" style="font: 10pt Times New Roman, Times, Serif; margin: 0pt; background-color: white"&gt;&lt;span style="font-family: Times New Roman, Times, Serif; font-size: 10pt; background-color: white"&gt;&lt;b&gt;&lt;span id="xdx_862_ztHN0OpcWye8"&gt;Revenue
Recognition&lt;/span&gt;&lt;/b&gt;&lt;/span&gt;&lt;/p&gt;

&lt;p style="font: 10pt Times New Roman, Times, Serif; margin: 0pt; background-color: white"&gt;&lt;span style="font-family: Times New Roman, Times, Serif; font-size: 10pt"&gt; &lt;/span&gt;&lt;/p&gt;

&lt;p style="font: 10pt Times New Roman, Times, Serif; margin: 0pt; text-align: justify; background-color: white"&gt;&lt;span style="font-family: Times New Roman, Times, Serif; font-size: 10pt; background-color: white"&gt;The
Company recognizes revenue in accordance with Accounting Standards Codification No. 605, “Revenue Recognition” (“ASC-605”),
ASC-605 requires that four basic criteria must be met before revenue can be recognized: (1) persuasive evidence of an arrangement exists;
(2) delivery has occurred; (3) the selling price is fixed and determinable; and (4) collectability is reasonably assured. Determination
of criteria (3) and (4) are based on management’s judgments regarding the fixed nature of the selling prices of the products delivered
and the collectability of those amounts. Provisions for discounts and rebates to customers, estimated returns and allowances, and other
adjustments are provided for in the same period the related sales are recorded. The Company will defer any revenue for which the product
has not been delivered or is subject to refund until such time that the Company and the customer jointly determine that the product has
been delivered or no refund will be required. Since inception to October 31, 2022, the Company has had no deferred revenue.&lt;/span&gt;&lt;/p&gt;

&lt;p style="font: 10pt Times New Roman, Times, Serif; margin: 0pt; text-align: justify; background-color: white"&gt;&lt;span style="font-family: Times New Roman, Times, Serif; font-size: 10pt"&gt; &lt;/span&gt;&lt;/p&gt;

&lt;p style="font: 10pt Times New Roman, Times, Serif; margin: 0pt; text-align: justify; background-color: white"/&gt;



&lt;p style="font: 10pt Times New Roman, Times, Serif; margin: 0pt; text-align: justify; background-color: white"&gt;&lt;span style="font-family: Times New Roman, Times, Serif; font-size: 10pt"&gt; &lt;/span&gt;&lt;/p&gt;

&lt;p style="font: 10pt Times New Roman, Times, Serif; margin: 0pt; text-align: justify; background-color: white"&gt;&lt;span style="font-family: Times New Roman, Times, Serif; font-size: 10pt; background-color: white"&gt;Because
the Company assumes that the reported amounts of assets and liabilities will be recovered and settled, respectively, a difference between
the tax basis of an asset or a liability and its reported amount in the balance sheet will result in a taxable or a deductible amount
in some future years when the related liabilities are settled or the reported amounts of the assets are recovered, which gives rise to
a deferred tax asset. The Company must then assess the likelihood that the deferred tax assets will be recovered from future taxable
income and to the extent the Company believes that recovery is not likely, the Company must establish a valuation allowance.&lt;/span&gt;&lt;/p&gt;

&lt;p style="font: 10pt Times New Roman, Times, Serif; margin: 0pt; background-color: white"&gt;&lt;span style="font-family: Times New Roman, Times, Serif; font-size: 10pt"&gt; &lt;/span&gt;&lt;/p&gt;

&lt;p style="font: 10pt Times New Roman, Times, Serif; margin: 0pt; text-align: justify; background-color: white"&gt;&lt;span style="font-family: Times New Roman, Times, Serif; font-size: 10pt; background-color: white"&gt;The
Company has adopted FASB guidance on accounting for uncertainty in income taxes which provides a consolidated financial statement recognition
threshold and measurement attribute for a tax position taken or expected to be taken in a tax return. Under this guidance, the Company
may recognize the tax benefit from an uncertain tax position only if it is more likely than not that the tax position will be sustained
on examination by the taxing authorities, based on the technical merits of the position. The tax benefits recognized in the consolidated
financial statements from such a position should be measured based on the largest benefit that has a greater than 50% likelihood of being
realized upon ultimate settlement. The guidance also extends to de-recognition of income tax assets and liabilities, classification of
current and deferred income tax assets and liabilities, accounting for interest and penalties associated with tax positions, and income
tax disclosures.&lt;/span&gt;&lt;/p&gt;

&lt;p style="font: 10pt Times New Roman, Times, Serif; margin: 0pt; background-color: white"&gt;&lt;span style="font-family: Times New Roman, Times, Serif; font-size: 10pt"&gt; &lt;/span&gt;&lt;/p&gt;

</us-gaap:RevenueRecognitionDeferredRevenue>
  <dei:LocalPhoneNumber id="f37" contextRef="c">692-9418</dei:LocalPhoneNumber>
  <us-gaap:CommonStockParOrStatedValuePerShare id="f38" decimals="INF" contextRef="c2" unitRef="usd1">0.0001</us-gaap:CommonStockParOrStatedValuePerShare>
  <dei:EntityCurrentReportingStatus id="f39" contextRef="c">Yes</dei:EntityCurrentReportingStatus>
  <us-gaap:SubstantialDoubtAboutGoingConcernTextBlock id="f40" contextRef="c">&lt;p id="xdx_805_eus-gaap--SubstantialDoubtAboutGoingConcernTextBlock_z60Gqh0LHTI9" style="font: 10pt Times New Roman, Times, Serif; margin: 0pt; background-color: white"&gt;&lt;span style="font-family: Times New Roman, Times, Serif; font-size: 10pt; background-color: white"&gt;&lt;b&gt;2. &lt;span id="xdx_82F_zpOZdpoJQxW4"&gt;GOING
CONCERN&lt;/span&gt;&lt;/b&gt;&lt;/span&gt;&lt;/p&gt;

&lt;p style="font: 10pt Times New Roman, Times, Serif; margin: 0pt; background-color: white"&gt;&lt;span style="font-family: Times New Roman, Times, Serif; font-size: 10pt"&gt; &lt;/span&gt;&lt;/p&gt;

&lt;p style="font: 10pt Times New Roman, Times, Serif; margin: 0pt; text-align: justify; background-color: white"&gt;&lt;span style="font-family: Times New Roman, Times, Serif; font-size: 10pt; background-color: white"&gt;These financial
statements have been prepared on a going concern basis which assumes the Company will be able to realize its assets and discharge its
liabilities in the normal course of business. The Company has incurred a net loss for the period of $&lt;span id="xdx_901_eus-gaap--NetIncomeLoss_iN_di_c20220801__20221031_zknt4OIQv6B4" title="Net loss"&gt;4,706&lt;/span&gt; and resulting in an accumulated
deficit of $&lt;span id="xdx_906_eus-gaap--RetainedEarningsAccumulatedDeficit_iNI_di_c20221031_zB3rFu9z6GP8" title="Accumulated deficit"&gt;226,058&lt;/span&gt; as of October 31, 2022. The Company anticipates further losses the development of its business which raises
substantial doubt about the Company’s ability to continue as a going concern for a period of no less than twelve months from the
date of this report. To continue operations, the Company will need to generate income from operations in the future and/or obtaining
the necessary financing to meet its obligations and repay its liabilities. Management intends to finance operating costs over the next
twelve months with existing cash on hand and proceeds from its public offering. The Company has no written or verbal commitments from
stockholders, director or officer to provide the Company with any form of cash advances, loans or other sources of liquidity to meet
its working capital needs. The accompanying financial statements do not include any adjustments to reflect the possible future effects
on the recoverability and classification of assets or the amounts and classifications of liabilities that may result from the possible
inability of the Company to continue as a going concern.&lt;/span&gt;&lt;/p&gt;

&lt;p style="font: 10pt Times New Roman, Times, Serif; margin: 0pt; background-color: white"&gt;&lt;span style="font-family: Times New Roman, Times, Serif; font-size: 10pt"&gt; &lt;/span&gt;&lt;/p&gt;

</us-gaap:SubstantialDoubtAboutGoingConcernTextBlock>
  <dei:EntityTaxIdentificationNumber id="f41" contextRef="c">86-3405238</dei:EntityTaxIdentificationNumber>
  <us-gaap:CommonStockSharesAuthorized id="f42" decimals="INF" contextRef="c2" unitRef="shares">500000000.0</us-gaap:CommonStockSharesAuthorized>
  <dei:EntityFilerCategory id="f43" contextRef="c">Non-accelerated Filer</dei:EntityFilerCategory>
  <us-gaap:SharesOutstanding id="f44" decimals="INF" contextRef="c11" unitRef="shares">201115000.0</us-gaap:SharesOutstanding>
  <us-gaap:UseOfEstimates id="f45" contextRef="c">&lt;p id="xdx_841_eus-gaap--UseOfEstimates_zupUm9FrLLu2" style="font: 10pt Times New Roman, Times, Serif; margin: 0pt; background-color: white"&gt;&lt;span style="font-family: Times New Roman, Times, Serif; font-size: 10pt; background-color: white"&gt;&lt;b&gt;&lt;span id="xdx_860_zQmnn3gJSjf9"&gt;Use
of Estimates and Assumptions&lt;/span&gt;&lt;/b&gt;&lt;/span&gt;&lt;/p&gt;

&lt;p style="font: 10pt Times New Roman, Times, Serif; margin: 0pt; background-color: white"&gt;&lt;span style="font-family: Times New Roman, Times, Serif; font-size: 10pt"&gt; &lt;/span&gt;&lt;/p&gt;

&lt;p style="font: 10pt Times New Roman, Times, Serif; margin: 0pt; text-align: justify; background-color: white"&gt;&lt;span style="font-family: Times New Roman, Times, Serif; font-size: 10pt; background-color: white"&gt;The
preparation of consolidated financial statements in conformity with generally accepted accounting principles requires management
to make estimates and assumptions that affect the reported amounts of assets and liabilities and disclosure of contingent assets and
liabilities at the date of the consolidated financial statements and the reported amounts of revenues and expenses during the period.
Actual results could differ from those estimates.&lt;/span&gt;&lt;/p&gt;

&lt;p style="font: 10pt Times New Roman, Times, Serif; margin: 0pt; background-color: white"&gt;&lt;span style="font-family: Times New Roman, Times, Serif; font-size: 10pt"&gt; &lt;/span&gt;&lt;/p&gt;

&lt;p style="font: 10pt Times New Roman, Times, Serif; margin: 0pt; text-align: justify; background-color: white"&gt;&lt;span style="font-family: Times New Roman, Times, Serif; font-size: 10pt; background-color: white"&gt;Due
to the limited level of operations, the Company has not had to make material assumptions or estimates other than the assumption that
the Company is a going concern.&lt;/span&gt;&lt;/p&gt;

</us-gaap:UseOfEstimates>
  <dei:DocumentQuarterlyReport id="f46" contextRef="c">true</dei:DocumentQuarterlyReport>
  <dei:EntityAddressStateOrProvince id="f47" contextRef="c">NV</dei:EntityAddressStateOrProvince>
  <us-gaap:StockIssuedDuringPeriodValueNewIssues id="f48" xsi:nil="true" contextRef="c12" unitRef="usd"/>
  <dei:DocumentPeriodEndDate id="f49" contextRef="c">2022-10-31</dei:DocumentPeriodEndDate>
  <us-gaap:StockholdersEquity id="f50" decimals="0" contextRef="c11" unitRef="usd">20112.0</us-gaap:StockholdersEquity>
  <dei:EntityInteractiveDataCurrent id="f51" contextRef="c">No</dei:EntityInteractiveDataCurrent>
  <us-gaap:StockholdersEquity id="f52" decimals="0" contextRef="c13" unitRef="usd">22188.0</us-gaap:StockholdersEquity>
  <us-gaap:CommonStockSharesOutstanding id="f53" decimals="INF" contextRef="c3" unitRef="shares">201115000.0</us-gaap:CommonStockSharesOutstanding>
  <us-gaap:NetIncomeLoss id="f54" xsi:nil="true" contextRef="c12" unitRef="usd"/>
  <us-gaap:StockholdersEquity id="f55" decimals="0" contextRef="c14" unitRef="usd">-71774.0</us-gaap:StockholdersEquity>
  <us-gaap:BasisOfAccountingPolicyPolicyTextBlock id="f56" contextRef="c">&lt;p id="xdx_84A_eus-gaap--BasisOfAccountingPolicyPolicyTextBlock_zMJsgismBI16" style="font: 10pt Times New Roman, Times, Serif; margin: 0pt; background-color: white"&gt;&lt;span style="font-family: Times New Roman, Times, Serif; font-size: 10pt; background-color: white"&gt;&lt;b&gt;&lt;span id="xdx_867_zBrigc9R07Fg"&gt;Basis
of Presentation&lt;/span&gt;&lt;/b&gt;&lt;/span&gt;&lt;/p&gt;

&lt;p style="font: 10pt Times New Roman, Times, Serif; margin: 0pt; background-color: white"&gt;&lt;span style="font-family: Times New Roman, Times, Serif; font-size: 10pt"&gt; &lt;/span&gt;&lt;/p&gt;

&lt;p style="font: 10pt Times New Roman, Times, Serif; margin: 0pt; text-align: justify; background-color: white"&gt;&lt;span style="font-family: Times New Roman, Times, Serif; font-size: 10pt; background-color: white"&gt;These
financial statements of the Company have been prepared in accordance with generally accepted accounting principles in the United States
of America and are presented in US dollars. The Company has selected July 31 as its year-end. In the opinion of management, all
adjustments, consisting of normal recurring adjustments, necessary for a fair presentation of its financial position and the results
of operations have been reflected herein. &lt;/span&gt;&lt;/p&gt;

&lt;p style="font: 10pt Times New Roman, Times, Serif; margin: 0pt; background-color: white"&gt;&lt;span style="font-family: Times New Roman, Times, Serif; font-size: 10pt"&gt; &lt;/span&gt;&lt;/p&gt;

</us-gaap:BasisOfAccountingPolicyPolicyTextBlock>
  <dei:DocumentType id="f57" contextRef="c">10-Q</dei:DocumentType>
  <us-gaap:Revenues id="f58" xsi:nil="true" contextRef="c" unitRef="usd"/>
  <us-gaap:CommonStockSharesIssued id="f59" decimals="INF" contextRef="c2" unitRef="shares">201115000.0</us-gaap:CommonStockSharesIssued>
  <us-gaap:StockholdersEquity id="f60" decimals="0" contextRef="c9" unitRef="usd">-29475.0</us-gaap:StockholdersEquity>
  <pcvl:GeneralRevenues id="f61" xsi:nil="true" contextRef="c" unitRef="usd"/>
  <dei:EntityShellCompany id="f62" contextRef="c">false</dei:EntityShellCompany>
  <us-gaap:CashAndCashEquivalentsPolicyTextBlock id="f63" contextRef="c">&lt;p id="xdx_842_eus-gaap--CashAndCashEquivalentsPolicyTextBlock_zabc2BSshQ0f" style="font: 10pt Times New Roman, Times, Serif; margin: 0pt; background-color: white"&gt;&lt;span style="font-family: Times New Roman, Times, Serif; font-size: 10pt; background-color: white"&gt;&lt;b&gt;&lt;span id="xdx_864_zl3p3W0ypwQd"&gt;Cash
and Cash Equivalents&lt;/span&gt;&lt;/b&gt;&lt;/span&gt;&lt;/p&gt;

&lt;p style="font: 10pt Times New Roman, Times, Serif; margin: 0pt; background-color: white"&gt;&lt;span style="font-family: Times New Roman, Times, Serif; font-size: 10pt"&gt; &lt;/span&gt;&lt;/p&gt;

&lt;p style="font: 10pt Times New Roman, Times, Serif; margin: 0pt; text-align: justify; background-color: white"&gt;&lt;span style="font-family: Times New Roman, Times, Serif; font-size: 10pt; background-color: white"&gt;The
Company considers all highly liquid investments with an original maturity of three months or less when purchased to be cash equivalents. The
Company maintains cash and cash equivalent balances at one financial institution that is insured by the FDIC. As of October 31, 2022,
the Company had $&lt;span id="xdx_903_eus-gaap--CashAndCashEquivalentsAtCarryingValue_iI_c20221031_zcXIWO7dOFz1" title="Cash"&gt;215&lt;/span&gt; in cash (July 31, 2022 - $&lt;span id="xdx_90A_eus-gaap--CashAndCashEquivalentsAtCarryingValue_iI_c20220731_zqq7Nuoy2Byl" title="Cash"&gt;96&lt;/span&gt;).&lt;/span&gt;&lt;/p&gt;

&lt;p style="font: 10pt Times New Roman, Times, Serif; margin: 0pt; background-color: white"&gt;&lt;span style="font-family: Times New Roman, Times, Serif; font-size: 10pt"&gt;&lt;b&gt; &lt;/b&gt;&lt;/span&gt;&lt;/p&gt;

</us-gaap:CashAndCashEquivalentsPolicyTextBlock>
  <us-gaap:EarningsPerShareBasicAndDiluted id="f64" xsi:nil="true" contextRef="c" unitRef="usd1"/>
  <us-gaap:CommonStockValue id="f65" decimals="0" contextRef="c3" unitRef="usd">20112.0</us-gaap:CommonStockValue>
  <us-gaap:SharesOutstanding id="f66" decimals="INF" contextRef="c15" unitRef="shares">201115000.0</us-gaap:SharesOutstanding>
  <dei:EntityCommonStockSharesOutstanding id="f67" decimals="INF" contextRef="c16" unitRef="shares">201115000.0</dei:EntityCommonStockSharesOutstanding>
  <us-gaap:StockholdersEquity id="f68" xsi:nil="true" contextRef="c17" unitRef="usd"/>
  <us-gaap:ProceedsFromIssuanceOfCommonStock id="f69" decimals="0" contextRef="c7" unitRef="usd">22300.0</us-gaap:ProceedsFromIssuanceOfCommonStock>
  <us-gaap:StockholdersEquity id="f70" decimals="0" contextRef="c15" unitRef="usd">20112.0</us-gaap:StockholdersEquity>
  <dei:EntityIncorporationStateCountryCode id="f71" contextRef="c">WY</dei:EntityIncorporationStateCountryCode>
  <us-gaap:LiabilitiesAndStockholdersEquity id="f72" decimals="0" contextRef="c3" unitRef="usd">178643.0</us-gaap:LiabilitiesAndStockholdersEquity>
  <us-gaap:NetIncomeLoss id="f73" decimals="0" contextRef="c" unitRef="usd">-4706.0</us-gaap:NetIncomeLoss>
  <us-gaap:EarningsPerShareBasicAndDiluted id="f74" xsi:nil="true" contextRef="c7" unitRef="usd1"/>
  <us-gaap:DepositsAssetsCurrent id="f75" decimals="0" contextRef="c3" unitRef="usd">10000.0</us-gaap:DepositsAssetsCurrent>
  <us-gaap:StockholdersEquity id="f76" decimals="0" contextRef="c18" unitRef="usd">22188.0</us-gaap:StockholdersEquity>
  <us-gaap:StockIssuedDuringPeriodValueNewIssues id="f77" xsi:nil="true" contextRef="c4" unitRef="usd"/>
  <us-gaap:AdditionalPaidInCapital id="f78" decimals="0" contextRef="c3" unitRef="usd">22188.0</us-gaap:AdditionalPaidInCapital>
  <us-gaap:StockholdersEquity id="f79" decimals="0" contextRef="c19" unitRef="usd">-221352.0</us-gaap:StockholdersEquity>
  <us-gaap:CashAndCashEquivalentsAtCarryingValue id="f80" decimals="0" contextRef="c3" unitRef="usd">215.0</us-gaap:CashAndCashEquivalentsAtCarryingValue>
  <dei:EntityRegistrantName id="f81" contextRef="c">Privacy and Value Inc.</dei:EntityRegistrantName>
  <us-gaap:StockholdersEquity id="f82" decimals="0" contextRef="c2" unitRef="usd">-179053.0</us-gaap:StockholdersEquity>
  <us-gaap:NetIncomeLoss id="f83" xsi:nil="true" contextRef="c8" unitRef="usd"/>
  <us-gaap:CommonStockValue id="f84" decimals="0" contextRef="c2" unitRef="usd">20112.0</us-gaap:CommonStockValue>
  <us-gaap:EarningsPerSharePolicyTextBlock id="f85" contextRef="c">&lt;p id="xdx_84A_eus-gaap--EarningsPerSharePolicyTextBlock_ze3aK3rEuhge" style="font: 10pt Times New Roman, Times, Serif; margin: 0pt; background-color: white"&gt;&lt;span style="font-family: Times New Roman, Times, Serif; font-size: 10pt; background-color: white"&gt;&lt;b&gt;&lt;span id="xdx_865_zRROZIuPLmXb"&gt;Basic
and Diluted Loss per Share&lt;/span&gt;&lt;/b&gt;&lt;/span&gt;&lt;/p&gt;

&lt;p style="font: 10pt Times New Roman, Times, Serif; margin: 0pt; background-color: white"&gt;&lt;span style="font-family: Times New Roman, Times, Serif; font-size: 10pt"&gt; &lt;/span&gt;&lt;/p&gt;

&lt;p style="font: 10pt Times New Roman, Times, Serif; margin: 0pt; text-align: justify; background-color: white"&gt;&lt;span style="font-family: Times New Roman, Times, Serif; font-size: 10pt; background-color: white"&gt;The
Company computes income (loss) per share in accordance with FASB ASC 260 “Earnings per Share”. Basic loss per share is computed
by dividing net income (loss) available to common shareholders by the weighted average number of outstanding common shares during the
period. Diluted income (loss) per share gives effect to all dilutive potential common shares outstanding during the period.  Dilutive
loss per share excludes all potential common shares if their effect is anti-dilutive. For the three months ended October 31, 2022, and
2021, there were no potentially dilutive debt or equity instruments issued or outstanding.&lt;/span&gt;&lt;/p&gt;

&lt;p style="font: 10pt Times New Roman, Times, Serif; margin: 0pt; background-color: white"&gt;&lt;span style="font-family: Times New Roman, Times, Serif; font-size: 10pt"&gt; &lt;/span&gt;&lt;/p&gt;

</us-gaap:EarningsPerSharePolicyTextBlock>
  <us-gaap:RetainedEarningsAccumulatedDeficit id="f86" decimals="0" contextRef="c3" unitRef="usd">-226058.0</us-gaap:RetainedEarningsAccumulatedDeficit>
  <us-gaap:CashAndCashEquivalentsAtCarryingValue id="f87" decimals="0" contextRef="c2" unitRef="usd">96.0</us-gaap:CashAndCashEquivalentsAtCarryingValue>
  <us-gaap:StockIssuedDuringPeriodValueNewIssues id="f88" xsi:nil="true" contextRef="c20" unitRef="usd"/>
  <us-gaap:NetIncomeLoss id="f89" decimals="0" contextRef="c21" unitRef="usd">-4706.0</us-gaap:NetIncomeLoss>
  <us-gaap:StockholdersEquityIncludingPortionAttributableToNoncontrollingInterest id="f90" decimals="0" contextRef="c3" unitRef="usd">-183759.0</us-gaap:StockholdersEquityIncludingPortionAttributableToNoncontrollingInterest>
  <us-gaap:AdditionalPaidInCapital id="f91" decimals="0" contextRef="c2" unitRef="usd">22188.0</us-gaap:AdditionalPaidInCapital>
  <us-gaap:AssetsCurrent id="f92" decimals="0" contextRef="c3" unitRef="usd">10215.0</us-gaap:AssetsCurrent>
  <us-gaap:SharesOutstanding id="f93" decimals="INF" contextRef="c22" unitRef="shares">201115000.0</us-gaap:SharesOutstanding>
  <us-gaap:NetIncomeLoss id="f94" xsi:nil="true" contextRef="c10" unitRef="usd"/>
  <dei:EntityAddressCityOrTown id="f95" contextRef="c"> Las Vegas</dei:EntityAddressCityOrTown>
  <us-gaap:StockholdersEquityNoteDisclosureTextBlock id="f96" contextRef="c">&lt;p id="xdx_80C_eus-gaap--StockholdersEquityNoteDisclosureTextBlock_zWzvMszfpM3d" style="font: 10pt Times New Roman, Times, Serif; margin: 0pt; text-align: justify; background-color: white"&gt;&lt;span style="font-family: Times New Roman, Times, Serif; font-size: 10pt; background-color: white"&gt;&lt;b&gt;4. &lt;span id="xdx_820_zdiJGPa7P8Ni"&gt;CAPITAL
STOCK&lt;/span&gt;&lt;/b&gt;&lt;/span&gt;&lt;/p&gt;

&lt;p style="font: 10pt Times New Roman, Times, Serif; margin: 0pt; text-align: justify; background-color: white"&gt;&lt;span style="font-family: Times New Roman, Times, Serif; font-size: 10pt"&gt; &lt;/span&gt;&lt;/p&gt;

&lt;p style="font: 10pt Times New Roman, Times, Serif; margin: 0pt; text-align: justify; background-color: white"&gt;&lt;span style="font-family: Times New Roman, Times, Serif; font-size: 10pt; background-color: white"&gt;The
total number of common shares authorized that may be issued by the Company is &lt;span id="xdx_900_eus-gaap--CommonStockSharesAuthorized_iI_c20221031_zoLvl2tQgMhc" title="Common Stock, Shares Authorized"&gt;500,000,000&lt;/span&gt; shares with a par value of $&lt;span id="xdx_90C_eus-gaap--CommonStockParOrStatedValuePerShare_iI_c20221031_zLudqLW9quQ2" title="Common Stock, Par Value"&gt;0.0001&lt;/span&gt; per
share.&lt;/span&gt;&lt;/p&gt;

&lt;p style="font: 10pt Times New Roman, Times, Serif; margin: 0pt; text-align: justify; background-color: white"&gt;&lt;span style="font-family: Times New Roman, Times, Serif; font-size: 10pt"&gt; &lt;/span&gt;&lt;/p&gt;

&lt;p style="font: 10pt Times New Roman, Times, Serif; margin: 0pt; text-align: justify; background-color: white"&gt;&lt;span style="font-family: Times New Roman, Times, Serif; font-size: 10pt; background-color: white"&gt;During
the period ended October 31, 2021, the Company issued &lt;span id="xdx_90A_eus-gaap--StockIssuedDuringPeriodSharesNewIssues_c20210801__20211031__us-gaap--StatementEquityComponentsAxis__us-gaap--CommonStockMember_ztQ2tgy9fMWe" title="Issuance of Common stock, shares"&gt;1,115,000&lt;/span&gt; shares of common stock for total proceeds of $&lt;span id="xdx_908_eus-gaap--StockIssuedDuringPeriodValueNewIssues_c20210801__20211031_zMt9IYo61ghi" title="Issuance of common stock"&gt;22,300&lt;/span&gt;.&lt;/span&gt;&lt;/p&gt;

&lt;p style="font: 10pt Times New Roman, Times, Serif; margin: 0pt; text-align: justify; background-color: white"&gt;&lt;span style="font-family: Times New Roman, Times, Serif; font-size: 10pt"&gt; &lt;/span&gt;&lt;/p&gt;

&lt;p style="font: 10pt Times New Roman, Times, Serif; margin: 0pt; text-align: justify; background-color: white"&gt;&lt;span style="font-family: Times New Roman, Times, Serif; font-size: 10pt; background-color: white"&gt;There
was no capital stock activity during the three months ended October 31, 2022. &lt;/span&gt;&lt;/p&gt;

&lt;p style="font: 10pt Times New Roman, Times, Serif; margin: 0pt; text-align: justify; background-color: white"&gt;&lt;span style="font-family: Times New Roman, Times, Serif; font-size: 10pt"&gt; &lt;/span&gt;&lt;/p&gt;

&lt;p style="font: 10pt Times New Roman, Times, Serif; margin: 0pt; text-align: justify; background-color: white"&gt;&lt;span style="font-family: Times New Roman, Times, Serif; font-size: 10pt; background-color: white"&gt;As
of October 31, 2022, there were no issued and outstanding stock options or warrants.&lt;/span&gt;&lt;/p&gt;

&lt;p style="font: 10pt Times New Roman, Times, Serif; margin: 0pt; text-align: justify; text-indent: -0.5pt; background-color: white"&gt;&lt;span style="font-family: Times New Roman, Times, Serif; font-size: 10pt"&gt;&lt;b&gt; &lt;/b&gt;&lt;/span&gt;&lt;/p&gt;

</us-gaap:StockholdersEquityNoteDisclosureTextBlock>
  <us-gaap:StockholdersEquity id="f97" decimals="0" contextRef="c22" unitRef="usd">20112.0</us-gaap:StockholdersEquity>
  <us-gaap:StockIssuedDuringPeriodValueNewIssues id="f98" xsi:nil="true" contextRef="c21" unitRef="usd"/>
  <dei:EntityAddressPostalZipCode id="f99" contextRef="c">89117</dei:EntityAddressPostalZipCode>
  <us-gaap:DepositsAssetsCurrent id="f100" decimals="0" contextRef="c2" unitRef="usd">10000.0</us-gaap:DepositsAssetsCurrent>
  <us-gaap:StockholdersEquity id="f101" decimals="0" contextRef="c23" unitRef="usd">22188.0</us-gaap:StockholdersEquity>
  <us-gaap:RetainedEarningsAccumulatedDeficit id="f102" decimals="0" contextRef="c2" unitRef="usd">-221351.0</us-gaap:RetainedEarningsAccumulatedDeficit>
  <us-gaap:PropertyPlantAndEquipmentNet id="f103" decimals="0" contextRef="c3" unitRef="usd">5428.0</us-gaap:PropertyPlantAndEquipmentNet>
  <us-gaap:StockIssuedDuringPeriodValueNewIssues id="f104" xsi:nil="true" contextRef="c" unitRef="usd"/>
  <us-gaap:AssetsNoncurrent id="f105" decimals="0" contextRef="c3" unitRef="usd">168428.0</us-gaap:AssetsNoncurrent>
  <us-gaap:StockholdersEquity id="f106" decimals="0" contextRef="c24" unitRef="usd">-226058.0</us-gaap:StockholdersEquity>
  <us-gaap:NetIncomeLoss id="f107" xsi:nil="true" contextRef="c20" unitRef="usd"/>
  <pcvl:GeneralRevenues id="f108" decimals="0" contextRef="c7" unitRef="usd">139.0</pcvl:GeneralRevenues>
  <us-gaap:StockholdersEquity id="f109" decimals="0" contextRef="c3" unitRef="usd">-183759.0</us-gaap:StockholdersEquity>
  <us-gaap:AssetsCurrent id="f110" decimals="0" contextRef="c2" unitRef="usd">10096.0</us-gaap:AssetsCurrent>
  <dei:CityAreaCode id="f111" contextRef="c">269</dei:CityAreaCode>
  <us-gaap:NetCashProvidedByUsedInInvestingActivities id="f112" xsi:nil="true" contextRef="c" unitRef="usd"/>
  <us-gaap:FiniteLivedIntangibleAssetsNet id="f113" decimals="0" contextRef="c3" unitRef="usd">163000.0</us-gaap:FiniteLivedIntangibleAssetsNet>
  <us-gaap:SubsequentEventsTextBlock id="f114" contextRef="c">&lt;p id="xdx_808_eus-gaap--SubsequentEventsTextBlock_zzgpWaQikj4h" style="font: 10pt Times New Roman, Times, Serif; margin: 0pt; text-align: justify; text-indent: -0.5pt; background-color: white"&gt;&lt;span style="font-family: Times New Roman, Times, Serif; font-size: 10pt; background-color: white"&gt;&lt;b&gt;5. &lt;span id="xdx_826_zeB9P5UO1xud"&gt;SUBSEQUENT
EVENTS&lt;/span&gt;&lt;/b&gt;&lt;/span&gt;&lt;/p&gt;

&lt;p style="font: 10pt Times New Roman, Times, Serif; margin: 0pt; text-align: justify; text-indent: -0.5pt; background-color: white"&gt;&lt;span style="font-family: Times New Roman, Times, Serif; font-size: 10pt"&gt; &lt;/span&gt;&lt;/p&gt;

&lt;p style="font: 10pt Times New Roman, Times, Serif; margin: 0pt"&gt;&lt;span style="font-family: Times New Roman, Times, Serif; font-size: 10pt; background-color: white"&gt;None.&lt;/span&gt;&lt;/p&gt;

</us-gaap:SubsequentEventsTextBlock>
  <us-gaap:ProfitLoss id="f115" decimals="0" contextRef="c" unitRef="usd">-4706.0</us-gaap:ProfitLoss>
  <us-gaap:IncreaseDecreaseInPrepaidExpense id="f116" xsi:nil="true" contextRef="c" unitRef="usd"/>
  <us-gaap:StockholdersEquityIncludingPortionAttributableToNoncontrollingInterest id="f117" decimals="0" contextRef="c2" unitRef="usd">-179051.0</us-gaap:StockholdersEquityIncludingPortionAttributableToNoncontrollingInterest>
  <pcvl:ProceedsFromPaidInCapital id="f118" xsi:nil="true" contextRef="c7" unitRef="usd"/>
  <us-gaap:Revenues id="f119" decimals="0" contextRef="c7" unitRef="usd">139.0</us-gaap:Revenues>
  <us-gaap:ProceedsFromIssuanceOfCommonStock id="f120" xsi:nil="true" contextRef="c" unitRef="usd"/>
  <us-gaap:PropertyPlantAndEquipmentNet id="f121" decimals="0" contextRef="c2" unitRef="usd">5428.0</us-gaap:PropertyPlantAndEquipmentNet>
  <us-gaap:NetCashProvidedByUsedInFinancingActivities id="f122" decimals="0" contextRef="c7" unitRef="usd">22300.0</us-gaap:NetCashProvidedByUsedInFinancingActivities>
  <us-gaap:PaymentsToAcquireProductiveAssets id="f123" xsi:nil="true" contextRef="c" unitRef="usd"/>
  <us-gaap:PaymentsToAcquireProductiveAssets id="f124" decimals="0" contextRef="c7" unitRef="usd">160000.0</us-gaap:PaymentsToAcquireProductiveAssets>
  <us-gaap:LiabilitiesAndStockholdersEquity id="f125" decimals="0" contextRef="c2" unitRef="usd">178524.0</us-gaap:LiabilitiesAndStockholdersEquity>
  <us-gaap:FiniteLivedIntangibleAssetsNet id="f126" decimals="0" contextRef="c2" unitRef="usd">163000.0</us-gaap:FiniteLivedIntangibleAssetsNet>
  <us-gaap:IncreaseDecreaseInAccountsPayableAndAccruedLiabilities id="f127" decimals="0" contextRef="c" unitRef="usd">4825.0</us-gaap:IncreaseDecreaseInAccountsPayableAndAccruedLiabilities>
  <us-gaap:GeneralAndAdministrativeExpense id="f128" decimals="0" contextRef="c" unitRef="usd">4706.0</us-gaap:GeneralAndAdministrativeExpense>
  <us-gaap:IncreaseDecreaseInPrepaidExpense id="f129" xsi:nil="true" contextRef="c7" unitRef="usd"/>
  <us-gaap:ProfitLoss id="f130" decimals="0" contextRef="c7" unitRef="usd">-57426.0</us-gaap:ProfitLoss>
  <us-gaap:NetIncomeLoss id="f131" decimals="0" contextRef="c7" unitRef="usd">-57426.0</us-gaap:NetIncomeLoss>
  <dei:EntityAddressAddressLine1 id="f132" contextRef="c">2261 Rosanna Street</dei:EntityAddressAddressLine1>
  <us-gaap:Assets id="f133" decimals="0" contextRef="c3" unitRef="usd">178643.0</us-gaap:Assets>
  <us-gaap:NetCashProvidedByUsedInOperatingActivities id="f134" decimals="0" contextRef="c" unitRef="usd">119.0</us-gaap:NetCashProvidedByUsedInOperatingActivities>
  <us-gaap:GeneralAndAdministrativeExpense id="f135" decimals="0" contextRef="c7" unitRef="usd">57565.0</us-gaap:GeneralAndAdministrativeExpense>
  <us-gaap:IncreaseDecreaseInAccountsPayableAndAccruedLiabilities id="f136" decimals="0" contextRef="c7" unitRef="usd">217146.0</us-gaap:IncreaseDecreaseInAccountsPayableAndAccruedLiabilities>
  <pcvl:ProceedsFromPaidInCapital id="f137" xsi:nil="true" contextRef="c" unitRef="usd"/>
  <us-gaap:WeightedAverageNumberOfShareOutstandingBasicAndDiluted id="f138" decimals="INF" contextRef="c" unitRef="shares">201115000.0</us-gaap:WeightedAverageNumberOfShareOutstandingBasicAndDiluted>
  <us-gaap:AssetsNoncurrent id="f139" decimals="0" contextRef="c2" unitRef="usd">168428.0</us-gaap:AssetsNoncurrent>
  <us-gaap:NetCashProvidedByUsedInInvestingActivities id="f140" decimals="0" contextRef="c7" unitRef="usd">-160000.0</us-gaap:NetCashProvidedByUsedInInvestingActivities>
  <us-gaap:CommonStockSharesOutstanding id="f141" decimals="INF" contextRef="c2" unitRef="shares">201115000.0</us-gaap:CommonStockSharesOutstanding>
  <us-gaap:NetCashProvidedByUsedInFinancingActivities id="f142" xsi:nil="true" contextRef="c" unitRef="usd"/>
  <us-gaap:SharesOutstanding id="f143" decimals="INF" contextRef="c6" unitRef="shares">200000000.0</us-gaap:SharesOutstanding>
  <us-gaap:NetCashProvidedByUsedInOperatingActivities id="f144" decimals="0" contextRef="c7" unitRef="usd">159720.0</us-gaap:NetCashProvidedByUsedInOperatingActivities>
  <us-gaap:WeightedAverageNumberOfShareOutstandingBasicAndDiluted id="f145" decimals="INF" contextRef="c7" unitRef="shares">201115000.0</us-gaap:WeightedAverageNumberOfShareOutstandingBasicAndDiluted>
  <us-gaap:AccountsPayableAndAccruedLiabilitiesCurrent id="f146" decimals="0" contextRef="c3" unitRef="usd">362401.0</us-gaap:AccountsPayableAndAccruedLiabilitiesCurrent>
</xbrli:xbrl>
