<link:linkbase xmlns:link="http://www.xbrl.org/2003/linkbase" xmlns:xlink="http://www.w3.org/1999/xlink" xmlns:xsi="http://www.w3.org/2001/XMLSchema-instance" xmlns:gen="http://xbrl.org/2008/generic" xsi:schemaLocation="http://www.xbrl.org/2003/linkbase http://www.xbrl.org/2003/xbrl-linkbase-2003-12-31.xsd http://xbrl.org/2008/generic http://www.xbrl.org/2008/generic-link.xsd">
  <link:roleRef roleURI="http://edgar/role/DocumentInformation" xlink:href="e60501000gd-20111231.xsd#DocumentInformation" xlink:type="simple"/>
  <link:roleRef roleURI="http://edgar/role/EntityInformation" xlink:href="e60501000gd-20111231.xsd#EntityInformation" xlink:type="simple"/>
  <link:roleRef roleURI="http://edgar/role/Defaults" xlink:href="e60501000gd-20111231.xsd#Defaults" xlink:type="simple"/>
  <link:arcroleRef arcroleURI="http://xbrl.org/int/dim/arcrole/domain-member" xlink:href="http://www.xbrl.org/2005/xbrldt-2005.xsd#domain-member" xlink:type="simple"/>
  <link:arcroleRef arcroleURI="http://xbrl.org/int/dim/arcrole/dimension-domain" xlink:href="http://www.xbrl.org/2005/xbrldt-2005.xsd#dimension-domain" xlink:type="simple"/>
  <link:arcroleRef arcroleURI="http://xbrl.org/int/dim/arcrole/dimension-default" xlink:href="http://www.xbrl.org/2005/xbrldt-2005.xsd#dimension-default" xlink:type="simple"/>
  <link:arcroleRef arcroleURI="http://xbrl.org/int/dim/arcrole/hypercube-dimension" xlink:href="http://www.xbrl.org/2005/xbrldt-2005.xsd#hypercube-dimension" xlink:type="simple"/>
  <link:arcroleRef arcroleURI="http://xbrl.org/int/dim/arcrole/all" xlink:href="http://www.xbrl.org/2005/xbrldt-2005.xsd#all" xlink:type="simple"/>
  <link:definitionLink xlink:role="http://edgar/role/Defaults" xlink:type="extended">
    <link:loc xlink:label="ns5_AddressTypeDomain" xlink:href="https://xbrl.sec.gov/dei/2023/dei-2023.xsd#dei_AddressTypeDomain" xlink:type="locator"/>
    <link:loc xlink:label="ns5_OtherAddressMember" xlink:href="https://xbrl.sec.gov/dei/2023/dei-2023.xsd#dei_OtherAddressMember" xlink:type="locator"/>
    <link:definitionArc xlink:arcrole="http://xbrl.org/int/dim/arcrole/domain-member" xlink:type="arc" xlink:from="ns5_AddressTypeDomain" xlink:to="ns5_OtherAddressMember" order="3.0"/>
    <link:loc xlink:label="ns5_ContactPersonTypeDomain" xlink:href="https://xbrl.sec.gov/dei/2023/dei-2023.xsd#dei_ContactPersonTypeDomain" xlink:type="locator"/>
    <link:loc xlink:label="ns5_LegalContactMember" xlink:href="https://xbrl.sec.gov/dei/2023/dei-2023.xsd#dei_LegalContactMember" xlink:type="locator"/>
    <link:definitionArc xlink:arcrole="http://xbrl.org/int/dim/arcrole/domain-member" xlink:type="arc" xlink:from="ns5_ContactPersonTypeDomain" xlink:to="ns5_LegalContactMember" order="2.0"/>
    <link:loc xlink:label="ns5_DocumentContactMember" xlink:href="https://xbrl.sec.gov/dei/2023/dei-2023.xsd#dei_DocumentContactMember" xlink:type="locator"/>
    <link:definitionArc xlink:arcrole="http://xbrl.org/int/dim/arcrole/domain-member" xlink:type="arc" xlink:from="ns5_ContactPersonTypeDomain" xlink:to="ns5_DocumentContactMember" order="1.0"/>
    <link:loc xlink:label="ns5_PhoneFaxNumberTypeDomain" xlink:href="https://xbrl.sec.gov/dei/2023/dei-2023.xsd#dei_PhoneFaxNumberTypeDomain" xlink:type="locator"/>
    <link:loc xlink:label="ns5_ContactFaxMember" xlink:href="https://xbrl.sec.gov/dei/2023/dei-2023.xsd#dei_ContactFaxMember" xlink:type="locator"/>
    <link:definitionArc xlink:arcrole="http://xbrl.org/int/dim/arcrole/domain-member" xlink:type="arc" xlink:from="ns5_PhoneFaxNumberTypeDomain" xlink:to="ns5_ContactFaxMember" order="10.0"/>
    <link:loc xlink:label="ns5_AccountingPhoneMember" xlink:href="https://xbrl.sec.gov/dei/2023/dei-2023.xsd#dei_AccountingPhoneMember" xlink:type="locator"/>
    <link:definitionArc xlink:arcrole="http://xbrl.org/int/dim/arcrole/domain-member" xlink:type="arc" xlink:from="ns5_PhoneFaxNumberTypeDomain" xlink:to="ns5_AccountingPhoneMember" order="7.0"/>
    <link:loc xlink:label="ns5_AccountingFaxMember" xlink:href="https://xbrl.sec.gov/dei/2023/dei-2023.xsd#dei_AccountingFaxMember" xlink:type="locator"/>
    <link:definitionArc xlink:arcrole="http://xbrl.org/int/dim/arcrole/domain-member" xlink:type="arc" xlink:from="ns5_PhoneFaxNumberTypeDomain" xlink:to="ns5_AccountingFaxMember" order="8.0"/>
    <link:loc xlink:label="ns5_LegalFaxMember" xlink:href="https://xbrl.sec.gov/dei/2023/dei-2023.xsd#dei_LegalFaxMember" xlink:type="locator"/>
    <link:definitionArc xlink:arcrole="http://xbrl.org/int/dim/arcrole/domain-member" xlink:type="arc" xlink:from="ns5_PhoneFaxNumberTypeDomain" xlink:to="ns5_LegalFaxMember" order="6.0"/>
    <link:loc xlink:label="ns5_BusinessContactMember" xlink:href="https://xbrl.sec.gov/dei/2023/dei-2023.xsd#dei_BusinessContactMember" xlink:type="locator"/>
    <link:definitionArc xlink:arcrole="http://xbrl.org/int/dim/arcrole/domain-member" xlink:type="arc" xlink:from="ns5_ContactPersonTypeDomain" xlink:to="ns5_BusinessContactMember" order="3.0"/>
    <link:loc xlink:label="ns5_InvestorRelationsFaxMember" xlink:href="https://xbrl.sec.gov/dei/2023/dei-2023.xsd#dei_InvestorRelationsFaxMember" xlink:type="locator"/>
    <link:definitionArc xlink:arcrole="http://xbrl.org/int/dim/arcrole/domain-member" xlink:type="arc" xlink:from="ns5_PhoneFaxNumberTypeDomain" xlink:to="ns5_InvestorRelationsFaxMember" order="2.0"/>
    <link:loc xlink:label="ns5_ContactPhoneMember" xlink:href="https://xbrl.sec.gov/dei/2023/dei-2023.xsd#dei_ContactPhoneMember" xlink:type="locator"/>
    <link:definitionArc xlink:arcrole="http://xbrl.org/int/dim/arcrole/domain-member" xlink:type="arc" xlink:from="ns5_PhoneFaxNumberTypeDomain" xlink:to="ns5_ContactPhoneMember" order="9.0"/>
    <link:loc xlink:label="ns5_GeneralFaxMember" xlink:href="https://xbrl.sec.gov/dei/2023/dei-2023.xsd#dei_GeneralFaxMember" xlink:type="locator"/>
    <link:definitionArc xlink:arcrole="http://xbrl.org/int/dim/arcrole/domain-member" xlink:type="arc" xlink:from="ns5_PhoneFaxNumberTypeDomain" xlink:to="ns5_GeneralFaxMember" order="4.0"/>
    <link:loc xlink:label="ns5_LegalPhoneMember" xlink:href="https://xbrl.sec.gov/dei/2023/dei-2023.xsd#dei_LegalPhoneMember" xlink:type="locator"/>
    <link:definitionArc xlink:arcrole="http://xbrl.org/int/dim/arcrole/domain-member" xlink:type="arc" xlink:from="ns5_PhoneFaxNumberTypeDomain" xlink:to="ns5_LegalPhoneMember" order="5.0"/>
    <link:loc xlink:label="ns5_LegalAddressMember" xlink:href="https://xbrl.sec.gov/dei/2023/dei-2023.xsd#dei_LegalAddressMember" xlink:type="locator"/>
    <link:definitionArc xlink:arcrole="http://xbrl.org/int/dim/arcrole/domain-member" xlink:type="arc" xlink:from="ns5_AddressTypeDomain" xlink:to="ns5_LegalAddressMember" order="4.0"/>
    <link:loc xlink:label="ns5_InvestorRelationsContactMember" xlink:href="https://xbrl.sec.gov/dei/2023/dei-2023.xsd#dei_InvestorRelationsContactMember" xlink:type="locator"/>
    <link:definitionArc xlink:arcrole="http://xbrl.org/int/dim/arcrole/domain-member" xlink:type="arc" xlink:from="ns5_ContactPersonTypeDomain" xlink:to="ns5_InvestorRelationsContactMember" order="5.0"/>
    <link:loc xlink:label="ns5_InvestorRelationsPhoneMember" xlink:href="https://xbrl.sec.gov/dei/2023/dei-2023.xsd#dei_InvestorRelationsPhoneMember" xlink:type="locator"/>
    <link:definitionArc xlink:arcrole="http://xbrl.org/int/dim/arcrole/domain-member" xlink:type="arc" xlink:from="ns5_PhoneFaxNumberTypeDomain" xlink:to="ns5_InvestorRelationsPhoneMember" order="1.0"/>
    <link:loc xlink:label="ns5_EntityDomain" xlink:href="https://xbrl.sec.gov/dei/2023/dei-2023.xsd#dei_EntityDomain" xlink:type="locator"/>
    <link:loc xlink:label="ns7_AbcfsMember" xlink:href="e60501000gd-20111231.xsd#edgar_AbcfsMember" xlink:type="locator"/>
    <link:definitionArc xlink:arcrole="http://xbrl.org/int/dim/arcrole/domain-member" xlink:type="arc" xlink:from="ns5_EntityDomain" xlink:to="ns7_AbcfsMember" order="1.0"/>
    <link:loc xlink:label="ns5_GeneralPhoneMember" xlink:href="https://xbrl.sec.gov/dei/2023/dei-2023.xsd#dei_GeneralPhoneMember" xlink:type="locator"/>
    <link:definitionArc xlink:arcrole="http://xbrl.org/int/dim/arcrole/domain-member" xlink:type="arc" xlink:from="ns5_PhoneFaxNumberTypeDomain" xlink:to="ns5_GeneralPhoneMember" order="3.0"/>
    <link:loc xlink:label="ns5_DocumentDomain" xlink:href="https://xbrl.sec.gov/dei/2023/dei-2023.xsd#dei_DocumentDomain" xlink:type="locator"/>
    <link:loc xlink:label="ns7_Form10KMember" xlink:href="e60501000gd-20111231.xsd#edgar_Form10KMember" xlink:type="locator"/>
    <link:definitionArc xlink:arcrole="http://xbrl.org/int/dim/arcrole/domain-member" xlink:type="arc" xlink:from="ns5_DocumentDomain" xlink:to="ns7_Form10KMember" order="1.0"/>
    <link:loc xlink:label="ns5_AccountingContactMember" xlink:href="https://xbrl.sec.gov/dei/2023/dei-2023.xsd#dei_AccountingContactMember" xlink:type="locator"/>
    <link:definitionArc xlink:arcrole="http://xbrl.org/int/dim/arcrole/domain-member" xlink:type="arc" xlink:from="ns5_ContactPersonTypeDomain" xlink:to="ns5_AccountingContactMember" order="4.0"/>
    <link:loc xlink:label="ns5_ContactAddressMember" xlink:href="https://xbrl.sec.gov/dei/2023/dei-2023.xsd#dei_ContactAddressMember" xlink:type="locator"/>
    <link:definitionArc xlink:arcrole="http://xbrl.org/int/dim/arcrole/domain-member" xlink:type="arc" xlink:from="ns5_AddressTypeDomain" xlink:to="ns5_ContactAddressMember" order="6.0"/>
    <link:loc xlink:label="ns5_MailingAddressMember" xlink:href="https://xbrl.sec.gov/dei/2023/dei-2023.xsd#dei_MailingAddressMember" xlink:type="locator"/>
    <link:definitionArc xlink:arcrole="http://xbrl.org/int/dim/arcrole/domain-member" xlink:type="arc" xlink:from="ns5_AddressTypeDomain" xlink:to="ns5_MailingAddressMember" order="1.0"/>
    <link:loc xlink:label="ns7_AbcMember" xlink:href="e60501000gd-20111231.xsd#edgar_AbcMember" xlink:type="locator"/>
    <link:definitionArc xlink:arcrole="http://xbrl.org/int/dim/arcrole/domain-member" xlink:type="arc" xlink:from="ns5_EntityDomain" xlink:to="ns7_AbcMember" order="2.0"/>
    <link:loc xlink:label="ns5_AccountingAddressMember" xlink:href="https://xbrl.sec.gov/dei/2023/dei-2023.xsd#dei_AccountingAddressMember" xlink:type="locator"/>
    <link:definitionArc xlink:arcrole="http://xbrl.org/int/dim/arcrole/domain-member" xlink:type="arc" xlink:from="ns5_AddressTypeDomain" xlink:to="ns5_AccountingAddressMember" order="5.0"/>
    <link:loc xlink:label="ns5_HumanResourcesContactMember" xlink:href="https://xbrl.sec.gov/dei/2023/dei-2023.xsd#dei_HumanResourcesContactMember" xlink:type="locator"/>
    <link:definitionArc xlink:arcrole="http://xbrl.org/int/dim/arcrole/domain-member" xlink:type="arc" xlink:from="ns5_ContactPersonTypeDomain" xlink:to="ns5_HumanResourcesContactMember" order="6.0"/>
    <link:loc xlink:label="ns7_Exhibit31Member" xlink:href="e60501000gd-20111231.xsd#edgar_Exhibit31Member" xlink:type="locator"/>
    <link:definitionArc xlink:arcrole="http://xbrl.org/int/dim/arcrole/domain-member" xlink:type="arc" xlink:from="ns5_DocumentDomain" xlink:to="ns7_Exhibit31Member" order="2.0"/>
  </link:definitionLink>
  <link:definitionLink xlink:role="http://edgar/role/DocumentInformation" xlink:type="extended">
    <link:loc xlink:label="ns5_DocumentInformationLineItems" xlink:href="https://xbrl.sec.gov/dei/2023/dei-2023.xsd#dei_DocumentInformationLineItems" xlink:type="locator"/>
    <link:loc xlink:label="ns5_DocumentPeriodStartDate" xlink:href="https://xbrl.sec.gov/dei/2023/dei-2023.xsd#dei_DocumentPeriodStartDate" xlink:type="locator"/>
    <link:definitionArc xlink:arcrole="http://xbrl.org/int/dim/arcrole/domain-member" xlink:type="arc" xlink:from="ns5_DocumentInformationLineItems" xlink:to="ns5_DocumentPeriodStartDate" order="13.0"/>
    <link:loc xlink:label="ns5_ContainedFileInformationFileName" xlink:href="https://xbrl.sec.gov/dei/2023/dei-2023.xsd#dei_ContainedFileInformationFileName" xlink:type="locator"/>
    <link:definitionArc xlink:arcrole="http://xbrl.org/int/dim/arcrole/domain-member" xlink:type="arc" xlink:from="ns5_DocumentInformationLineItems" xlink:to="ns5_ContainedFileInformationFileName" order="19.0"/>
    <link:loc xlink:label="ns5_DocumentDomain" xlink:href="https://xbrl.sec.gov/dei/2023/dei-2023.xsd#dei_DocumentDomain" xlink:type="locator"/>
    <link:loc xlink:label="ns7_Exhibit31Member" xlink:href="e60501000gd-20111231.xsd#edgar_Exhibit31Member" xlink:type="locator"/>
    <link:definitionArc xlink:arcrole="http://xbrl.org/int/dim/arcrole/domain-member" xlink:type="arc" xlink:from="ns5_DocumentDomain" xlink:to="ns7_Exhibit31Member" order="2.0"/>
    <link:loc xlink:label="ns5_ContainedFileInformationFileDescription" xlink:href="https://xbrl.sec.gov/dei/2023/dei-2023.xsd#dei_ContainedFileInformationFileDescription" xlink:type="locator"/>
    <link:definitionArc xlink:arcrole="http://xbrl.org/int/dim/arcrole/domain-member" xlink:type="arc" xlink:from="ns5_DocumentInformationLineItems" xlink:to="ns5_ContainedFileInformationFileDescription" order="20.0"/>
    <link:loc xlink:label="ns5_DocumentFiscalPeriodFocus" xlink:href="https://xbrl.sec.gov/dei/2023/dei-2023.xsd#dei_DocumentFiscalPeriodFocus" xlink:type="locator"/>
    <link:definitionArc xlink:arcrole="http://xbrl.org/int/dim/arcrole/domain-member" xlink:type="arc" xlink:from="ns5_DocumentInformationLineItems" xlink:to="ns5_DocumentFiscalPeriodFocus" order="16.0"/>
    <link:loc xlink:label="ns5_ContainedFileInformationFileType" xlink:href="https://xbrl.sec.gov/dei/2023/dei-2023.xsd#dei_ContainedFileInformationFileType" xlink:type="locator"/>
    <link:definitionArc xlink:arcrole="http://xbrl.org/int/dim/arcrole/domain-member" xlink:type="arc" xlink:from="ns5_DocumentInformationLineItems" xlink:to="ns5_ContainedFileInformationFileType" order="21.0"/>
    <link:loc xlink:label="ns5_DocumentType" xlink:href="https://xbrl.sec.gov/dei/2023/dei-2023.xsd#dei_DocumentType" xlink:type="locator"/>
    <link:definitionArc xlink:arcrole="http://xbrl.org/int/dim/arcrole/domain-member" xlink:type="arc" xlink:from="ns5_DocumentInformationLineItems" xlink:to="ns5_DocumentType" order="6.0"/>
    <link:loc xlink:label="ns5_ContainedFileInformationFileNumber" xlink:href="https://xbrl.sec.gov/dei/2023/dei-2023.xsd#dei_ContainedFileInformationFileNumber" xlink:type="locator"/>
    <link:definitionArc xlink:arcrole="http://xbrl.org/int/dim/arcrole/domain-member" xlink:type="arc" xlink:from="ns5_DocumentInformationLineItems" xlink:to="ns5_ContainedFileInformationFileNumber" order="22.0"/>
    <link:loc xlink:label="ns5_EntityEmergingGrowthCompany" xlink:href="https://xbrl.sec.gov/dei/2023/dei-2023.xsd#dei_EntityEmergingGrowthCompany" xlink:type="locator"/>
    <link:definitionArc xlink:arcrole="http://xbrl.org/int/dim/arcrole/domain-member" xlink:type="arc" xlink:from="ns5_DocumentInformationLineItems" xlink:to="ns5_EntityEmergingGrowthCompany" order="6.11"/>
    <link:loc xlink:label="ns5_DocumentTitle" xlink:href="https://xbrl.sec.gov/dei/2023/dei-2023.xsd#dei_DocumentTitle" xlink:type="locator"/>
    <link:definitionArc xlink:arcrole="http://xbrl.org/int/dim/arcrole/domain-member" xlink:type="arc" xlink:from="ns5_DocumentInformationLineItems" xlink:to="ns5_DocumentTitle" order="3.0"/>
    <link:loc xlink:label="ns5_DocumentPeriodEndDate" xlink:href="https://xbrl.sec.gov/dei/2023/dei-2023.xsd#dei_DocumentPeriodEndDate" xlink:type="locator"/>
    <link:definitionArc xlink:arcrole="http://xbrl.org/int/dim/arcrole/domain-member" xlink:type="arc" xlink:from="ns5_DocumentInformationLineItems" xlink:to="ns5_DocumentPeriodEndDate" order="14.0"/>
    <link:loc xlink:label="ns5_AmendmentDescription" xlink:href="https://xbrl.sec.gov/dei/2023/dei-2023.xsd#dei_AmendmentDescription" xlink:type="locator"/>
    <link:definitionArc xlink:arcrole="http://xbrl.org/int/dim/arcrole/domain-member" xlink:type="arc" xlink:from="ns5_DocumentInformationLineItems" xlink:to="ns5_AmendmentDescription" order="9.0"/>
    <link:loc xlink:label="ns5_DocumentCreationDate" xlink:href="https://xbrl.sec.gov/dei/2023/dei-2023.xsd#dei_DocumentCreationDate" xlink:type="locator"/>
    <link:definitionArc xlink:arcrole="http://xbrl.org/int/dim/arcrole/domain-member" xlink:type="arc" xlink:from="ns5_DocumentInformationLineItems" xlink:to="ns5_DocumentCreationDate" order="11.0"/>
    <link:loc xlink:label="ns5_DocumentSubtitle" xlink:href="https://xbrl.sec.gov/dei/2023/dei-2023.xsd#dei_DocumentSubtitle" xlink:type="locator"/>
    <link:definitionArc xlink:arcrole="http://xbrl.org/int/dim/arcrole/domain-member" xlink:type="arc" xlink:from="ns5_DocumentInformationLineItems" xlink:to="ns5_DocumentSubtitle" order="4.0"/>
    <link:loc xlink:label="ns5_DocumentVersion" xlink:href="https://xbrl.sec.gov/dei/2023/dei-2023.xsd#dei_DocumentVersion" xlink:type="locator"/>
    <link:definitionArc xlink:arcrole="http://xbrl.org/int/dim/arcrole/domain-member" xlink:type="arc" xlink:from="ns5_DocumentInformationLineItems" xlink:to="ns5_DocumentVersion" order="17.0"/>
    <link:loc xlink:label="ns5_EntitySmallBusiness" xlink:href="https://xbrl.sec.gov/dei/2023/dei-2023.xsd#dei_EntitySmallBusiness" xlink:type="locator"/>
    <link:definitionArc xlink:arcrole="http://xbrl.org/int/dim/arcrole/domain-member" xlink:type="arc" xlink:from="ns5_DocumentInformationLineItems" xlink:to="ns5_EntitySmallBusiness" order="6.13"/>
    <link:loc xlink:label="ns5_EntityInvCompanyType" xlink:href="https://xbrl.sec.gov/dei/2023/dei-2023.xsd#dei_EntityInvCompanyType" xlink:type="locator"/>
    <link:definitionArc xlink:arcrole="http://xbrl.org/int/dim/arcrole/domain-member" xlink:type="arc" xlink:from="ns5_DocumentInformationLineItems" xlink:to="ns5_EntityInvCompanyType" order="6.12"/>
    <link:loc xlink:label="ns7_Form10KMember" xlink:href="e60501000gd-20111231.xsd#edgar_Form10KMember" xlink:type="locator"/>
    <link:definitionArc xlink:arcrole="http://xbrl.org/int/dim/arcrole/domain-member" xlink:type="arc" xlink:from="ns5_DocumentDomain" xlink:to="ns7_Form10KMember" order="1.0"/>
    <link:loc xlink:label="ns5_DocumentFiscalYearFocus" xlink:href="https://xbrl.sec.gov/dei/2023/dei-2023.xsd#dei_DocumentFiscalYearFocus" xlink:type="locator"/>
    <link:definitionArc xlink:arcrole="http://xbrl.org/int/dim/arcrole/domain-member" xlink:type="arc" xlink:from="ns5_DocumentInformationLineItems" xlink:to="ns5_DocumentFiscalYearFocus" order="15.0"/>
    <link:loc xlink:label="ns5_DocumentEffectiveDate" xlink:href="https://xbrl.sec.gov/dei/2023/dei-2023.xsd#dei_DocumentEffectiveDate" xlink:type="locator"/>
    <link:definitionArc xlink:arcrole="http://xbrl.org/int/dim/arcrole/domain-member" xlink:type="arc" xlink:from="ns5_DocumentInformationLineItems" xlink:to="ns5_DocumentEffectiveDate" order="12.0"/>
    <link:loc xlink:label="ns5_AmendmentFlag" xlink:href="https://xbrl.sec.gov/dei/2023/dei-2023.xsd#dei_AmendmentFlag" xlink:type="locator"/>
    <link:definitionArc xlink:arcrole="http://xbrl.org/int/dim/arcrole/domain-member" xlink:type="arc" xlink:from="ns5_DocumentInformationLineItems" xlink:to="ns5_AmendmentFlag" order="8.0"/>
    <link:loc xlink:label="ns5_DocumentSynopsis" xlink:href="https://xbrl.sec.gov/dei/2023/dei-2023.xsd#dei_DocumentSynopsis" xlink:type="locator"/>
    <link:definitionArc xlink:arcrole="http://xbrl.org/int/dim/arcrole/domain-member" xlink:type="arc" xlink:from="ns5_DocumentInformationLineItems" xlink:to="ns5_DocumentSynopsis" order="5.0"/>
    <link:loc xlink:label="ns5_DocumentDescription" xlink:href="https://xbrl.sec.gov/dei/2023/dei-2023.xsd#dei_DocumentDescription" xlink:type="locator"/>
    <link:definitionArc xlink:arcrole="http://xbrl.org/int/dim/arcrole/domain-member" xlink:type="arc" xlink:from="ns5_DocumentInformationLineItems" xlink:to="ns5_DocumentDescription" order="10.0"/>
    <link:loc xlink:label="ns5_DocumentCopyrightInformation" xlink:href="https://xbrl.sec.gov/dei/2023/dei-2023.xsd#dei_DocumentCopyrightInformation" xlink:type="locator"/>
    <link:definitionArc xlink:arcrole="http://xbrl.org/int/dim/arcrole/domain-member" xlink:type="arc" xlink:from="ns5_DocumentInformationLineItems" xlink:to="ns5_DocumentCopyrightInformation" order="18.0"/>
    <link:loc xlink:label="ns5_DocumentName" xlink:href="https://xbrl.sec.gov/dei/2023/dei-2023.xsd#dei_DocumentName" xlink:type="locator"/>
    <link:definitionArc xlink:arcrole="http://xbrl.org/int/dim/arcrole/domain-member" xlink:type="arc" xlink:from="ns5_DocumentInformationLineItems" xlink:to="ns5_DocumentName" order="2.0"/>
  </link:definitionLink>
  <link:definitionLink xlink:role="http://edgar/role/EntityInformation" xlink:type="extended">
    <link:loc xlink:label="ns5_EntityPhoneFaxNumbersLineItems" xlink:href="https://xbrl.sec.gov/dei/2023/dei-2023.xsd#dei_EntityPhoneFaxNumbersLineItems" xlink:type="locator"/>
    <link:loc xlink:label="ns5_PhoneFaxNumberDescription" xlink:href="https://xbrl.sec.gov/dei/2023/dei-2023.xsd#dei_PhoneFaxNumberDescription" xlink:type="locator"/>
    <link:definitionArc xlink:arcrole="http://xbrl.org/int/dim/arcrole/domain-member" xlink:type="arc" xlink:from="ns5_EntityPhoneFaxNumbersLineItems" xlink:to="ns5_PhoneFaxNumberDescription" order="2.0"/>
    <link:loc xlink:label="ns5_ContactPersonTypeDomain" xlink:href="https://xbrl.sec.gov/dei/2023/dei-2023.xsd#dei_ContactPersonTypeDomain" xlink:type="locator"/>
    <link:loc xlink:label="ns5_AccountingContactMember" xlink:href="https://xbrl.sec.gov/dei/2023/dei-2023.xsd#dei_AccountingContactMember" xlink:type="locator"/>
    <link:definitionArc xlink:arcrole="http://xbrl.org/int/dim/arcrole/domain-member" xlink:type="arc" xlink:from="ns5_ContactPersonTypeDomain" xlink:to="ns5_AccountingContactMember" order="4.0"/>
    <link:loc xlink:label="ns5_EntityInformationLineItems" xlink:href="https://xbrl.sec.gov/dei/2023/dei-2023.xsd#dei_EntityInformationLineItems" xlink:type="locator"/>
    <link:loc xlink:label="ns5_EntityCentralIndexKey" xlink:href="https://xbrl.sec.gov/dei/2023/dei-2023.xsd#dei_EntityCentralIndexKey" xlink:type="locator"/>
    <link:definitionArc xlink:arcrole="http://xbrl.org/int/dim/arcrole/domain-member" xlink:type="arc" xlink:from="ns5_EntityInformationLineItems" xlink:to="ns5_EntityCentralIndexKey" order="3.0"/>
    <link:loc xlink:label="ns7_Top" xlink:href="e60501000gd-20111231.xsd#edgar_Top" xlink:type="locator"/>
    <link:loc xlink:label="ns5_EntityPhoneFaxNumbersLineItems_1" xlink:href="https://xbrl.sec.gov/dei/2023/dei-2023.xsd#dei_EntityPhoneFaxNumbersLineItems" xlink:type="locator"/>
    <link:definitionArc xlink:arcrole="http://xbrl.org/int/dim/arcrole/domain-member" xlink:type="arc" xlink:from="ns7_Top" xlink:to="ns5_EntityPhoneFaxNumbersLineItems_1" order="4.0"/>
    <link:loc xlink:label="ns5_BusinessContactMember" xlink:href="https://xbrl.sec.gov/dei/2023/dei-2023.xsd#dei_BusinessContactMember" xlink:type="locator"/>
    <link:definitionArc xlink:arcrole="http://xbrl.org/int/dim/arcrole/domain-member" xlink:type="arc" xlink:from="ns5_ContactPersonTypeDomain" xlink:to="ns5_BusinessContactMember" order="3.0"/>
    <link:loc xlink:label="ns5_EntityContactPersonnelLineItems" xlink:href="https://xbrl.sec.gov/dei/2023/dei-2023.xsd#dei_EntityContactPersonnelLineItems" xlink:type="locator"/>
    <link:loc xlink:label="ns5_ContactPersonnelEmailAddress" xlink:href="https://xbrl.sec.gov/dei/2023/dei-2023.xsd#dei_ContactPersonnelEmailAddress" xlink:type="locator"/>
    <link:definitionArc xlink:arcrole="http://xbrl.org/int/dim/arcrole/domain-member" xlink:type="arc" xlink:from="ns5_EntityContactPersonnelLineItems" xlink:to="ns5_ContactPersonnelEmailAddress" order="3.0"/>
    <link:loc xlink:label="ns5_EntityAddressesLineItems" xlink:href="https://xbrl.sec.gov/dei/2023/dei-2023.xsd#dei_EntityAddressesLineItems" xlink:type="locator"/>
    <link:definitionArc xlink:arcrole="http://xbrl.org/int/dim/arcrole/domain-member" xlink:type="arc" xlink:from="ns7_Top" xlink:to="ns5_EntityAddressesLineItems" order="3.0"/>
    <link:loc xlink:label="ns5_AddressTypeDomain" xlink:href="https://xbrl.sec.gov/dei/2023/dei-2023.xsd#dei_AddressTypeDomain" xlink:type="locator"/>
    <link:loc xlink:label="ns5_OtherAddressMember" xlink:href="https://xbrl.sec.gov/dei/2023/dei-2023.xsd#dei_OtherAddressMember" xlink:type="locator"/>
    <link:definitionArc xlink:arcrole="http://xbrl.org/int/dim/arcrole/domain-member" xlink:type="arc" xlink:from="ns5_AddressTypeDomain" xlink:to="ns5_OtherAddressMember" order="3.0"/>
    <link:loc xlink:label="ns5_EntityAddressAddressLine1" xlink:href="https://xbrl.sec.gov/dei/2023/dei-2023.xsd#dei_EntityAddressAddressLine1" xlink:type="locator"/>
    <link:definitionArc xlink:arcrole="http://xbrl.org/int/dim/arcrole/domain-member" xlink:type="arc" xlink:from="ns5_EntityAddressesLineItems" xlink:to="ns5_EntityAddressAddressLine1" order="3.0"/>
    <link:loc xlink:label="ns5_PhoneFaxNumberTypeDomain" xlink:href="https://xbrl.sec.gov/dei/2023/dei-2023.xsd#dei_PhoneFaxNumberTypeDomain" xlink:type="locator"/>
    <link:loc xlink:label="ns5_GeneralPhoneMember" xlink:href="https://xbrl.sec.gov/dei/2023/dei-2023.xsd#dei_GeneralPhoneMember" xlink:type="locator"/>
    <link:definitionArc xlink:arcrole="http://xbrl.org/int/dim/arcrole/domain-member" xlink:type="arc" xlink:from="ns5_PhoneFaxNumberTypeDomain" xlink:to="ns5_GeneralPhoneMember" order="3.0"/>
    <link:loc xlink:label="ns5_CountryRegion" xlink:href="https://xbrl.sec.gov/dei/2023/dei-2023.xsd#dei_CountryRegion" xlink:type="locator"/>
    <link:definitionArc xlink:arcrole="http://xbrl.org/int/dim/arcrole/domain-member" xlink:type="arc" xlink:from="ns5_EntityPhoneFaxNumbersLineItems" xlink:to="ns5_CountryRegion" order="3.0"/>
    <link:loc xlink:label="ns5_EntityTaxIdentificationNumber" xlink:href="https://xbrl.sec.gov/dei/2023/dei-2023.xsd#dei_EntityTaxIdentificationNumber" xlink:type="locator"/>
    <link:definitionArc xlink:arcrole="http://xbrl.org/int/dim/arcrole/domain-member" xlink:type="arc" xlink:from="ns5_EntityInformationLineItems" xlink:to="ns5_EntityTaxIdentificationNumber" order="4.0"/>
    <link:loc xlink:label="ns5_EntityAddressAddressLine2" xlink:href="https://xbrl.sec.gov/dei/2023/dei-2023.xsd#dei_EntityAddressAddressLine2" xlink:type="locator"/>
    <link:definitionArc xlink:arcrole="http://xbrl.org/int/dim/arcrole/domain-member" xlink:type="arc" xlink:from="ns5_EntityAddressesLineItems" xlink:to="ns5_EntityAddressAddressLine2" order="4.0"/>
    <link:loc xlink:label="ns5_ContactPersonnelUniformResourceLocatorURL" xlink:href="https://xbrl.sec.gov/dei/2023/dei-2023.xsd#dei_ContactPersonnelUniformResourceLocatorURL" xlink:type="locator"/>
    <link:definitionArc xlink:arcrole="http://xbrl.org/int/dim/arcrole/domain-member" xlink:type="arc" xlink:from="ns5_EntityContactPersonnelLineItems" xlink:to="ns5_ContactPersonnelUniformResourceLocatorURL" order="4.0"/>
    <link:loc xlink:label="ns5_LegalAddressMember" xlink:href="https://xbrl.sec.gov/dei/2023/dei-2023.xsd#dei_LegalAddressMember" xlink:type="locator"/>
    <link:definitionArc xlink:arcrole="http://xbrl.org/int/dim/arcrole/domain-member" xlink:type="arc" xlink:from="ns5_AddressTypeDomain" xlink:to="ns5_LegalAddressMember" order="4.0"/>
    <link:loc xlink:label="ns5_GeneralFaxMember" xlink:href="https://xbrl.sec.gov/dei/2023/dei-2023.xsd#dei_GeneralFaxMember" xlink:type="locator"/>
    <link:definitionArc xlink:arcrole="http://xbrl.org/int/dim/arcrole/domain-member" xlink:type="arc" xlink:from="ns5_PhoneFaxNumberTypeDomain" xlink:to="ns5_GeneralFaxMember" order="4.0"/>
    <link:loc xlink:label="ns5_CityAreaCode" xlink:href="https://xbrl.sec.gov/dei/2023/dei-2023.xsd#dei_CityAreaCode" xlink:type="locator"/>
    <link:definitionArc xlink:arcrole="http://xbrl.org/int/dim/arcrole/domain-member" xlink:type="arc" xlink:from="ns5_EntityPhoneFaxNumbersLineItems" xlink:to="ns5_CityAreaCode" order="4.0"/>
    <link:loc xlink:label="ns5_EntityDataUniversalNumberingSystemNumber" xlink:href="https://xbrl.sec.gov/dei/2023/dei-2023.xsd#dei_EntityDataUniversalNumberingSystemNumber" xlink:type="locator"/>
    <link:definitionArc xlink:arcrole="http://xbrl.org/int/dim/arcrole/domain-member" xlink:type="arc" xlink:from="ns5_EntityInformationLineItems" xlink:to="ns5_EntityDataUniversalNumberingSystemNumber" order="5.0"/>
    <link:loc xlink:label="ns5_InvestorRelationsContactMember" xlink:href="https://xbrl.sec.gov/dei/2023/dei-2023.xsd#dei_InvestorRelationsContactMember" xlink:type="locator"/>
    <link:definitionArc xlink:arcrole="http://xbrl.org/int/dim/arcrole/domain-member" xlink:type="arc" xlink:from="ns5_ContactPersonTypeDomain" xlink:to="ns5_InvestorRelationsContactMember" order="5.0"/>
    <link:loc xlink:label="ns5_AccountingAddressMember" xlink:href="https://xbrl.sec.gov/dei/2023/dei-2023.xsd#dei_AccountingAddressMember" xlink:type="locator"/>
    <link:definitionArc xlink:arcrole="http://xbrl.org/int/dim/arcrole/domain-member" xlink:type="arc" xlink:from="ns5_AddressTypeDomain" xlink:to="ns5_AccountingAddressMember" order="5.0"/>
    <link:loc xlink:label="ns5_EntityAddressAddressLine3" xlink:href="https://xbrl.sec.gov/dei/2023/dei-2023.xsd#dei_EntityAddressAddressLine3" xlink:type="locator"/>
    <link:definitionArc xlink:arcrole="http://xbrl.org/int/dim/arcrole/domain-member" xlink:type="arc" xlink:from="ns5_EntityAddressesLineItems" xlink:to="ns5_EntityAddressAddressLine3" order="5.0"/>
    <link:loc xlink:label="ns5_LegalPhoneMember" xlink:href="https://xbrl.sec.gov/dei/2023/dei-2023.xsd#dei_LegalPhoneMember" xlink:type="locator"/>
    <link:definitionArc xlink:arcrole="http://xbrl.org/int/dim/arcrole/domain-member" xlink:type="arc" xlink:from="ns5_PhoneFaxNumberTypeDomain" xlink:to="ns5_LegalPhoneMember" order="5.0"/>
    <link:loc xlink:label="ns5_LocalPhoneNumber" xlink:href="https://xbrl.sec.gov/dei/2023/dei-2023.xsd#dei_LocalPhoneNumber" xlink:type="locator"/>
    <link:definitionArc xlink:arcrole="http://xbrl.org/int/dim/arcrole/domain-member" xlink:type="arc" xlink:from="ns5_EntityPhoneFaxNumbersLineItems" xlink:to="ns5_LocalPhoneNumber" order="5.0"/>
    <link:loc xlink:label="ns5_EntityOtherIdentificationType" xlink:href="https://xbrl.sec.gov/dei/2023/dei-2023.xsd#dei_EntityOtherIdentificationType" xlink:type="locator"/>
    <link:definitionArc xlink:arcrole="http://xbrl.org/int/dim/arcrole/domain-member" xlink:type="arc" xlink:from="ns5_EntityInformationLineItems" xlink:to="ns5_EntityOtherIdentificationType" order="6.0"/>
    <link:loc xlink:label="ns5_HumanResourcesContactMember" xlink:href="https://xbrl.sec.gov/dei/2023/dei-2023.xsd#dei_HumanResourcesContactMember" xlink:type="locator"/>
    <link:definitionArc xlink:arcrole="http://xbrl.org/int/dim/arcrole/domain-member" xlink:type="arc" xlink:from="ns5_ContactPersonTypeDomain" xlink:to="ns5_HumanResourcesContactMember" order="6.0"/>
    <link:loc xlink:label="ns5_ContactAddressMember" xlink:href="https://xbrl.sec.gov/dei/2023/dei-2023.xsd#dei_ContactAddressMember" xlink:type="locator"/>
    <link:definitionArc xlink:arcrole="http://xbrl.org/int/dim/arcrole/domain-member" xlink:type="arc" xlink:from="ns5_AddressTypeDomain" xlink:to="ns5_ContactAddressMember" order="6.0"/>
    <link:loc xlink:label="ns5_EntityAddressCityOrTown" xlink:href="https://xbrl.sec.gov/dei/2023/dei-2023.xsd#dei_EntityAddressCityOrTown" xlink:type="locator"/>
    <link:definitionArc xlink:arcrole="http://xbrl.org/int/dim/arcrole/domain-member" xlink:type="arc" xlink:from="ns5_EntityAddressesLineItems" xlink:to="ns5_EntityAddressCityOrTown" order="6.0"/>
    <link:loc xlink:label="ns5_LegalFaxMember" xlink:href="https://xbrl.sec.gov/dei/2023/dei-2023.xsd#dei_LegalFaxMember" xlink:type="locator"/>
    <link:definitionArc xlink:arcrole="http://xbrl.org/int/dim/arcrole/domain-member" xlink:type="arc" xlink:from="ns5_PhoneFaxNumberTypeDomain" xlink:to="ns5_LegalFaxMember" order="6.0"/>
    <link:loc xlink:label="ns5_Extension" xlink:href="https://xbrl.sec.gov/dei/2023/dei-2023.xsd#dei_Extension" xlink:type="locator"/>
    <link:definitionArc xlink:arcrole="http://xbrl.org/int/dim/arcrole/domain-member" xlink:type="arc" xlink:from="ns5_EntityPhoneFaxNumbersLineItems" xlink:to="ns5_Extension" order="6.0"/>
    <link:loc xlink:label="ns5_EntityOtherIdentificationValue" xlink:href="https://xbrl.sec.gov/dei/2023/dei-2023.xsd#dei_EntityOtherIdentificationValue" xlink:type="locator"/>
    <link:definitionArc xlink:arcrole="http://xbrl.org/int/dim/arcrole/domain-member" xlink:type="arc" xlink:from="ns5_EntityInformationLineItems" xlink:to="ns5_EntityOtherIdentificationValue" order="7.0"/>
    <link:loc xlink:label="ns5_EntityAddressStateOrProvince" xlink:href="https://xbrl.sec.gov/dei/2023/dei-2023.xsd#dei_EntityAddressStateOrProvince" xlink:type="locator"/>
    <link:definitionArc xlink:arcrole="http://xbrl.org/int/dim/arcrole/domain-member" xlink:type="arc" xlink:from="ns5_EntityAddressesLineItems" xlink:to="ns5_EntityAddressStateOrProvince" order="7.0"/>
    <link:loc xlink:label="ns5_AccountingPhoneMember" xlink:href="https://xbrl.sec.gov/dei/2023/dei-2023.xsd#dei_AccountingPhoneMember" xlink:type="locator"/>
    <link:definitionArc xlink:arcrole="http://xbrl.org/int/dim/arcrole/domain-member" xlink:type="arc" xlink:from="ns5_PhoneFaxNumberTypeDomain" xlink:to="ns5_AccountingPhoneMember" order="7.0"/>
    <link:loc xlink:label="ns5_EntityAddressRegion" xlink:href="https://xbrl.sec.gov/dei/2023/dei-2023.xsd#dei_EntityAddressRegion" xlink:type="locator"/>
    <link:definitionArc xlink:arcrole="http://xbrl.org/int/dim/arcrole/domain-member" xlink:type="arc" xlink:from="ns5_EntityAddressesLineItems" xlink:to="ns5_EntityAddressRegion" order="8.0"/>
    <link:loc xlink:label="ns5_AccountingFaxMember" xlink:href="https://xbrl.sec.gov/dei/2023/dei-2023.xsd#dei_AccountingFaxMember" xlink:type="locator"/>
    <link:definitionArc xlink:arcrole="http://xbrl.org/int/dim/arcrole/domain-member" xlink:type="arc" xlink:from="ns5_PhoneFaxNumberTypeDomain" xlink:to="ns5_AccountingFaxMember" order="8.0"/>
    <link:loc xlink:label="ns5_EntityInformationFormerLegalOrRegisteredName" xlink:href="https://xbrl.sec.gov/dei/2023/dei-2023.xsd#dei_EntityInformationFormerLegalOrRegisteredName" xlink:type="locator"/>
    <link:definitionArc xlink:arcrole="http://xbrl.org/int/dim/arcrole/domain-member" xlink:type="arc" xlink:from="ns5_EntityInformationLineItems" xlink:to="ns5_EntityInformationFormerLegalOrRegisteredName" order="9.0"/>
    <link:loc xlink:label="ns5_EntityAddressCountry" xlink:href="https://xbrl.sec.gov/dei/2023/dei-2023.xsd#dei_EntityAddressCountry" xlink:type="locator"/>
    <link:definitionArc xlink:arcrole="http://xbrl.org/int/dim/arcrole/domain-member" xlink:type="arc" xlink:from="ns5_EntityAddressesLineItems" xlink:to="ns5_EntityAddressCountry" order="9.0"/>
    <link:loc xlink:label="ns5_ContactPhoneMember" xlink:href="https://xbrl.sec.gov/dei/2023/dei-2023.xsd#dei_ContactPhoneMember" xlink:type="locator"/>
    <link:definitionArc xlink:arcrole="http://xbrl.org/int/dim/arcrole/domain-member" xlink:type="arc" xlink:from="ns5_PhoneFaxNumberTypeDomain" xlink:to="ns5_ContactPhoneMember" order="9.0"/>
    <link:loc xlink:label="ns5_EntityInformationDateToChangeFormerLegalOrRegisteredName" xlink:href="https://xbrl.sec.gov/dei/2023/dei-2023.xsd#dei_EntityInformationDateToChangeFormerLegalOrRegisteredName" xlink:type="locator"/>
    <link:definitionArc xlink:arcrole="http://xbrl.org/int/dim/arcrole/domain-member" xlink:type="arc" xlink:from="ns5_EntityInformationLineItems" xlink:to="ns5_EntityInformationDateToChangeFormerLegalOrRegisteredName" order="10.0"/>
    <link:loc xlink:label="ns5_EntityAddressPostalZipCode" xlink:href="https://xbrl.sec.gov/dei/2023/dei-2023.xsd#dei_EntityAddressPostalZipCode" xlink:type="locator"/>
    <link:definitionArc xlink:arcrole="http://xbrl.org/int/dim/arcrole/domain-member" xlink:type="arc" xlink:from="ns5_EntityAddressesLineItems" xlink:to="ns5_EntityAddressPostalZipCode" order="10.0"/>
    <link:loc xlink:label="ns5_ContactFaxMember" xlink:href="https://xbrl.sec.gov/dei/2023/dei-2023.xsd#dei_ContactFaxMember" xlink:type="locator"/>
    <link:definitionArc xlink:arcrole="http://xbrl.org/int/dim/arcrole/domain-member" xlink:type="arc" xlink:from="ns5_PhoneFaxNumberTypeDomain" xlink:to="ns5_ContactFaxMember" order="10.0"/>
    <link:loc xlink:label="ns5_EntityLegalForm" xlink:href="https://xbrl.sec.gov/dei/2023/dei-2023.xsd#dei_EntityLegalForm" xlink:type="locator"/>
    <link:definitionArc xlink:arcrole="http://xbrl.org/int/dim/arcrole/domain-member" xlink:type="arc" xlink:from="ns5_EntityInformationLineItems" xlink:to="ns5_EntityLegalForm" order="11.0"/>
    <link:loc xlink:label="ns5_EntityHomeCountryISOCode" xlink:href="https://xbrl.sec.gov/dei/2023/dei-2023.xsd#dei_EntityHomeCountryISOCode" xlink:type="locator"/>
    <link:definitionArc xlink:arcrole="http://xbrl.org/int/dim/arcrole/domain-member" xlink:type="arc" xlink:from="ns5_EntityInformationLineItems" xlink:to="ns5_EntityHomeCountryISOCode" order="12.0"/>
    <link:loc xlink:label="ns5_ParentEntityLegalName" xlink:href="https://xbrl.sec.gov/dei/2023/dei-2023.xsd#dei_ParentEntityLegalName" xlink:type="locator"/>
    <link:definitionArc xlink:arcrole="http://xbrl.org/int/dim/arcrole/domain-member" xlink:type="arc" xlink:from="ns5_EntityInformationLineItems" xlink:to="ns5_ParentEntityLegalName" order="13.0"/>
    <link:loc xlink:label="ns5_EntityAccountingStandard" xlink:href="https://xbrl.sec.gov/dei/2023/dei-2023.xsd#dei_EntityAccountingStandard" xlink:type="locator"/>
    <link:definitionArc xlink:arcrole="http://xbrl.org/int/dim/arcrole/domain-member" xlink:type="arc" xlink:from="ns5_EntityInformationLineItems" xlink:to="ns5_EntityAccountingStandard" order="14.0"/>
    <link:loc xlink:label="ns5_EntityReportingCurrencyISOCode" xlink:href="https://xbrl.sec.gov/dei/2023/dei-2023.xsd#dei_EntityReportingCurrencyISOCode" xlink:type="locator"/>
    <link:definitionArc xlink:arcrole="http://xbrl.org/int/dim/arcrole/domain-member" xlink:type="arc" xlink:from="ns5_EntityInformationLineItems" xlink:to="ns5_EntityReportingCurrencyISOCode" order="15.0"/>
    <link:loc xlink:label="ns5_EntityIncorporationDateOfIncorporation" xlink:href="https://xbrl.sec.gov/dei/2023/dei-2023.xsd#dei_EntityIncorporationDateOfIncorporation" xlink:type="locator"/>
    <link:definitionArc xlink:arcrole="http://xbrl.org/int/dim/arcrole/domain-member" xlink:type="arc" xlink:from="ns5_EntityInformationLineItems" xlink:to="ns5_EntityIncorporationDateOfIncorporation" order="17.0"/>
    <link:loc xlink:label="ns5_EntityNumberOfEmployees" xlink:href="https://xbrl.sec.gov/dei/2023/dei-2023.xsd#dei_EntityNumberOfEmployees" xlink:type="locator"/>
    <link:definitionArc xlink:arcrole="http://xbrl.org/int/dim/arcrole/domain-member" xlink:type="arc" xlink:from="ns5_EntityInformationLineItems" xlink:to="ns5_EntityNumberOfEmployees" order="18.0"/>
    <link:loc xlink:label="ns5_CurrentFiscalYearEndDate" xlink:href="https://xbrl.sec.gov/dei/2023/dei-2023.xsd#dei_CurrentFiscalYearEndDate" xlink:type="locator"/>
    <link:definitionArc xlink:arcrole="http://xbrl.org/int/dim/arcrole/domain-member" xlink:type="arc" xlink:from="ns5_EntityInformationLineItems" xlink:to="ns5_CurrentFiscalYearEndDate" order="19.0"/>
    <link:loc xlink:label="ns5_FormerFiscalYearEndDate" xlink:href="https://xbrl.sec.gov/dei/2023/dei-2023.xsd#dei_FormerFiscalYearEndDate" xlink:type="locator"/>
    <link:definitionArc xlink:arcrole="http://xbrl.org/int/dim/arcrole/domain-member" xlink:type="arc" xlink:from="ns5_EntityInformationLineItems" xlink:to="ns5_FormerFiscalYearEndDate" order="20.0"/>
    <link:loc xlink:label="ns5_EntityWellKnownSeasonedIssuer" xlink:href="https://xbrl.sec.gov/dei/2023/dei-2023.xsd#dei_EntityWellKnownSeasonedIssuer" xlink:type="locator"/>
    <link:definitionArc xlink:arcrole="http://xbrl.org/int/dim/arcrole/domain-member" xlink:type="arc" xlink:from="ns5_EntityInformationLineItems" xlink:to="ns5_EntityWellKnownSeasonedIssuer" order="21.0"/>
    <link:loc xlink:label="ns5_EntityVoluntaryFilers" xlink:href="https://xbrl.sec.gov/dei/2023/dei-2023.xsd#dei_EntityVoluntaryFilers" xlink:type="locator"/>
    <link:definitionArc xlink:arcrole="http://xbrl.org/int/dim/arcrole/domain-member" xlink:type="arc" xlink:from="ns5_EntityInformationLineItems" xlink:to="ns5_EntityVoluntaryFilers" order="22.0"/>
    <link:loc xlink:label="ns5_EntityCurrentReportingStatus" xlink:href="https://xbrl.sec.gov/dei/2023/dei-2023.xsd#dei_EntityCurrentReportingStatus" xlink:type="locator"/>
    <link:definitionArc xlink:arcrole="http://xbrl.org/int/dim/arcrole/domain-member" xlink:type="arc" xlink:from="ns5_EntityInformationLineItems" xlink:to="ns5_EntityCurrentReportingStatus" order="23.0"/>
    <link:loc xlink:label="ns5_EntityFilerCategory" xlink:href="https://xbrl.sec.gov/dei/2023/dei-2023.xsd#dei_EntityFilerCategory" xlink:type="locator"/>
    <link:definitionArc xlink:arcrole="http://xbrl.org/int/dim/arcrole/domain-member" xlink:type="arc" xlink:from="ns5_EntityInformationLineItems" xlink:to="ns5_EntityFilerCategory" order="24.0"/>
    <link:loc xlink:label="ns5_EntityPublicFloat" xlink:href="https://xbrl.sec.gov/dei/2023/dei-2023.xsd#dei_EntityPublicFloat" xlink:type="locator"/>
    <link:definitionArc xlink:arcrole="http://xbrl.org/int/dim/arcrole/domain-member" xlink:type="arc" xlink:from="ns5_EntityInformationLineItems" xlink:to="ns5_EntityPublicFloat" order="25.0"/>
    <link:loc xlink:label="ns5_EntityCommonStockSharesOutstanding" xlink:href="https://xbrl.sec.gov/dei/2023/dei-2023.xsd#dei_EntityCommonStockSharesOutstanding" xlink:type="locator"/>
    <link:definitionArc xlink:arcrole="http://xbrl.org/int/dim/arcrole/domain-member" xlink:type="arc" xlink:from="ns5_EntityInformationLineItems" xlink:to="ns5_EntityCommonStockSharesOutstanding" order="26.0"/>
    <link:loc xlink:label="ns5_EntityInformationLineItems_1" xlink:href="https://xbrl.sec.gov/dei/2023/dei-2023.xsd#dei_EntityInformationLineItems" xlink:type="locator"/>
    <link:definitionArc xlink:arcrole="http://xbrl.org/int/dim/arcrole/domain-member" xlink:type="arc" xlink:from="ns7_Top" xlink:to="ns5_EntityInformationLineItems_1" order="1.0"/>
    <link:loc xlink:label="ns5_EntityDomain" xlink:href="https://xbrl.sec.gov/dei/2023/dei-2023.xsd#dei_EntityDomain" xlink:type="locator"/>
    <link:loc xlink:label="ns7_AbcfsMember" xlink:href="e60501000gd-20111231.xsd#edgar_AbcfsMember" xlink:type="locator"/>
    <link:definitionArc xlink:arcrole="http://xbrl.org/int/dim/arcrole/domain-member" xlink:type="arc" xlink:from="ns5_EntityDomain" xlink:to="ns7_AbcfsMember" order="1.0"/>
    <link:loc xlink:label="ns5_DocumentContactMember" xlink:href="https://xbrl.sec.gov/dei/2023/dei-2023.xsd#dei_DocumentContactMember" xlink:type="locator"/>
    <link:definitionArc xlink:arcrole="http://xbrl.org/int/dim/arcrole/domain-member" xlink:type="arc" xlink:from="ns5_ContactPersonTypeDomain" xlink:to="ns5_DocumentContactMember" order="1.0"/>
    <link:loc xlink:label="ns5_MailingAddressMember" xlink:href="https://xbrl.sec.gov/dei/2023/dei-2023.xsd#dei_MailingAddressMember" xlink:type="locator"/>
    <link:definitionArc xlink:arcrole="http://xbrl.org/int/dim/arcrole/domain-member" xlink:type="arc" xlink:from="ns5_AddressTypeDomain" xlink:to="ns5_MailingAddressMember" order="1.0"/>
    <link:loc xlink:label="ns5_InvestorRelationsPhoneMember" xlink:href="https://xbrl.sec.gov/dei/2023/dei-2023.xsd#dei_InvestorRelationsPhoneMember" xlink:type="locator"/>
    <link:definitionArc xlink:arcrole="http://xbrl.org/int/dim/arcrole/domain-member" xlink:type="arc" xlink:from="ns5_PhoneFaxNumberTypeDomain" xlink:to="ns5_InvestorRelationsPhoneMember" order="1.0"/>
    <link:loc xlink:label="ns7_AbcMember" xlink:href="e60501000gd-20111231.xsd#edgar_AbcMember" xlink:type="locator"/>
    <link:definitionArc xlink:arcrole="http://xbrl.org/int/dim/arcrole/domain-member" xlink:type="arc" xlink:from="ns5_EntityDomain" xlink:to="ns7_AbcMember" order="2.0"/>
    <link:loc xlink:label="ns5_EntityRegistrantName" xlink:href="https://xbrl.sec.gov/dei/2023/dei-2023.xsd#dei_EntityRegistrantName" xlink:type="locator"/>
    <link:definitionArc xlink:arcrole="http://xbrl.org/int/dim/arcrole/domain-member" xlink:type="arc" xlink:from="ns5_EntityInformationLineItems" xlink:to="ns5_EntityRegistrantName" order="2.0"/>
    <link:loc xlink:label="ns5_EntityContactPersonnelLineItems_1" xlink:href="https://xbrl.sec.gov/dei/2023/dei-2023.xsd#dei_EntityContactPersonnelLineItems" xlink:type="locator"/>
    <link:definitionArc xlink:arcrole="http://xbrl.org/int/dim/arcrole/domain-member" xlink:type="arc" xlink:from="ns7_Top" xlink:to="ns5_EntityContactPersonnelLineItems_1" order="2.0"/>
    <link:loc xlink:label="ns5_LegalContactMember" xlink:href="https://xbrl.sec.gov/dei/2023/dei-2023.xsd#dei_LegalContactMember" xlink:type="locator"/>
    <link:definitionArc xlink:arcrole="http://xbrl.org/int/dim/arcrole/domain-member" xlink:type="arc" xlink:from="ns5_ContactPersonTypeDomain" xlink:to="ns5_LegalContactMember" order="2.0"/>
    <link:loc xlink:label="ns5_ContactPersonnelName" xlink:href="https://xbrl.sec.gov/dei/2023/dei-2023.xsd#dei_ContactPersonnelName" xlink:type="locator"/>
    <link:definitionArc xlink:arcrole="http://xbrl.org/int/dim/arcrole/domain-member" xlink:type="arc" xlink:from="ns5_EntityContactPersonnelLineItems" xlink:to="ns5_ContactPersonnelName" order="2.0"/>
    <link:loc xlink:label="ns5_EntityAddressAddressDescription" xlink:href="https://xbrl.sec.gov/dei/2023/dei-2023.xsd#dei_EntityAddressAddressDescription" xlink:type="locator"/>
    <link:definitionArc xlink:arcrole="http://xbrl.org/int/dim/arcrole/domain-member" xlink:type="arc" xlink:from="ns5_EntityAddressesLineItems" xlink:to="ns5_EntityAddressAddressDescription" order="2.0"/>
    <link:loc xlink:label="ns5_InvestorRelationsFaxMember" xlink:href="https://xbrl.sec.gov/dei/2023/dei-2023.xsd#dei_InvestorRelationsFaxMember" xlink:type="locator"/>
    <link:definitionArc xlink:arcrole="http://xbrl.org/int/dim/arcrole/domain-member" xlink:type="arc" xlink:from="ns5_PhoneFaxNumberTypeDomain" xlink:to="ns5_InvestorRelationsFaxMember" order="2.0"/>
  </link:definitionLink>
  <link:definitionLink xlink:role="http://edgar/role/Defaults" xlink:type="extended">
    <link:loc xlink:label="ns5_EntityContactPersonnelContactPersonTypeAxis" xlink:href="https://xbrl.sec.gov/dei/2023/dei-2023.xsd#dei_EntityContactPersonnelContactPersonTypeAxis" xlink:type="locator"/>
    <link:loc xlink:label="ns5_ContactPersonTypeDomain" xlink:href="https://xbrl.sec.gov/dei/2023/dei-2023.xsd#dei_ContactPersonTypeDomain" xlink:type="locator"/>
    <link:definitionArc xlink:arcrole="http://xbrl.org/int/dim/arcrole/dimension-default" xlink:type="arc" xlink:from="ns5_EntityContactPersonnelContactPersonTypeAxis" xlink:to="ns5_ContactPersonTypeDomain" order="1.0"/>
    <link:loc xlink:label="ns5_LegalEntityAxis" xlink:href="https://xbrl.sec.gov/dei/2023/dei-2023.xsd#dei_LegalEntityAxis" xlink:type="locator"/>
    <link:loc xlink:label="ns5_EntityDomain" xlink:href="https://xbrl.sec.gov/dei/2023/dei-2023.xsd#dei_EntityDomain" xlink:type="locator"/>
    <link:definitionArc xlink:arcrole="http://xbrl.org/int/dim/arcrole/dimension-default" xlink:type="arc" xlink:from="ns5_LegalEntityAxis" xlink:to="ns5_EntityDomain" order="2.0"/>
    <link:loc xlink:label="ns5_DocumentInformationDocumentAxis" xlink:href="https://xbrl.sec.gov/dei/2023/dei-2023.xsd#dei_DocumentInformationDocumentAxis" xlink:type="locator"/>
    <link:loc xlink:label="ns5_DocumentDomain" xlink:href="https://xbrl.sec.gov/dei/2023/dei-2023.xsd#dei_DocumentDomain" xlink:type="locator"/>
    <link:definitionArc xlink:arcrole="http://xbrl.org/int/dim/arcrole/dimension-default" xlink:type="arc" xlink:from="ns5_DocumentInformationDocumentAxis" xlink:to="ns5_DocumentDomain" order="2.0"/>
    <link:loc xlink:label="ns5_EntityAddressesAddressTypeAxis" xlink:href="https://xbrl.sec.gov/dei/2023/dei-2023.xsd#dei_EntityAddressesAddressTypeAxis" xlink:type="locator"/>
    <link:loc xlink:label="ns5_AddressTypeDomain" xlink:href="https://xbrl.sec.gov/dei/2023/dei-2023.xsd#dei_AddressTypeDomain" xlink:type="locator"/>
    <link:definitionArc xlink:arcrole="http://xbrl.org/int/dim/arcrole/dimension-default" xlink:type="arc" xlink:from="ns5_EntityAddressesAddressTypeAxis" xlink:to="ns5_AddressTypeDomain" order="1.0"/>
    <link:loc xlink:label="ns5_EntityPhoneFaxNumbersPhoneFaxNumberTypeAxis" xlink:href="https://xbrl.sec.gov/dei/2023/dei-2023.xsd#dei_EntityPhoneFaxNumbersPhoneFaxNumberTypeAxis" xlink:type="locator"/>
    <link:loc xlink:label="ns5_PhoneFaxNumberTypeDomain" xlink:href="https://xbrl.sec.gov/dei/2023/dei-2023.xsd#dei_PhoneFaxNumberTypeDomain" xlink:type="locator"/>
    <link:definitionArc xlink:arcrole="http://xbrl.org/int/dim/arcrole/dimension-default" xlink:type="arc" xlink:from="ns5_EntityPhoneFaxNumbersPhoneFaxNumberTypeAxis" xlink:to="ns5_PhoneFaxNumberTypeDomain" order="1.0"/>
  </link:definitionLink>
  <link:definitionLink xlink:role="http://edgar/role/EntityInformation" xlink:type="extended">
    <link:loc xlink:label="ns5_LegalEntityAxis" xlink:href="https://xbrl.sec.gov/dei/2023/dei-2023.xsd#dei_LegalEntityAxis" xlink:type="locator"/>
    <link:loc xlink:label="ns5_EntityDomain" xlink:href="https://xbrl.sec.gov/dei/2023/dei-2023.xsd#dei_EntityDomain" xlink:type="locator"/>
    <link:definitionArc xlink:arcrole="http://xbrl.org/int/dim/arcrole/dimension-domain" xlink:type="arc" xlink:from="ns5_LegalEntityAxis" xlink:to="ns5_EntityDomain" order="1.0"/>
    <link:loc xlink:label="ns5_EntityAddressesAddressTypeAxis" xlink:href="https://xbrl.sec.gov/dei/2023/dei-2023.xsd#dei_EntityAddressesAddressTypeAxis" xlink:type="locator"/>
    <link:loc xlink:label="ns5_AddressTypeDomain" xlink:href="https://xbrl.sec.gov/dei/2023/dei-2023.xsd#dei_AddressTypeDomain" xlink:type="locator"/>
    <link:definitionArc xlink:arcrole="http://xbrl.org/int/dim/arcrole/dimension-domain" xlink:type="arc" xlink:from="ns5_EntityAddressesAddressTypeAxis" xlink:to="ns5_AddressTypeDomain" order="2.0"/>
    <link:loc xlink:label="ns5_EntityPhoneFaxNumbersPhoneFaxNumberTypeAxis" xlink:href="https://xbrl.sec.gov/dei/2023/dei-2023.xsd#dei_EntityPhoneFaxNumbersPhoneFaxNumberTypeAxis" xlink:type="locator"/>
    <link:loc xlink:label="ns5_PhoneFaxNumberTypeDomain" xlink:href="https://xbrl.sec.gov/dei/2023/dei-2023.xsd#dei_PhoneFaxNumberTypeDomain" xlink:type="locator"/>
    <link:definitionArc xlink:arcrole="http://xbrl.org/int/dim/arcrole/dimension-domain" xlink:type="arc" xlink:from="ns5_EntityPhoneFaxNumbersPhoneFaxNumberTypeAxis" xlink:to="ns5_PhoneFaxNumberTypeDomain" order="2.0"/>
    <link:loc xlink:label="ns5_EntityContactPersonnelContactPersonTypeAxis" xlink:href="https://xbrl.sec.gov/dei/2023/dei-2023.xsd#dei_EntityContactPersonnelContactPersonTypeAxis" xlink:type="locator"/>
    <link:loc xlink:label="ns5_ContactPersonTypeDomain" xlink:href="https://xbrl.sec.gov/dei/2023/dei-2023.xsd#dei_ContactPersonTypeDomain" xlink:type="locator"/>
    <link:definitionArc xlink:arcrole="http://xbrl.org/int/dim/arcrole/dimension-domain" xlink:type="arc" xlink:from="ns5_EntityContactPersonnelContactPersonTypeAxis" xlink:to="ns5_ContactPersonTypeDomain" order="2.0"/>
  </link:definitionLink>
  <link:definitionLink xlink:role="http://edgar/role/DocumentInformation" xlink:type="extended">
    <link:loc xlink:label="ns5_DocumentInformationDocumentAxis" xlink:href="https://xbrl.sec.gov/dei/2023/dei-2023.xsd#dei_DocumentInformationDocumentAxis" xlink:type="locator"/>
    <link:loc xlink:label="ns5_DocumentDomain" xlink:href="https://xbrl.sec.gov/dei/2023/dei-2023.xsd#dei_DocumentDomain" xlink:type="locator"/>
    <link:definitionArc xlink:arcrole="http://xbrl.org/int/dim/arcrole/dimension-domain" xlink:type="arc" xlink:from="ns5_DocumentInformationDocumentAxis" xlink:to="ns5_DocumentDomain" order="1.0"/>
  </link:definitionLink>
  <link:definitionLink xlink:role="http://edgar/role/EntityInformation" xlink:type="extended">
    <link:loc xlink:label="ns5_EntityPhoneFaxNumbersTable" xlink:href="https://xbrl.sec.gov/dei/2023/dei-2023.xsd#dei_EntityPhoneFaxNumbersTable" xlink:type="locator"/>
    <link:loc xlink:label="ns5_LegalEntityAxis" xlink:href="https://xbrl.sec.gov/dei/2023/dei-2023.xsd#dei_LegalEntityAxis" xlink:type="locator"/>
    <link:definitionArc xlink:arcrole="http://xbrl.org/int/dim/arcrole/hypercube-dimension" xlink:type="arc" xlink:from="ns5_EntityPhoneFaxNumbersTable" xlink:to="ns5_LegalEntityAxis" order="1.0"/>
    <link:loc xlink:label="ns5_EntityPhoneFaxNumbersPhoneFaxNumberTypeAxis" xlink:href="https://xbrl.sec.gov/dei/2023/dei-2023.xsd#dei_EntityPhoneFaxNumbersPhoneFaxNumberTypeAxis" xlink:type="locator"/>
    <link:definitionArc xlink:arcrole="http://xbrl.org/int/dim/arcrole/hypercube-dimension" xlink:type="arc" xlink:from="ns5_EntityPhoneFaxNumbersTable" xlink:to="ns5_EntityPhoneFaxNumbersPhoneFaxNumberTypeAxis" order="2.0"/>
    <link:loc xlink:label="ns5_EntitiesTable" xlink:href="https://xbrl.sec.gov/dei/2023/dei-2023.xsd#dei_EntitiesTable" xlink:type="locator"/>
    <link:loc xlink:label="ns5_LegalEntityAxis_1" xlink:href="https://xbrl.sec.gov/dei/2023/dei-2023.xsd#dei_LegalEntityAxis" xlink:type="locator"/>
    <link:definitionArc xlink:arcrole="http://xbrl.org/int/dim/arcrole/hypercube-dimension" xlink:type="arc" xlink:from="ns5_EntitiesTable" xlink:to="ns5_LegalEntityAxis_1" order="1.0"/>
    <link:loc xlink:label="ns5_EntityContactPersonnelTable" xlink:href="https://xbrl.sec.gov/dei/2023/dei-2023.xsd#dei_EntityContactPersonnelTable" xlink:type="locator"/>
    <link:loc xlink:label="ns5_EntityContactPersonnelContactPersonTypeAxis" xlink:href="https://xbrl.sec.gov/dei/2023/dei-2023.xsd#dei_EntityContactPersonnelContactPersonTypeAxis" xlink:type="locator"/>
    <link:definitionArc xlink:arcrole="http://xbrl.org/int/dim/arcrole/hypercube-dimension" xlink:type="arc" xlink:from="ns5_EntityContactPersonnelTable" xlink:to="ns5_EntityContactPersonnelContactPersonTypeAxis" order="2.0"/>
    <link:loc xlink:label="ns5_EntityAddressesTable" xlink:href="https://xbrl.sec.gov/dei/2023/dei-2023.xsd#dei_EntityAddressesTable" xlink:type="locator"/>
    <link:loc xlink:label="ns5_EntityAddressesAddressTypeAxis" xlink:href="https://xbrl.sec.gov/dei/2023/dei-2023.xsd#dei_EntityAddressesAddressTypeAxis" xlink:type="locator"/>
    <link:definitionArc xlink:arcrole="http://xbrl.org/int/dim/arcrole/hypercube-dimension" xlink:type="arc" xlink:from="ns5_EntityAddressesTable" xlink:to="ns5_EntityAddressesAddressTypeAxis" order="2.0"/>
    <link:loc xlink:label="ns5_LegalEntityAxis_2" xlink:href="https://xbrl.sec.gov/dei/2023/dei-2023.xsd#dei_LegalEntityAxis" xlink:type="locator"/>
    <link:definitionArc xlink:arcrole="http://xbrl.org/int/dim/arcrole/hypercube-dimension" xlink:type="arc" xlink:from="ns5_EntityContactPersonnelTable" xlink:to="ns5_LegalEntityAxis_2" order="1.0"/>
    <link:loc xlink:label="ns5_LegalEntityAxis_3" xlink:href="https://xbrl.sec.gov/dei/2023/dei-2023.xsd#dei_LegalEntityAxis" xlink:type="locator"/>
    <link:definitionArc xlink:arcrole="http://xbrl.org/int/dim/arcrole/hypercube-dimension" xlink:type="arc" xlink:from="ns5_EntityAddressesTable" xlink:to="ns5_LegalEntityAxis_3" order="1.0"/>
  </link:definitionLink>
  <link:definitionLink xlink:role="http://edgar/role/DocumentInformation" xlink:type="extended">
    <link:loc xlink:label="ns5_DocumentInformationTable" xlink:href="https://xbrl.sec.gov/dei/2023/dei-2023.xsd#dei_DocumentInformationTable" xlink:type="locator"/>
    <link:loc xlink:label="ns5_DocumentInformationDocumentAxis" xlink:href="https://xbrl.sec.gov/dei/2023/dei-2023.xsd#dei_DocumentInformationDocumentAxis" xlink:type="locator"/>
    <link:definitionArc xlink:arcrole="http://xbrl.org/int/dim/arcrole/hypercube-dimension" xlink:type="arc" xlink:from="ns5_DocumentInformationTable" xlink:to="ns5_DocumentInformationDocumentAxis" order="1.0"/>
  </link:definitionLink>
  <link:definitionLink xlink:role="http://edgar/role/DocumentInformation" xlink:type="extended">
    <link:loc xlink:label="ns5_DocumentInformationLineItems" xlink:href="https://xbrl.sec.gov/dei/2023/dei-2023.xsd#dei_DocumentInformationLineItems" xlink:type="locator"/>
    <link:loc xlink:label="ns5_DocumentInformationTable" xlink:href="https://xbrl.sec.gov/dei/2023/dei-2023.xsd#dei_DocumentInformationTable" xlink:type="locator"/>
    <link:definitionArc xlink:arcrole="http://xbrl.org/int/dim/arcrole/all" xlink:type="arc" xlink:from="ns5_DocumentInformationLineItems" xlink:to="ns5_DocumentInformationTable" order="1.0"/>
  </link:definitionLink>
  <link:definitionLink xlink:role="http://edgar/role/EntityInformation" xlink:type="extended">
    <link:loc xlink:label="ns5_EntityPhoneFaxNumbersLineItems" xlink:href="https://xbrl.sec.gov/dei/2023/dei-2023.xsd#dei_EntityPhoneFaxNumbersLineItems" xlink:type="locator"/>
    <link:loc xlink:label="ns5_EntityPhoneFaxNumbersTable" xlink:href="https://xbrl.sec.gov/dei/2023/dei-2023.xsd#dei_EntityPhoneFaxNumbersTable" xlink:type="locator"/>
    <link:definitionArc xlink:arcrole="http://xbrl.org/int/dim/arcrole/all" xlink:type="arc" xlink:from="ns5_EntityPhoneFaxNumbersLineItems" xlink:to="ns5_EntityPhoneFaxNumbersTable" order="1.0"/>
    <link:loc xlink:label="ns5_EntityAddressesLineItems" xlink:href="https://xbrl.sec.gov/dei/2023/dei-2023.xsd#dei_EntityAddressesLineItems" xlink:type="locator"/>
    <link:loc xlink:label="ns5_EntityAddressesTable" xlink:href="https://xbrl.sec.gov/dei/2023/dei-2023.xsd#dei_EntityAddressesTable" xlink:type="locator"/>
    <link:definitionArc xlink:arcrole="http://xbrl.org/int/dim/arcrole/all" xlink:type="arc" xlink:from="ns5_EntityAddressesLineItems" xlink:to="ns5_EntityAddressesTable" order="1.0"/>
    <link:loc xlink:label="ns5_EntityInformationLineItems" xlink:href="https://xbrl.sec.gov/dei/2023/dei-2023.xsd#dei_EntityInformationLineItems" xlink:type="locator"/>
    <link:loc xlink:label="ns5_EntitiesTable" xlink:href="https://xbrl.sec.gov/dei/2023/dei-2023.xsd#dei_EntitiesTable" xlink:type="locator"/>
    <link:definitionArc xlink:arcrole="http://xbrl.org/int/dim/arcrole/all" xlink:type="arc" xlink:from="ns5_EntityInformationLineItems" xlink:to="ns5_EntitiesTable" order="1.0"/>
    <link:loc xlink:label="ns5_EntityContactPersonnelLineItems" xlink:href="https://xbrl.sec.gov/dei/2023/dei-2023.xsd#dei_EntityContactPersonnelLineItems" xlink:type="locator"/>
    <link:loc xlink:label="ns5_EntityContactPersonnelTable" xlink:href="https://xbrl.sec.gov/dei/2023/dei-2023.xsd#dei_EntityContactPersonnelTable" xlink:type="locator"/>
    <link:definitionArc xlink:arcrole="http://xbrl.org/int/dim/arcrole/all" xlink:type="arc" xlink:from="ns5_EntityContactPersonnelLineItems" xlink:to="ns5_EntityContactPersonnelTable" order="1.0"/>
  </link:definitionLink>
</link:linkbase>
