<link:linkbase xmlns:link="http://www.xbrl.org/2003/linkbase" xmlns:xlink="http://www.w3.org/1999/xlink" xmlns:xsi="http://www.w3.org/2001/XMLSchema-instance" xmlns:gen="http://xbrl.org/2008/generic" xsi:schemaLocation="http://www.xbrl.org/2003/linkbase http://www.xbrl.org/2003/xbrl-linkbase-2003-12-31.xsd http://xbrl.org/2008/generic http://www.xbrl.org/2008/generic-link.xsd">
  <link:labelLink xlink:role="http://www.xbrl.org/2003/role/link" xlink:type="extended">
    <link:loc xlink:label="ns5_AmendmentFlag" xlink:href="https://xbrl.sec.gov/dei/2023/dei-2023.xsd#dei_AmendmentFlag" xlink:type="locator"/>
    <link:labelArc xlink:arcrole="http://www.xbrl.org/2003/arcrole/concept-label" xlink:type="arc" xlink:from="ns5_AmendmentFlag" xlink:to="lbl_lab_ns5_AmendmentFlag"/>
    <link:label xlink:type="resource" xlink:label="lbl_lab_ns5_AmendmentFlag" xlink:role="http://www.xbrl.org/2003/role/label" xml:lang="en-US">Amendment Flag</link:label>
    <link:loc xlink:label="ns7_Top" xlink:href="e60501000gd-20111231.xsd#edgar_Top" xlink:type="locator"/>
    <link:labelArc xlink:arcrole="http://www.xbrl.org/2003/arcrole/concept-label" xlink:type="arc" xlink:from="ns7_Top" xlink:to="lbl_lab_ns7_Top"/>
    <link:label xlink:type="resource" xlink:label="lbl_lab_ns7_Top" xlink:role="http://www.xbrl.org/2003/role/label" xml:lang="en-US">Top</link:label>
    <link:loc xlink:label="ns7_Form10KMember" xlink:href="e60501000gd-20111231.xsd#edgar_Form10KMember" xlink:type="locator"/>
    <link:labelArc xlink:arcrole="http://www.xbrl.org/2003/arcrole/concept-label" xlink:type="arc" xlink:from="ns7_Form10KMember" xlink:to="lbl_lab_ns7_Form10KMember"/>
    <link:label xlink:type="resource" xlink:label="lbl_lab_ns7_Form10KMember" xlink:role="http://www.xbrl.org/2003/role/label" xml:lang="en-US">Form 10K [Member]</link:label>
    <link:loc xlink:label="ns7_AbcMember" xlink:href="e60501000gd-20111231.xsd#edgar_AbcMember" xlink:type="locator"/>
    <link:labelArc xlink:arcrole="http://www.xbrl.org/2003/arcrole/concept-label" xlink:type="arc" xlink:from="ns7_AbcMember" xlink:to="lbl_lab_ns7_AbcMember"/>
    <link:label xlink:type="resource" xlink:label="lbl_lab_ns7_AbcMember" xlink:role="http://www.xbrl.org/2003/role/label" xml:lang="en-US">ABC [Member]</link:label>
    <link:loc xlink:label="ns5_EntityCentralIndexKey" xlink:href="https://xbrl.sec.gov/dei/2023/dei-2023.xsd#dei_EntityCentralIndexKey" xlink:type="locator"/>
    <link:labelArc xlink:arcrole="http://www.xbrl.org/2003/arcrole/concept-label" xlink:type="arc" xlink:from="ns5_EntityCentralIndexKey" xlink:to="lbl_lab_ns5_EntityCentralIndexKey"/>
    <link:label xlink:type="resource" xlink:label="lbl_lab_ns5_EntityCentralIndexKey" xlink:role="http://www.xbrl.org/2003/role/label" xml:lang="en-US">Central Index Key</link:label>
    <link:loc xlink:label="ns5_EntityRegistrantName" xlink:href="https://xbrl.sec.gov/dei/2023/dei-2023.xsd#dei_EntityRegistrantName" xlink:type="locator"/>
    <link:labelArc xlink:arcrole="http://www.xbrl.org/2003/arcrole/concept-label" xlink:type="arc" xlink:from="ns5_EntityRegistrantName" xlink:to="lbl_lab_ns5_EntityRegistrantName"/>
    <link:label xlink:type="resource" xlink:label="lbl_lab_ns5_EntityRegistrantName" xlink:role="http://www.xbrl.org/2003/role/label" xml:lang="en-US">Registrant Name</link:label>
    <link:loc xlink:label="ns5_CurrentFiscalYearEndDate" xlink:href="https://xbrl.sec.gov/dei/2023/dei-2023.xsd#dei_CurrentFiscalYearEndDate" xlink:type="locator"/>
    <link:labelArc xlink:arcrole="http://www.xbrl.org/2003/arcrole/concept-label" xlink:type="arc" xlink:from="ns5_CurrentFiscalYearEndDate" xlink:to="lbl_lab_ns5_CurrentFiscalYearEndDate"/>
    <link:label xlink:type="resource" xlink:label="lbl_lab_ns5_CurrentFiscalYearEndDate" xlink:role="http://www.xbrl.org/2003/role/label" xml:lang="en-US">Current Fiscal Year End Date</link:label>
    <link:loc xlink:label="ns5_EntityInvCompanyType" xlink:href="https://xbrl.sec.gov/dei/2023/dei-2023.xsd#dei_EntityInvCompanyType" xlink:type="locator"/>
    <link:labelArc xlink:arcrole="http://www.xbrl.org/2003/arcrole/concept-label" xlink:type="arc" xlink:from="ns5_EntityInvCompanyType" xlink:to="lbl_lab_ns5_EntityInvCompanyType"/>
    <link:label xlink:type="resource" xlink:label="lbl_lab_ns5_EntityInvCompanyType" xlink:role="http://www.xbrl.org/2003/role/label" xml:lang="en-US">Entity Inv Company Type</link:label>
    <link:loc xlink:label="ns7_Exhibit31Member" xlink:href="e60501000gd-20111231.xsd#edgar_Exhibit31Member" xlink:type="locator"/>
    <link:labelArc xlink:arcrole="http://www.xbrl.org/2003/arcrole/concept-label" xlink:type="arc" xlink:from="ns7_Exhibit31Member" xlink:to="lbl_lab_ns7_Exhibit31Member"/>
    <link:label xlink:type="resource" xlink:label="lbl_lab_ns7_Exhibit31Member" xlink:role="http://www.xbrl.org/2003/role/label" xml:lang="en-US">Exhibit 31 [Member]</link:label>
    <link:loc xlink:label="ns5_DocumentPeriodEndDate" xlink:href="https://xbrl.sec.gov/dei/2023/dei-2023.xsd#dei_DocumentPeriodEndDate" xlink:type="locator"/>
    <link:labelArc xlink:arcrole="http://www.xbrl.org/2003/arcrole/concept-label" xlink:type="arc" xlink:from="ns5_DocumentPeriodEndDate" xlink:to="lbl_lab_ns5_DocumentPeriodEndDate"/>
    <link:label xlink:type="resource" xlink:label="lbl_lab_ns5_DocumentPeriodEndDate" xlink:role="http://www.xbrl.org/2003/role/label" xml:lang="en-US">Document Period End Date</link:label>
    <link:loc xlink:label="ns5_EntityEmergingGrowthCompany" xlink:href="https://xbrl.sec.gov/dei/2023/dei-2023.xsd#dei_EntityEmergingGrowthCompany" xlink:type="locator"/>
    <link:labelArc xlink:arcrole="http://www.xbrl.org/2003/arcrole/concept-label" xlink:type="arc" xlink:from="ns5_EntityEmergingGrowthCompany" xlink:to="lbl_lab_ns5_EntityEmergingGrowthCompany"/>
    <link:label xlink:type="resource" xlink:label="lbl_lab_ns5_EntityEmergingGrowthCompany" xlink:role="http://www.xbrl.org/2003/role/label" xml:lang="en-US">Entity Emerging Growth Company</link:label>
    <link:loc xlink:label="ns5_DocumentType" xlink:href="https://xbrl.sec.gov/dei/2023/dei-2023.xsd#dei_DocumentType" xlink:type="locator"/>
    <link:labelArc xlink:arcrole="http://www.xbrl.org/2003/arcrole/concept-label" xlink:type="arc" xlink:from="ns5_DocumentType" xlink:to="lbl_lab_ns5_DocumentType"/>
    <link:label xlink:type="resource" xlink:label="lbl_lab_ns5_DocumentType" xlink:role="http://www.xbrl.org/2003/role/label" xml:lang="en-US">Document Type</link:label>
    <link:loc xlink:label="ns5_AmendmentDescription" xlink:href="https://xbrl.sec.gov/dei/2023/dei-2023.xsd#dei_AmendmentDescription" xlink:type="locator"/>
    <link:labelArc xlink:arcrole="http://www.xbrl.org/2003/arcrole/concept-label" xlink:type="arc" xlink:from="ns5_AmendmentDescription" xlink:to="lbl_lab_ns5_AmendmentDescription"/>
    <link:label xlink:type="resource" xlink:label="lbl_lab_ns5_AmendmentDescription" xlink:role="http://www.xbrl.org/2003/role/label" xml:lang="en-US">Amendment Description</link:label>
    <link:loc xlink:label="ns5_EntitySmallBusiness" xlink:href="https://xbrl.sec.gov/dei/2023/dei-2023.xsd#dei_EntitySmallBusiness" xlink:type="locator"/>
    <link:labelArc xlink:arcrole="http://www.xbrl.org/2003/arcrole/concept-label" xlink:type="arc" xlink:from="ns5_EntitySmallBusiness" xlink:to="lbl_lab_ns5_EntitySmallBusiness"/>
    <link:label xlink:type="resource" xlink:label="lbl_lab_ns5_EntitySmallBusiness" xlink:role="http://www.xbrl.org/2003/role/label" xml:lang="en-US">Entity Small Business</link:label>
    <link:loc xlink:label="ns7_AbcfsMember" xlink:href="e60501000gd-20111231.xsd#edgar_AbcfsMember" xlink:type="locator"/>
    <link:labelArc xlink:arcrole="http://www.xbrl.org/2003/arcrole/concept-label" xlink:type="arc" xlink:from="ns7_AbcfsMember" xlink:to="lbl_lab_ns7_AbcfsMember"/>
    <link:label xlink:type="resource" xlink:label="lbl_lab_ns7_AbcfsMember" xlink:role="http://www.xbrl.org/2003/role/label" xml:lang="en-US">ABCFS [Member]</link:label>
  </link:labelLink>
</link:linkbase>
