<link:linkbase xmlns:link="http://www.xbrl.org/2003/linkbase" xmlns:xlink="http://www.w3.org/1999/xlink" xmlns:xsi="http://www.w3.org/2001/XMLSchema-instance" xsi:schemaLocation="http://www.xbrl.org/2003/linkbase http://www.xbrl.org/2003/xbrl-linkbase-2003-12-31.xsd">
  <link:roleRef roleURI="http://www.xbrl.org/2009/role/negatedLabel" xlink:href="bkhu-20230430.xsd#negatedLabel" xlink:type="simple"/>
  <link:labelLink xlink:role="http://www.xbrl.org/2003/role/link" xlink:type="extended">
    <link:loc xlink:label="ns15_StockIssuedDuringPeriodValueShareBasedCompensation" xlink:href="https://xbrl.fasb.org/us-gaap/2023/elts/us-gaap-2023.xsd#us-gaap_StockIssuedDuringPeriodValueShareBasedCompensation" xlink:type="locator"/>
    <link:labelArc xlink:arcrole="http://www.xbrl.org/2003/arcrole/concept-label" xlink:type="arc" xlink:from="ns15_StockIssuedDuringPeriodValueShareBasedCompensation" xlink:to="lbl_lab_ns15_StockIssuedDuringPeriodValueShareBasedCompensation"/>
    <link:label xlink:type="resource" xlink:label="lbl_lab_ns15_StockIssuedDuringPeriodValueShareBasedCompensation" xlink:role="http://www.xbrl.org/2003/role/label" xml:lang="en-US">Stock-based compensation</link:label>
    <link:loc xlink:label="ns15_AccountingPoliciesAbstract" xlink:href="https://xbrl.fasb.org/us-gaap/2023/elts/us-gaap-2023.xsd#us-gaap_AccountingPoliciesAbstract" xlink:type="locator"/>
    <link:labelArc xlink:arcrole="http://www.xbrl.org/2003/arcrole/concept-label" xlink:type="arc" xlink:from="ns15_AccountingPoliciesAbstract" xlink:to="lbl_lab_ns15_AccountingPoliciesAbstract"/>
    <link:label xlink:type="resource" xlink:label="lbl_lab_ns15_AccountingPoliciesAbstract" xlink:role="http://www.xbrl.org/2003/role/label" xml:lang="en-US">Accounting Policies [Abstract]</link:label>
    <link:loc xlink:label="ns15_NetIncomeLoss" xlink:href="https://xbrl.fasb.org/us-gaap/2023/elts/us-gaap-2023.xsd#us-gaap_NetIncomeLoss" xlink:type="locator"/>
    <link:labelArc xlink:arcrole="http://www.xbrl.org/2003/arcrole/concept-label" xlink:type="arc" xlink:from="ns15_NetIncomeLoss" xlink:to="lbl_lab_ns15_NetIncomeLoss"/>
    <link:label xlink:type="resource" xlink:label="lbl_lab_ns15_NetIncomeLoss" xlink:role="http://www.xbrl.org/2003/role/totalLabel" xml:lang="en-US">NET LOSS</link:label>
    <link:loc xlink:label="ns15_StockholdersEquityNoteDisclosureTextBlock" xlink:href="https://xbrl.fasb.org/us-gaap/2023/elts/us-gaap-2023.xsd#us-gaap_StockholdersEquityNoteDisclosureTextBlock" xlink:type="locator"/>
    <link:labelArc xlink:arcrole="http://www.xbrl.org/2003/arcrole/concept-label" xlink:type="arc" xlink:from="ns15_StockholdersEquityNoteDisclosureTextBlock" xlink:to="lbl_lab_ns15_StockholdersEquityNoteDisclosureTextBlock"/>
    <link:label xlink:type="resource" xlink:label="lbl_lab_ns15_StockholdersEquityNoteDisclosureTextBlock" xlink:role="http://www.xbrl.org/2003/role/label" xml:lang="en-US">3. PREFERRED AND COMMON STOCK</link:label>
    <link:loc xlink:label="ns15_NewAccountingPronouncementsPolicyPolicyTextBlock" xlink:href="https://xbrl.fasb.org/us-gaap/2023/elts/us-gaap-2023.xsd#us-gaap_NewAccountingPronouncementsPolicyPolicyTextBlock" xlink:type="locator"/>
    <link:labelArc xlink:arcrole="http://www.xbrl.org/2003/arcrole/concept-label" xlink:type="arc" xlink:from="ns15_NewAccountingPronouncementsPolicyPolicyTextBlock" xlink:to="lbl_lab_ns15_NewAccountingPronouncementsPolicyPolicyTextBlock"/>
    <link:label xlink:type="resource" xlink:label="lbl_lab_ns15_NewAccountingPronouncementsPolicyPolicyTextBlock" xlink:role="http://www.xbrl.org/2003/role/label" xml:lang="en-US">Recently Issued Accounting Pronouncements</link:label>
    <link:loc xlink:label="ns15_StockholdersEquity" xlink:href="https://xbrl.fasb.org/us-gaap/2023/elts/us-gaap-2023.xsd#us-gaap_StockholdersEquity" xlink:type="locator"/>
    <link:labelArc xlink:arcrole="http://www.xbrl.org/2003/arcrole/concept-label" xlink:type="arc" xlink:from="ns15_StockholdersEquity" xlink:to="lbl_lab_ns15_StockholdersEquity"/>
    <link:label xlink:type="resource" xlink:label="lbl_lab_ns15_StockholdersEquity" xlink:role="http://www.xbrl.org/2003/role/label" xml:lang="en-US">Total Stockholders' Equity (Deficit)</link:label>
    <link:loc xlink:label="ns15_CashAndCashEquivalentsPeriodIncreaseDecrease" xlink:href="https://xbrl.fasb.org/us-gaap/2023/elts/us-gaap-2023.xsd#us-gaap_CashAndCashEquivalentsPeriodIncreaseDecrease" xlink:type="locator"/>
    <link:labelArc xlink:arcrole="http://www.xbrl.org/2003/arcrole/concept-label" xlink:type="arc" xlink:from="ns15_CashAndCashEquivalentsPeriodIncreaseDecrease" xlink:to="lbl_lab_ns15_CashAndCashEquivalentsPeriodIncreaseDecrease"/>
    <link:label xlink:type="resource" xlink:label="lbl_lab_ns15_CashAndCashEquivalentsPeriodIncreaseDecrease" xlink:role="http://www.xbrl.org/2003/role/label" xml:lang="en-US">DECREASE IN CASH AND CASH EQUIVALENTS</link:label>
    <link:label xlink:type="resource" xlink:label="lbl_lab_ns15_StockholdersEquity" xlink:role="http://www.xbrl.org/2003/role/periodEndLabel" xml:lang="en-US">Ending balance, value</link:label>
    <link:loc xlink:label="ns15_CashAndCashEquivalentsPolicyTextBlock" xlink:href="https://xbrl.fasb.org/us-gaap/2023/elts/us-gaap-2023.xsd#us-gaap_CashAndCashEquivalentsPolicyTextBlock" xlink:type="locator"/>
    <link:labelArc xlink:arcrole="http://www.xbrl.org/2003/arcrole/concept-label" xlink:type="arc" xlink:from="ns15_CashAndCashEquivalentsPolicyTextBlock" xlink:to="lbl_lab_ns15_CashAndCashEquivalentsPolicyTextBlock"/>
    <link:label xlink:type="resource" xlink:label="lbl_lab_ns15_CashAndCashEquivalentsPolicyTextBlock" xlink:role="http://www.xbrl.org/2003/role/label" xml:lang="en-US">Cash and Cash Equivalents</link:label>
    <link:label xlink:type="resource" xlink:label="lbl_lab_ns15_StockholdersEquity" xlink:role="http://www.xbrl.org/2003/role/periodStartLabel" xml:lang="en-US">Beginning balance, value</link:label>
    <link:loc xlink:label="ns10_EntityWellKnownSeasonedIssuer" xlink:href="https://xbrl.sec.gov/dei/2023/dei-2023.xsd#dei_EntityWellKnownSeasonedIssuer" xlink:type="locator"/>
    <link:labelArc xlink:arcrole="http://www.xbrl.org/2003/arcrole/concept-label" xlink:type="arc" xlink:from="ns10_EntityWellKnownSeasonedIssuer" xlink:to="lbl_lab_ns10_EntityWellKnownSeasonedIssuer"/>
    <link:label xlink:type="resource" xlink:label="lbl_lab_ns10_EntityWellKnownSeasonedIssuer" xlink:role="http://www.xbrl.org/2003/role/label" xml:lang="en-US">Is Entity a Well-known Seasoned Issuer?</link:label>
    <link:loc xlink:label="ns15_AccountsPayableCurrent" xlink:href="https://xbrl.fasb.org/us-gaap/2023/elts/us-gaap-2023.xsd#us-gaap_AccountsPayableCurrent" xlink:type="locator"/>
    <link:labelArc xlink:arcrole="http://www.xbrl.org/2003/arcrole/concept-label" xlink:type="arc" xlink:from="ns15_AccountsPayableCurrent" xlink:to="lbl_lab_ns15_AccountsPayableCurrent"/>
    <link:label xlink:type="resource" xlink:label="lbl_lab_ns15_AccountsPayableCurrent" xlink:role="http://www.xbrl.org/2003/role/label" xml:lang="en-US">Accounts payable</link:label>
    <link:loc xlink:label="ns10_EntityFilerCategory" xlink:href="https://xbrl.sec.gov/dei/2023/dei-2023.xsd#dei_EntityFilerCategory" xlink:type="locator"/>
    <link:labelArc xlink:arcrole="http://www.xbrl.org/2003/arcrole/concept-label" xlink:type="arc" xlink:from="ns10_EntityFilerCategory" xlink:to="lbl_lab_ns10_EntityFilerCategory"/>
    <link:label xlink:type="resource" xlink:label="lbl_lab_ns10_EntityFilerCategory" xlink:role="http://www.xbrl.org/2003/role/label" xml:lang="en-US">Entity Filer Category</link:label>
    <link:loc xlink:label="ns15_StockholdersEquityAbstract" xlink:href="https://xbrl.fasb.org/us-gaap/2023/elts/us-gaap-2023.xsd#us-gaap_StockholdersEquityAbstract" xlink:type="locator"/>
    <link:labelArc xlink:arcrole="http://www.xbrl.org/2003/arcrole/concept-label" xlink:type="arc" xlink:from="ns15_StockholdersEquityAbstract" xlink:to="lbl_lab_ns15_StockholdersEquityAbstract"/>
    <link:label xlink:type="resource" xlink:label="lbl_lab_ns15_StockholdersEquityAbstract" xlink:role="http://www.xbrl.org/2003/role/label" xml:lang="en-US">STOCKHOLDERS' EQUITY (DEFICIT)</link:label>
    <link:loc xlink:label="ns10_EntityCurrentReportingStatus" xlink:href="https://xbrl.sec.gov/dei/2023/dei-2023.xsd#dei_EntityCurrentReportingStatus" xlink:type="locator"/>
    <link:labelArc xlink:arcrole="http://www.xbrl.org/2003/arcrole/concept-label" xlink:type="arc" xlink:from="ns10_EntityCurrentReportingStatus" xlink:to="lbl_lab_ns10_EntityCurrentReportingStatus"/>
    <link:label xlink:type="resource" xlink:label="lbl_lab_ns10_EntityCurrentReportingStatus" xlink:role="http://www.xbrl.org/2003/role/label" xml:lang="en-US">Is Entity's Reporting Status Current?</link:label>
    <link:loc xlink:label="ns15_OtherIncomeAndExpensesAbstract" xlink:href="https://xbrl.fasb.org/us-gaap/2023/elts/us-gaap-2023.xsd#us-gaap_OtherIncomeAndExpensesAbstract" xlink:type="locator"/>
    <link:labelArc xlink:arcrole="http://www.xbrl.org/2003/arcrole/concept-label" xlink:type="arc" xlink:from="ns15_OtherIncomeAndExpensesAbstract" xlink:to="lbl_lab_ns15_OtherIncomeAndExpensesAbstract"/>
    <link:label xlink:type="resource" xlink:label="lbl_lab_ns15_OtherIncomeAndExpensesAbstract" xlink:role="http://www.xbrl.org/2003/role/label" xml:lang="en-US">OTHER INCOME (EXPENSES)</link:label>
    <link:loc xlink:label="ns10_EntityVoluntaryFilers" xlink:href="https://xbrl.sec.gov/dei/2023/dei-2023.xsd#dei_EntityVoluntaryFilers" xlink:type="locator"/>
    <link:labelArc xlink:arcrole="http://www.xbrl.org/2003/arcrole/concept-label" xlink:type="arc" xlink:from="ns10_EntityVoluntaryFilers" xlink:to="lbl_lab_ns10_EntityVoluntaryFilers"/>
    <link:label xlink:type="resource" xlink:label="lbl_lab_ns10_EntityVoluntaryFilers" xlink:role="http://www.xbrl.org/2003/role/label" xml:lang="en-US">Is Entity a Voluntary Filer?</link:label>
    <link:loc xlink:label="ns15_SupplementalCashFlowInformationAbstract" xlink:href="https://xbrl.fasb.org/us-gaap/2023/elts/us-gaap-2023.xsd#us-gaap_SupplementalCashFlowInformationAbstract" xlink:type="locator"/>
    <link:labelArc xlink:arcrole="http://www.xbrl.org/2003/arcrole/concept-label" xlink:type="arc" xlink:from="ns15_SupplementalCashFlowInformationAbstract" xlink:to="lbl_lab_ns15_SupplementalCashFlowInformationAbstract"/>
    <link:label xlink:type="resource" xlink:label="lbl_lab_ns15_SupplementalCashFlowInformationAbstract" xlink:role="http://www.xbrl.org/2003/role/label" xml:lang="en-US">SUPPLEMENTAL DISCLOSURES:</link:label>
    <link:loc xlink:label="ns10_EntityCentralIndexKey" xlink:href="https://xbrl.sec.gov/dei/2023/dei-2023.xsd#dei_EntityCentralIndexKey" xlink:type="locator"/>
    <link:labelArc xlink:arcrole="http://www.xbrl.org/2003/arcrole/concept-label" xlink:type="arc" xlink:from="ns10_EntityCentralIndexKey" xlink:to="lbl_lab_ns10_EntityCentralIndexKey"/>
    <link:label xlink:type="resource" xlink:label="lbl_lab_ns10_EntityCentralIndexKey" xlink:role="http://www.xbrl.org/2003/role/label" xml:lang="en-US">Entity Central Index Key</link:label>
    <link:loc xlink:label="ns15_RelatedPartyTransactionsAbstract" xlink:href="https://xbrl.fasb.org/us-gaap/2023/elts/us-gaap-2023.xsd#us-gaap_RelatedPartyTransactionsAbstract" xlink:type="locator"/>
    <link:labelArc xlink:arcrole="http://www.xbrl.org/2003/arcrole/concept-label" xlink:type="arc" xlink:from="ns15_RelatedPartyTransactionsAbstract" xlink:to="lbl_lab_ns15_RelatedPartyTransactionsAbstract"/>
    <link:label xlink:type="resource" xlink:label="lbl_lab_ns15_RelatedPartyTransactionsAbstract" xlink:role="http://www.xbrl.org/2003/role/label" xml:lang="en-US">Related Party Transactions [Abstract]</link:label>
    <link:loc xlink:label="ns10_EntityRegistrantName" xlink:href="https://xbrl.sec.gov/dei/2023/dei-2023.xsd#dei_EntityRegistrantName" xlink:type="locator"/>
    <link:labelArc xlink:arcrole="http://www.xbrl.org/2003/arcrole/concept-label" xlink:type="arc" xlink:from="ns10_EntityRegistrantName" xlink:to="lbl_lab_ns10_EntityRegistrantName"/>
    <link:label xlink:type="resource" xlink:label="lbl_lab_ns10_EntityRegistrantName" xlink:role="http://www.xbrl.org/2003/role/label" xml:lang="en-US">Entity Registrant Name</link:label>
    <link:loc xlink:label="ns15_EarningsPerSharePolicyTextBlock" xlink:href="https://xbrl.fasb.org/us-gaap/2023/elts/us-gaap-2023.xsd#us-gaap_EarningsPerSharePolicyTextBlock" xlink:type="locator"/>
    <link:labelArc xlink:arcrole="http://www.xbrl.org/2003/arcrole/concept-label" xlink:type="arc" xlink:from="ns15_EarningsPerSharePolicyTextBlock" xlink:to="lbl_lab_ns15_EarningsPerSharePolicyTextBlock"/>
    <link:label xlink:type="resource" xlink:label="lbl_lab_ns15_EarningsPerSharePolicyTextBlock" xlink:role="http://www.xbrl.org/2003/role/label" xml:lang="en-US">Basic and Diluted Net Loss per Share</link:label>
    <link:loc xlink:label="ns10_EntityPublicFloat" xlink:href="https://xbrl.sec.gov/dei/2023/dei-2023.xsd#dei_EntityPublicFloat" xlink:type="locator"/>
    <link:labelArc xlink:arcrole="http://www.xbrl.org/2003/arcrole/concept-label" xlink:type="arc" xlink:from="ns10_EntityPublicFloat" xlink:to="lbl_lab_ns10_EntityPublicFloat"/>
    <link:label xlink:type="resource" xlink:label="lbl_lab_ns10_EntityPublicFloat" xlink:role="http://www.xbrl.org/2003/role/label" xml:lang="en-US">Entity Public Float</link:label>
    <link:loc xlink:label="ns15_RelatedPartyTransactionsDisclosureTextBlock" xlink:href="https://xbrl.fasb.org/us-gaap/2023/elts/us-gaap-2023.xsd#us-gaap_RelatedPartyTransactionsDisclosureTextBlock" xlink:type="locator"/>
    <link:labelArc xlink:arcrole="http://www.xbrl.org/2003/arcrole/concept-label" xlink:type="arc" xlink:from="ns15_RelatedPartyTransactionsDisclosureTextBlock" xlink:to="lbl_lab_ns15_RelatedPartyTransactionsDisclosureTextBlock"/>
    <link:label xlink:type="resource" xlink:label="lbl_lab_ns15_RelatedPartyTransactionsDisclosureTextBlock" xlink:role="http://www.xbrl.org/2003/role/label" xml:lang="en-US">5. RELATED PARTY TRANSACTIONS</link:label>
    <link:loc xlink:label="ns10_EntityCommonStockSharesOutstanding" xlink:href="https://xbrl.sec.gov/dei/2023/dei-2023.xsd#dei_EntityCommonStockSharesOutstanding" xlink:type="locator"/>
    <link:labelArc xlink:arcrole="http://www.xbrl.org/2003/arcrole/concept-label" xlink:type="arc" xlink:from="ns10_EntityCommonStockSharesOutstanding" xlink:to="lbl_lab_ns10_EntityCommonStockSharesOutstanding"/>
    <link:label xlink:type="resource" xlink:label="lbl_lab_ns10_EntityCommonStockSharesOutstanding" xlink:role="http://www.xbrl.org/2003/role/label" xml:lang="en-US">Entity Common Stock, Shares Outstanding</link:label>
    <link:loc xlink:label="ns15_RelatedPartyTransactionAxis" xlink:href="https://xbrl.fasb.org/us-gaap/2023/elts/us-gaap-2023.xsd#us-gaap_RelatedPartyTransactionAxis" xlink:type="locator"/>
    <link:labelArc xlink:arcrole="http://www.xbrl.org/2003/arcrole/concept-label" xlink:type="arc" xlink:from="ns15_RelatedPartyTransactionAxis" xlink:to="lbl_lab_ns15_RelatedPartyTransactionAxis"/>
    <link:label xlink:type="resource" xlink:label="lbl_lab_ns15_RelatedPartyTransactionAxis" xlink:role="http://www.xbrl.org/2003/role/label" xml:lang="en-US">Related Party Transaction [Axis]</link:label>
    <link:loc xlink:label="ns10_DocumentFiscalPeriodFocus" xlink:href="https://xbrl.sec.gov/dei/2023/dei-2023.xsd#dei_DocumentFiscalPeriodFocus" xlink:type="locator"/>
    <link:labelArc xlink:arcrole="http://www.xbrl.org/2003/arcrole/concept-label" xlink:type="arc" xlink:from="ns10_DocumentFiscalPeriodFocus" xlink:to="lbl_lab_ns10_DocumentFiscalPeriodFocus"/>
    <link:label xlink:type="resource" xlink:label="lbl_lab_ns10_DocumentFiscalPeriodFocus" xlink:role="http://www.xbrl.org/2003/role/label" xml:lang="en-US">Document Fiscal Period Focus</link:label>
    <link:loc xlink:label="ns15_CostsAndExpenses" xlink:href="https://xbrl.fasb.org/us-gaap/2023/elts/us-gaap-2023.xsd#us-gaap_CostsAndExpenses" xlink:type="locator"/>
    <link:labelArc xlink:arcrole="http://www.xbrl.org/2003/arcrole/concept-label" xlink:type="arc" xlink:from="ns15_CostsAndExpenses" xlink:to="lbl_lab_ns15_CostsAndExpenses"/>
    <link:label xlink:type="resource" xlink:label="lbl_lab_ns15_CostsAndExpenses" xlink:role="http://www.xbrl.org/2003/role/label" xml:lang="en-US">Costs and Expenses</link:label>
    <link:loc xlink:label="ns10_DocumentFiscalYearFocus" xlink:href="https://xbrl.sec.gov/dei/2023/dei-2023.xsd#dei_DocumentFiscalYearFocus" xlink:type="locator"/>
    <link:labelArc xlink:arcrole="http://www.xbrl.org/2003/arcrole/concept-label" xlink:type="arc" xlink:from="ns10_DocumentFiscalYearFocus" xlink:to="lbl_lab_ns10_DocumentFiscalYearFocus"/>
    <link:label xlink:type="resource" xlink:label="lbl_lab_ns10_DocumentFiscalYearFocus" xlink:role="http://www.xbrl.org/2003/role/label" xml:lang="en-US">Document Fiscal Year Focus</link:label>
    <link:label xlink:type="resource" xlink:label="lbl_lab_ns15_CostsAndExpenses" xlink:role="http://www.xbrl.org/2003/role/totalLabel" xml:lang="en-US">Total Operating Expenses</link:label>
    <link:loc xlink:label="ns10_DocumentType" xlink:href="https://xbrl.sec.gov/dei/2023/dei-2023.xsd#dei_DocumentType" xlink:type="locator"/>
    <link:labelArc xlink:arcrole="http://www.xbrl.org/2003/arcrole/concept-label" xlink:type="arc" xlink:from="ns10_DocumentType" xlink:to="lbl_lab_ns10_DocumentType"/>
    <link:label xlink:type="resource" xlink:label="lbl_lab_ns10_DocumentType" xlink:role="http://www.xbrl.org/2003/role/label" xml:lang="en-US">Document Type</link:label>
    <link:loc xlink:label="ns15_OtherNonoperatingIncomeExpense" xlink:href="https://xbrl.fasb.org/us-gaap/2023/elts/us-gaap-2023.xsd#us-gaap_OtherNonoperatingIncomeExpense" xlink:type="locator"/>
    <link:labelArc xlink:arcrole="http://www.xbrl.org/2003/arcrole/concept-label" xlink:type="arc" xlink:from="ns15_OtherNonoperatingIncomeExpense" xlink:to="lbl_lab_ns15_OtherNonoperatingIncomeExpense"/>
    <link:label xlink:type="resource" xlink:label="lbl_lab_ns15_OtherNonoperatingIncomeExpense" xlink:role="http://www.xbrl.org/2003/role/totalLabel" xml:lang="en-US">Total Other Income (Expenses)</link:label>
    <link:loc xlink:label="ns10_EntityEmergingGrowthCompany" xlink:href="https://xbrl.sec.gov/dei/2023/dei-2023.xsd#dei_EntityEmergingGrowthCompany" xlink:type="locator"/>
    <link:labelArc xlink:arcrole="http://www.xbrl.org/2003/arcrole/concept-label" xlink:type="arc" xlink:from="ns10_EntityEmergingGrowthCompany" xlink:to="lbl_lab_ns10_EntityEmergingGrowthCompany"/>
    <link:label xlink:type="resource" xlink:label="lbl_lab_ns10_EntityEmergingGrowthCompany" xlink:role="http://www.xbrl.org/2003/role/label" xml:lang="en-US">Is Entity Emerging Growth Company?</link:label>
    <link:label xlink:type="resource" xlink:label="lbl_lab_ns15_OtherNonoperatingIncomeExpense" xlink:role="http://www.xbrl.org/2003/role/label" xml:lang="en-US">Other Nonoperating Income (Expense)</link:label>
    <link:loc xlink:label="ns10_EntityShellCompany" xlink:href="https://xbrl.sec.gov/dei/2023/dei-2023.xsd#dei_EntityShellCompany" xlink:type="locator"/>
    <link:labelArc xlink:arcrole="http://www.xbrl.org/2003/arcrole/concept-label" xlink:type="arc" xlink:from="ns10_EntityShellCompany" xlink:to="lbl_lab_ns10_EntityShellCompany"/>
    <link:label xlink:type="resource" xlink:label="lbl_lab_ns10_EntityShellCompany" xlink:role="http://www.xbrl.org/2003/role/label" xml:lang="en-US">Entity Shell Company?</link:label>
    <link:loc xlink:label="ns15_AdditionalPaidInCapital" xlink:href="https://xbrl.fasb.org/us-gaap/2023/elts/us-gaap-2023.xsd#us-gaap_AdditionalPaidInCapital" xlink:type="locator"/>
    <link:labelArc xlink:arcrole="http://www.xbrl.org/2003/arcrole/concept-label" xlink:type="arc" xlink:from="ns15_AdditionalPaidInCapital" xlink:to="lbl_lab_ns15_AdditionalPaidInCapital"/>
    <link:label xlink:type="resource" xlink:label="lbl_lab_ns15_AdditionalPaidInCapital" xlink:role="http://www.xbrl.org/2003/role/label" xml:lang="en-US">Additional paid-in capital</link:label>
    <link:loc xlink:label="ns10_EntityFileNumber" xlink:href="https://xbrl.sec.gov/dei/2023/dei-2023.xsd#dei_EntityFileNumber" xlink:type="locator"/>
    <link:labelArc xlink:arcrole="http://www.xbrl.org/2003/arcrole/concept-label" xlink:type="arc" xlink:from="ns10_EntityFileNumber" xlink:to="lbl_lab_ns10_EntityFileNumber"/>
    <link:label xlink:type="resource" xlink:label="lbl_lab_ns10_EntityFileNumber" xlink:role="http://www.xbrl.org/2003/role/label" xml:lang="en-US">File Number</link:label>
    <link:loc xlink:label="ns15_AdditionalPaidInCapitalMember" xlink:href="https://xbrl.fasb.org/us-gaap/2023/elts/us-gaap-2023.xsd#us-gaap_AdditionalPaidInCapitalMember" xlink:type="locator"/>
    <link:labelArc xlink:arcrole="http://www.xbrl.org/2003/arcrole/concept-label" xlink:type="arc" xlink:from="ns15_AdditionalPaidInCapitalMember" xlink:to="lbl_lab_ns15_AdditionalPaidInCapitalMember"/>
    <link:label xlink:type="resource" xlink:label="lbl_lab_ns15_AdditionalPaidInCapitalMember" xlink:role="http://www.xbrl.org/2003/role/label" xml:lang="en-US">Additional Paid-In Capital</link:label>
    <link:loc xlink:label="ns10_EntitySmallBusiness" xlink:href="https://xbrl.sec.gov/dei/2023/dei-2023.xsd#dei_EntitySmallBusiness" xlink:type="locator"/>
    <link:labelArc xlink:arcrole="http://www.xbrl.org/2003/arcrole/concept-label" xlink:type="arc" xlink:from="ns10_EntitySmallBusiness" xlink:to="lbl_lab_ns10_EntitySmallBusiness"/>
    <link:label xlink:type="resource" xlink:label="lbl_lab_ns10_EntitySmallBusiness" xlink:role="http://www.xbrl.org/2003/role/label" xml:lang="en-US">Entity Small Business</link:label>
    <link:loc xlink:label="ns15_AdjustmentsNoncashItemsToReconcileNetIncomeLossToCashProvidedByUsedInOperatingActivities" xlink:href="https://xbrl.fasb.org/us-gaap/2023/elts/us-gaap-2023.xsd#us-gaap_AdjustmentsNoncashItemsToReconcileNetIncomeLossToCashProvidedByUsedInOperatingActivities" xlink:type="locator"/>
    <link:labelArc xlink:arcrole="http://www.xbrl.org/2003/arcrole/concept-label" xlink:type="arc" xlink:from="ns15_AdjustmentsNoncashItemsToReconcileNetIncomeLossToCashProvidedByUsedInOperatingActivities" xlink:to="lbl_lab_ns15_AdjustmentsNoncashItemsToReconcileNetIncomeLossToCashProvidedByUsedInOperatingActivities"/>
    <link:label xlink:type="resource" xlink:label="lbl_lab_ns15_AdjustmentsNoncashItemsToReconcileNetIncomeLossToCashProvidedByUsedInOperatingActivities" xlink:role="http://www.xbrl.org/2003/role/label" xml:lang="en-US">Non-cash financing activity:</link:label>
    <link:loc xlink:label="ns10_EntityExTransitionPeriod" xlink:href="https://xbrl.sec.gov/dei/2023/dei-2023.xsd#dei_EntityExTransitionPeriod" xlink:type="locator"/>
    <link:labelArc xlink:arcrole="http://www.xbrl.org/2003/arcrole/concept-label" xlink:type="arc" xlink:from="ns10_EntityExTransitionPeriod" xlink:to="lbl_lab_ns10_EntityExTransitionPeriod"/>
    <link:label xlink:type="resource" xlink:label="lbl_lab_ns10_EntityExTransitionPeriod" xlink:role="http://www.xbrl.org/2003/role/label" xml:lang="en-US">Elected Not To Use the Extended Transition Period</link:label>
    <link:loc xlink:label="ns15_AdjustmentsToReconcileNetIncomeLossToCashProvidedByUsedInOperatingActivitiesAbstract" xlink:href="https://xbrl.fasb.org/us-gaap/2023/elts/us-gaap-2023.xsd#us-gaap_AdjustmentsToReconcileNetIncomeLossToCashProvidedByUsedInOperatingActivitiesAbstract" xlink:type="locator"/>
    <link:labelArc xlink:arcrole="http://www.xbrl.org/2003/arcrole/concept-label" xlink:type="arc" xlink:from="ns15_AdjustmentsToReconcileNetIncomeLossToCashProvidedByUsedInOperatingActivitiesAbstract" xlink:to="lbl_lab_ns15_AdjustmentsToReconcileNetIncomeLossToCashProvidedByUsedInOperatingActivitiesAbstract"/>
    <link:label xlink:type="resource" xlink:label="lbl_lab_ns15_AdjustmentsToReconcileNetIncomeLossToCashProvidedByUsedInOperatingActivitiesAbstract" xlink:role="http://www.xbrl.org/2003/role/label" xml:lang="en-US">Adjustments to reconcile net loss to net cash used by operating activities:</link:label>
    <link:loc xlink:label="ns15_ProceedsFromNotesPayable" xlink:href="https://xbrl.fasb.org/us-gaap/2023/elts/us-gaap-2023.xsd#us-gaap_ProceedsFromNotesPayable" xlink:type="locator"/>
    <link:labelArc xlink:arcrole="http://www.xbrl.org/2003/arcrole/concept-label" xlink:type="arc" xlink:from="ns15_ProceedsFromNotesPayable" xlink:to="lbl_lab_ns15_ProceedsFromNotesPayable"/>
    <link:label xlink:type="resource" xlink:label="lbl_lab_ns15_ProceedsFromNotesPayable" xlink:role="http://www.xbrl.org/2003/role/label" xml:lang="en-US">Proceeds from notes payable - related parties</link:label>
    <link:loc xlink:label="ns15_AdjustmentsToAdditionalPaidInCapitalStockIssuedIssuanceCosts" xlink:href="https://xbrl.fasb.org/us-gaap/2023/elts/us-gaap-2023.xsd#us-gaap_AdjustmentsToAdditionalPaidInCapitalStockIssuedIssuanceCosts" xlink:type="locator"/>
    <link:labelArc xlink:arcrole="http://www.xbrl.org/2003/arcrole/concept-label" xlink:type="arc" xlink:from="ns15_AdjustmentsToAdditionalPaidInCapitalStockIssuedIssuanceCosts" xlink:to="lbl_lab_ns15_AdjustmentsToAdditionalPaidInCapitalStockIssuedIssuanceCosts"/>
    <link:label xlink:type="resource" xlink:label="lbl_lab_ns15_AdjustmentsToAdditionalPaidInCapitalStockIssuedIssuanceCosts" xlink:role="http://www.xbrl.org/2003/role/label" xml:lang="en-US">Stock issued for consulting fees, value</link:label>
    <link:loc xlink:label="ns15_CashAndCashEquivalentsAtCarryingValue" xlink:href="https://xbrl.fasb.org/us-gaap/2023/elts/us-gaap-2023.xsd#us-gaap_CashAndCashEquivalentsAtCarryingValue" xlink:type="locator"/>
    <link:labelArc xlink:arcrole="http://www.xbrl.org/2003/arcrole/concept-label" xlink:type="arc" xlink:from="ns15_CashAndCashEquivalentsAtCarryingValue" xlink:to="lbl_lab_ns15_CashAndCashEquivalentsAtCarryingValue"/>
    <link:label xlink:type="resource" xlink:label="lbl_lab_ns15_CashAndCashEquivalentsAtCarryingValue" xlink:role="http://www.xbrl.org/2003/role/label" xml:lang="en-US">Cash and cash equivalents</link:label>
    <link:loc xlink:label="ns15_AllocatedShareBasedCompensationExpense" xlink:href="https://xbrl.fasb.org/us-gaap/2023/elts/us-gaap-2023.xsd#us-gaap_AllocatedShareBasedCompensationExpense" xlink:type="locator"/>
    <link:labelArc xlink:arcrole="http://www.xbrl.org/2003/arcrole/concept-label" xlink:type="arc" xlink:from="ns15_AllocatedShareBasedCompensationExpense" xlink:to="lbl_lab_ns15_AllocatedShareBasedCompensationExpense"/>
    <link:label xlink:type="resource" xlink:label="lbl_lab_ns15_AllocatedShareBasedCompensationExpense" xlink:role="http://www.xbrl.org/2003/role/label" xml:lang="en-US">Consulting fees</link:label>
    <link:label xlink:type="resource" xlink:label="lbl_lab_ns15_CashAndCashEquivalentsAtCarryingValue" xlink:role="http://www.xbrl.org/2003/role/periodStartLabel" xml:lang="en-US">CASH AND CASH EQUIVALENTS AT BEGINNING OF PERIOD</link:label>
    <link:loc xlink:label="ns15_IncomeTaxDisclosureAbstract" xlink:href="https://xbrl.fasb.org/us-gaap/2023/elts/us-gaap-2023.xsd#us-gaap_IncomeTaxDisclosureAbstract" xlink:type="locator"/>
    <link:labelArc xlink:arcrole="http://www.xbrl.org/2003/arcrole/concept-label" xlink:type="arc" xlink:from="ns15_IncomeTaxDisclosureAbstract" xlink:to="lbl_lab_ns15_IncomeTaxDisclosureAbstract"/>
    <link:label xlink:type="resource" xlink:label="lbl_lab_ns15_IncomeTaxDisclosureAbstract" xlink:role="http://www.xbrl.org/2003/role/label" xml:lang="en-US">Income Tax Disclosure [Abstract]</link:label>
    <link:loc xlink:label="ns15_CashCashEquivalentsRestrictedCashAndRestrictedCashEquivalentsPeriodIncreaseDecreaseIncludingExchangeRateEffect" xlink:href="https://xbrl.fasb.org/us-gaap/2023/elts/us-gaap-2023.xsd#us-gaap_CashCashEquivalentsRestrictedCashAndRestrictedCashEquivalentsPeriodIncreaseDecreaseIncludingExchangeRateEffect" xlink:type="locator"/>
    <link:labelArc xlink:arcrole="http://www.xbrl.org/2003/arcrole/concept-label" xlink:type="arc" xlink:from="ns15_CashCashEquivalentsRestrictedCashAndRestrictedCashEquivalentsPeriodIncreaseDecreaseIncludingExchangeRateEffect" xlink:to="lbl_lab_ns15_CashCashEquivalentsRestrictedCashAndRestrictedCashEquivalentsPeriodIncreaseDecreaseIncludingExchangeRateEffect"/>
    <link:label xlink:type="resource" xlink:label="lbl_lab_ns15_CashCashEquivalentsRestrictedCashAndRestrictedCashEquivalentsPeriodIncreaseDecreaseIncludingExchangeRateEffect" xlink:role="http://www.xbrl.org/2003/role/totalLabel" xml:lang="en-US">CASH AND CASH EQUIVALENTS AT END OF PERIOD</link:label>
    <link:loc xlink:label="ns15_IncomeLossFromContinuingOperationsBeforeIncomeTaxesExtraordinaryItemsNoncontrollingInterest" xlink:href="https://xbrl.fasb.org/us-gaap/2023/elts/us-gaap-2023.xsd#us-gaap_IncomeLossFromContinuingOperationsBeforeIncomeTaxesExtraordinaryItemsNoncontrollingInterest" xlink:type="locator"/>
    <link:labelArc xlink:arcrole="http://www.xbrl.org/2003/arcrole/concept-label" xlink:type="arc" xlink:from="ns15_IncomeLossFromContinuingOperationsBeforeIncomeTaxesExtraordinaryItemsNoncontrollingInterest" xlink:to="lbl_lab_ns15_IncomeLossFromContinuingOperationsBeforeIncomeTaxesExtraordinaryItemsNoncontrollingInterest"/>
    <link:label xlink:type="resource" xlink:label="lbl_lab_ns15_IncomeLossFromContinuingOperationsBeforeIncomeTaxesExtraordinaryItemsNoncontrollingInterest" xlink:role="http://www.xbrl.org/2003/role/label" xml:lang="en-US">LOSS BEFORE INCOME TAXES</link:label>
    <link:label xlink:type="resource" xlink:label="lbl_lab_ns15_CashCashEquivalentsRestrictedCashAndRestrictedCashEquivalentsPeriodIncreaseDecreaseIncludingExchangeRateEffect" xlink:role="http://www.xbrl.org/2003/role/label" xml:lang="en-US">Cash, Cash Equivalents, Restricted Cash and Restricted Cash Equivalents, Period Increase (Decrease), Including Exchange Rate Effect</link:label>
    <link:loc xlink:label="ns15_EquityAbstract" xlink:href="https://xbrl.fasb.org/us-gaap/2023/elts/us-gaap-2023.xsd#us-gaap_EquityAbstract" xlink:type="locator"/>
    <link:labelArc xlink:arcrole="http://www.xbrl.org/2003/arcrole/concept-label" xlink:type="arc" xlink:from="ns15_EquityAbstract" xlink:to="lbl_lab_ns15_EquityAbstract"/>
    <link:label xlink:type="resource" xlink:label="lbl_lab_ns15_EquityAbstract" xlink:role="http://www.xbrl.org/2003/role/label" xml:lang="en-US">Equity [Abstract]</link:label>
    <link:loc xlink:label="ns15_NotesPayableRelatedPartiesCurrentAndNoncurrent" xlink:href="https://xbrl.fasb.org/us-gaap/2023/elts/us-gaap-2023.xsd#us-gaap_NotesPayableRelatedPartiesCurrentAndNoncurrent" xlink:type="locator"/>
    <link:labelArc xlink:arcrole="http://www.xbrl.org/2003/arcrole/concept-label" xlink:type="arc" xlink:from="ns15_NotesPayableRelatedPartiesCurrentAndNoncurrent" xlink:to="lbl_lab_ns15_NotesPayableRelatedPartiesCurrentAndNoncurrent"/>
    <link:label xlink:type="resource" xlink:label="lbl_lab_ns15_NotesPayableRelatedPartiesCurrentAndNoncurrent" xlink:role="http://www.xbrl.org/2003/role/label" xml:lang="en-US">Notes payable - related parties</link:label>
    <link:loc xlink:label="ns15_IncomeLossFromContinuingOperationsPerBasicAndDilutedShare" xlink:href="https://xbrl.fasb.org/us-gaap/2023/elts/us-gaap-2023.xsd#us-gaap_IncomeLossFromContinuingOperationsPerBasicAndDilutedShare" xlink:type="locator"/>
    <link:labelArc xlink:arcrole="http://www.xbrl.org/2003/arcrole/concept-label" xlink:type="arc" xlink:from="ns15_IncomeLossFromContinuingOperationsPerBasicAndDilutedShare" xlink:to="lbl_lab_ns15_IncomeLossFromContinuingOperationsPerBasicAndDilutedShare"/>
    <link:label xlink:type="resource" xlink:label="lbl_lab_ns15_IncomeLossFromContinuingOperationsPerBasicAndDilutedShare" xlink:role="http://www.xbrl.org/2003/role/label" xml:lang="en-US">BASIC NET LOSS PER SHARE</link:label>
    <link:loc xlink:label="ns15_ProceedsFromShortTermDebt" xlink:href="https://xbrl.fasb.org/us-gaap/2023/elts/us-gaap-2023.xsd#us-gaap_ProceedsFromShortTermDebt" xlink:type="locator"/>
    <link:labelArc xlink:arcrole="http://www.xbrl.org/2003/arcrole/concept-label" xlink:type="arc" xlink:from="ns15_ProceedsFromShortTermDebt" xlink:to="lbl_lab_ns15_ProceedsFromShortTermDebt"/>
    <link:label xlink:type="resource" xlink:label="lbl_lab_ns15_ProceedsFromShortTermDebt" xlink:role="http://www.xbrl.org/2003/role/label" xml:lang="en-US">Proceeds from short term borrowings - related parties</link:label>
    <link:loc xlink:label="ns15_IncomeStatementAbstract" xlink:href="https://xbrl.fasb.org/us-gaap/2023/elts/us-gaap-2023.xsd#us-gaap_IncomeStatementAbstract" xlink:type="locator"/>
    <link:labelArc xlink:arcrole="http://www.xbrl.org/2003/arcrole/concept-label" xlink:type="arc" xlink:from="ns15_IncomeStatementAbstract" xlink:to="lbl_lab_ns15_IncomeStatementAbstract"/>
    <link:label xlink:type="resource" xlink:label="lbl_lab_ns15_IncomeStatementAbstract" xlink:role="http://www.xbrl.org/2003/role/label" xml:lang="en-US">Income Statement [Abstract]</link:label>
    <link:loc xlink:label="ns15_SellingGeneralAndAdministrativeExpense" xlink:href="https://xbrl.fasb.org/us-gaap/2023/elts/us-gaap-2023.xsd#us-gaap_SellingGeneralAndAdministrativeExpense" xlink:type="locator"/>
    <link:labelArc xlink:arcrole="http://www.xbrl.org/2003/arcrole/concept-label" xlink:type="arc" xlink:from="ns15_SellingGeneralAndAdministrativeExpense" xlink:to="lbl_lab_ns15_SellingGeneralAndAdministrativeExpense"/>
    <link:label xlink:type="resource" xlink:label="lbl_lab_ns15_SellingGeneralAndAdministrativeExpense" xlink:role="http://www.xbrl.org/2003/role/label" xml:lang="en-US">Selling, general and administrative</link:label>
    <link:loc xlink:label="ns15_IncomeTaxExpenseBenefit" xlink:href="https://xbrl.fasb.org/us-gaap/2023/elts/us-gaap-2023.xsd#us-gaap_IncomeTaxExpenseBenefit" xlink:type="locator"/>
    <link:labelArc xlink:arcrole="http://www.xbrl.org/2003/arcrole/concept-label" xlink:type="arc" xlink:from="ns15_IncomeTaxExpenseBenefit" xlink:to="lbl_lab_ns15_IncomeTaxExpenseBenefit"/>
    <link:label xlink:type="resource" xlink:label="lbl_lab_ns15_IncomeTaxExpenseBenefit" xlink:role="http://www.xbrl.org/2003/role/label" xml:lang="en-US">PROVISION FOR INCOME TAXES</link:label>
    <link:loc xlink:label="ns15_CertainLoansAndDebtSecuritiesAcquiredInTransferDescriptionOfHowPrepaymentsAreConsideredInDeterminationOfContractualCashFlowsAndCashFlowsExpectedToBeCollected" xlink:href="https://xbrl.fasb.org/us-gaap/2023/elts/us-gaap-2023.xsd#us-gaap_CertainLoansAndDebtSecuritiesAcquiredInTransferDescriptionOfHowPrepaymentsAreConsideredInDeterminationOfContractualCashFlowsAndCashFlowsExpectedToBeCollected" xlink:type="locator"/>
    <link:labelArc xlink:arcrole="http://www.xbrl.org/2003/arcrole/concept-label" xlink:type="arc" xlink:from="ns15_CertainLoansAndDebtSecuritiesAcquiredInTransferDescriptionOfHowPrepaymentsAreConsideredInDeterminationOfContractualCashFlowsAndCashFlowsExpectedToBeCollected" xlink:to="lbl_lab_ns15_CertainLoansAndDebtSecuritiesAcquiredInTransferDescriptionOfHowPrepaymentsAreConsideredInDeterminationOfContractualCashFlowsAndCashFlowsExpectedToBeCollected"/>
    <link:label xlink:type="resource" xlink:label="lbl_lab_ns15_CertainLoansAndDebtSecuritiesAcquiredInTransferDescriptionOfHowPrepaymentsAreConsideredInDeterminationOfContractualCashFlowsAndCashFlowsExpectedToBeCollected" xlink:role="http://www.xbrl.org/2003/role/label" xml:lang="en-US">Cash Payments For:</link:label>
    <link:loc xlink:label="ns15_IncomeTaxDisclosureTextBlock" xlink:href="https://xbrl.fasb.org/us-gaap/2023/elts/us-gaap-2023.xsd#us-gaap_IncomeTaxDisclosureTextBlock" xlink:type="locator"/>
    <link:labelArc xlink:arcrole="http://www.xbrl.org/2003/arcrole/concept-label" xlink:type="arc" xlink:from="ns15_IncomeTaxDisclosureTextBlock" xlink:to="lbl_lab_ns15_IncomeTaxDisclosureTextBlock"/>
    <link:label xlink:type="resource" xlink:label="lbl_lab_ns15_IncomeTaxDisclosureTextBlock" xlink:role="http://www.xbrl.org/2003/role/label" xml:lang="en-US">4. INCOME TAXES</link:label>
    <link:loc xlink:label="ns15_ProfessionalFees" xlink:href="https://xbrl.fasb.org/us-gaap/2023/elts/us-gaap-2023.xsd#us-gaap_ProfessionalFees" xlink:type="locator"/>
    <link:labelArc xlink:arcrole="http://www.xbrl.org/2003/arcrole/concept-label" xlink:type="arc" xlink:from="ns15_ProfessionalFees" xlink:to="lbl_lab_ns15_ProfessionalFees"/>
    <link:label xlink:type="resource" xlink:label="lbl_lab_ns15_ProfessionalFees" xlink:role="http://www.xbrl.org/2003/role/label" xml:lang="en-US">Professional fees</link:label>
    <link:loc xlink:label="ns15_DebtDisclosureAbstract" xlink:href="https://xbrl.fasb.org/us-gaap/2023/elts/us-gaap-2023.xsd#us-gaap_DebtDisclosureAbstract" xlink:type="locator"/>
    <link:labelArc xlink:arcrole="http://www.xbrl.org/2003/arcrole/concept-label" xlink:type="arc" xlink:from="ns15_DebtDisclosureAbstract" xlink:to="lbl_lab_ns15_DebtDisclosureAbstract"/>
    <link:label xlink:type="resource" xlink:label="lbl_lab_ns15_DebtDisclosureAbstract" xlink:role="http://www.xbrl.org/2003/role/label" xml:lang="en-US">Debt Disclosure [Abstract]</link:label>
    <link:loc xlink:label="ns15_FiscalPeriod" xlink:href="https://xbrl.fasb.org/us-gaap/2023/elts/us-gaap-2023.xsd#us-gaap_FiscalPeriod" xlink:type="locator"/>
    <link:labelArc xlink:arcrole="http://www.xbrl.org/2003/arcrole/concept-label" xlink:type="arc" xlink:from="ns15_FiscalPeriod" xlink:to="lbl_lab_ns15_FiscalPeriod"/>
    <link:label xlink:type="resource" xlink:label="lbl_lab_ns15_FiscalPeriod" xlink:role="http://www.xbrl.org/2003/role/label" xml:lang="en-US">Fiscal Periods</link:label>
    <link:loc xlink:label="ns15_RetainedEarningsAccumulatedDeficit" xlink:href="https://xbrl.fasb.org/us-gaap/2023/elts/us-gaap-2023.xsd#us-gaap_RetainedEarningsAccumulatedDeficit" xlink:type="locator"/>
    <link:labelArc xlink:arcrole="http://www.xbrl.org/2003/arcrole/concept-label" xlink:type="arc" xlink:from="ns15_RetainedEarningsAccumulatedDeficit" xlink:to="lbl_lab_ns15_RetainedEarningsAccumulatedDeficit"/>
    <link:label xlink:type="resource" xlink:label="lbl_lab_ns15_RetainedEarningsAccumulatedDeficit" xlink:role="http://www.xbrl.org/2003/role/label" xml:lang="en-US">Accumulated deficit</link:label>
    <link:loc xlink:label="ns15_ForeignCurrencyDisclosureTextBlock" xlink:href="https://xbrl.fasb.org/us-gaap/2023/elts/us-gaap-2023.xsd#us-gaap_ForeignCurrencyDisclosureTextBlock" xlink:type="locator"/>
    <link:labelArc xlink:arcrole="http://www.xbrl.org/2003/arcrole/concept-label" xlink:type="arc" xlink:from="ns15_ForeignCurrencyDisclosureTextBlock" xlink:to="lbl_lab_ns15_ForeignCurrencyDisclosureTextBlock"/>
    <link:label xlink:type="resource" xlink:label="lbl_lab_ns15_ForeignCurrencyDisclosureTextBlock" xlink:role="http://www.xbrl.org/2003/role/label" xml:lang="en-US">Foreign Currency Translation</link:label>
    <link:loc xlink:label="ns15_RetainedEarningsMember" xlink:href="https://xbrl.fasb.org/us-gaap/2023/elts/us-gaap-2023.xsd#us-gaap_RetainedEarningsMember" xlink:type="locator"/>
    <link:labelArc xlink:arcrole="http://www.xbrl.org/2003/arcrole/concept-label" xlink:type="arc" xlink:from="ns15_RetainedEarningsMember" xlink:to="lbl_lab_ns15_RetainedEarningsMember"/>
    <link:label xlink:type="resource" xlink:label="lbl_lab_ns15_RetainedEarningsMember" xlink:role="http://www.xbrl.org/2003/role/label" xml:lang="en-US">Accumulated Deficit</link:label>
    <link:loc xlink:label="ns15_OperatingCostsAndExpensesAbstract" xlink:href="https://xbrl.fasb.org/us-gaap/2023/elts/us-gaap-2023.xsd#us-gaap_OperatingCostsAndExpensesAbstract" xlink:type="locator"/>
    <link:labelArc xlink:arcrole="http://www.xbrl.org/2003/arcrole/concept-label" xlink:type="arc" xlink:from="ns15_OperatingCostsAndExpensesAbstract" xlink:to="lbl_lab_ns15_OperatingCostsAndExpensesAbstract"/>
    <link:label xlink:type="resource" xlink:label="lbl_lab_ns15_OperatingCostsAndExpensesAbstract" xlink:role="http://www.xbrl.org/2003/role/label" xml:lang="en-US">OPERATING EXPENSES</link:label>
    <link:loc xlink:label="ns15_DebtDisclosureTextBlock" xlink:href="https://xbrl.fasb.org/us-gaap/2023/elts/us-gaap-2023.xsd#us-gaap_DebtDisclosureTextBlock" xlink:type="locator"/>
    <link:labelArc xlink:arcrole="http://www.xbrl.org/2003/arcrole/concept-label" xlink:type="arc" xlink:from="ns15_DebtDisclosureTextBlock" xlink:to="lbl_lab_ns15_DebtDisclosureTextBlock"/>
    <link:label xlink:type="resource" xlink:label="lbl_lab_ns15_DebtDisclosureTextBlock" xlink:role="http://www.xbrl.org/2003/role/label" xml:lang="en-US">6. NOTES PAYABLE</link:label>
    <link:loc xlink:label="ns15_OperatingIncomeLoss" xlink:href="https://xbrl.fasb.org/us-gaap/2023/elts/us-gaap-2023.xsd#us-gaap_OperatingIncomeLoss" xlink:type="locator"/>
    <link:labelArc xlink:arcrole="http://www.xbrl.org/2003/arcrole/concept-label" xlink:type="arc" xlink:from="ns15_OperatingIncomeLoss" xlink:to="lbl_lab_ns15_OperatingIncomeLoss"/>
    <link:label xlink:type="resource" xlink:label="lbl_lab_ns15_OperatingIncomeLoss" xlink:role="http://www.xbrl.org/2003/role/totalLabel" xml:lang="en-US">LOSS FROM OPERATIONS</link:label>
    <link:loc xlink:label="ns15_IncreaseDecreaseInOtherOperatingAssetsAndLiabilitiesNetAbstract" xlink:href="https://xbrl.fasb.org/us-gaap/2023/elts/us-gaap-2023.xsd#us-gaap_IncreaseDecreaseInOtherOperatingAssetsAndLiabilitiesNetAbstract" xlink:type="locator"/>
    <link:labelArc xlink:arcrole="http://www.xbrl.org/2003/arcrole/concept-label" xlink:type="arc" xlink:from="ns15_IncreaseDecreaseInOtherOperatingAssetsAndLiabilitiesNetAbstract" xlink:to="lbl_lab_ns15_IncreaseDecreaseInOtherOperatingAssetsAndLiabilitiesNetAbstract"/>
    <link:label xlink:type="resource" xlink:label="lbl_lab_ns15_IncreaseDecreaseInOtherOperatingAssetsAndLiabilitiesNetAbstract" xlink:role="http://www.xbrl.org/2003/role/label" xml:lang="en-US">Changes in operating assets and liabilities:</link:label>
    <link:label xlink:type="resource" xlink:label="lbl_lab_ns15_OperatingIncomeLoss" xlink:role="http://www.xbrl.org/2003/role/label" xml:lang="en-US">Operating Income (Loss)</link:label>
    <link:loc xlink:label="ns15_IncomeTaxPolicyTextBlock" xlink:href="https://xbrl.fasb.org/us-gaap/2023/elts/us-gaap-2023.xsd#us-gaap_IncomeTaxPolicyTextBlock" xlink:type="locator"/>
    <link:labelArc xlink:arcrole="http://www.xbrl.org/2003/arcrole/concept-label" xlink:type="arc" xlink:from="ns15_IncomeTaxPolicyTextBlock" xlink:to="lbl_lab_ns15_IncomeTaxPolicyTextBlock"/>
    <link:label xlink:type="resource" xlink:label="lbl_lab_ns15_IncomeTaxPolicyTextBlock" xlink:role="http://www.xbrl.org/2003/role/label" xml:lang="en-US">Income Taxes</link:label>
    <link:loc xlink:label="ns15_ShareBasedCompensationOptionAndIncentivePlansPolicy" xlink:href="https://xbrl.fasb.org/us-gaap/2023/elts/us-gaap-2023.xsd#us-gaap_ShareBasedCompensationOptionAndIncentivePlansPolicy" xlink:type="locator"/>
    <link:labelArc xlink:arcrole="http://www.xbrl.org/2003/arcrole/concept-label" xlink:type="arc" xlink:from="ns15_ShareBasedCompensationOptionAndIncentivePlansPolicy" xlink:to="lbl_lab_ns15_ShareBasedCompensationOptionAndIncentivePlansPolicy"/>
    <link:label xlink:type="resource" xlink:label="lbl_lab_ns15_ShareBasedCompensationOptionAndIncentivePlansPolicy" xlink:role="http://www.xbrl.org/2003/role/label" xml:lang="en-US">Stock-based Compensation</link:label>
    <link:loc xlink:label="ns15_IncomeTaxesPaid" xlink:href="https://xbrl.fasb.org/us-gaap/2023/elts/us-gaap-2023.xsd#us-gaap_IncomeTaxesPaid" xlink:type="locator"/>
    <link:labelArc xlink:arcrole="http://www.xbrl.org/2003/arcrole/concept-label" xlink:type="arc" xlink:from="ns15_IncomeTaxesPaid" xlink:to="lbl_lab_ns15_IncomeTaxesPaid"/>
    <link:label xlink:type="resource" xlink:label="lbl_lab_ns15_IncomeTaxesPaid" xlink:role="http://www.xbrl.org/2003/role/label" xml:lang="en-US">Income taxes</link:label>
    <link:loc xlink:label="ns15_OrganizationConsolidationAndPresentationOfFinancialStatementsAbstract" xlink:href="https://xbrl.fasb.org/us-gaap/2023/elts/us-gaap-2023.xsd#us-gaap_OrganizationConsolidationAndPresentationOfFinancialStatementsAbstract" xlink:type="locator"/>
    <link:labelArc xlink:arcrole="http://www.xbrl.org/2003/arcrole/concept-label" xlink:type="arc" xlink:from="ns15_OrganizationConsolidationAndPresentationOfFinancialStatementsAbstract" xlink:to="lbl_lab_ns15_OrganizationConsolidationAndPresentationOfFinancialStatementsAbstract"/>
    <link:label xlink:type="resource" xlink:label="lbl_lab_ns15_OrganizationConsolidationAndPresentationOfFinancialStatementsAbstract" xlink:role="http://www.xbrl.org/2003/role/label" xml:lang="en-US">Organization, Consolidation and Presentation of Financial Statements [Abstract]</link:label>
    <link:loc xlink:label="ns15_CommonStockDividendsShares" xlink:href="https://xbrl.fasb.org/us-gaap/2023/elts/us-gaap-2023.xsd#us-gaap_CommonStockDividendsShares" xlink:type="locator"/>
    <link:labelArc xlink:arcrole="http://www.xbrl.org/2003/arcrole/concept-label" xlink:type="arc" xlink:from="ns15_CommonStockDividendsShares" xlink:to="lbl_lab_ns15_CommonStockDividendsShares"/>
    <link:label xlink:type="resource" xlink:label="lbl_lab_ns15_CommonStockDividendsShares" xlink:role="http://www.xbrl.org/2003/role/label" xml:lang="en-US">Shares of common stock</link:label>
    <link:loc xlink:label="ns15_AssetsAbstract" xlink:href="https://xbrl.fasb.org/us-gaap/2023/elts/us-gaap-2023.xsd#us-gaap_AssetsAbstract" xlink:type="locator"/>
    <link:labelArc xlink:arcrole="http://www.xbrl.org/2003/arcrole/concept-label" xlink:type="arc" xlink:from="ns15_AssetsAbstract" xlink:to="lbl_lab_ns15_AssetsAbstract"/>
    <link:label xlink:type="resource" xlink:label="lbl_lab_ns15_AssetsAbstract" xlink:role="http://www.xbrl.org/2003/role/label" xml:lang="en-US">ASSETS</link:label>
    <link:loc xlink:label="ns15_CommonStockMember" xlink:href="https://xbrl.fasb.org/us-gaap/2023/elts/us-gaap-2023.xsd#us-gaap_CommonStockMember" xlink:type="locator"/>
    <link:labelArc xlink:arcrole="http://www.xbrl.org/2003/arcrole/concept-label" xlink:type="arc" xlink:from="ns15_CommonStockMember" xlink:to="lbl_lab_ns15_CommonStockMember"/>
    <link:label xlink:type="resource" xlink:label="lbl_lab_ns15_CommonStockMember" xlink:role="http://www.xbrl.org/2003/role/label" xml:lang="en-US">Common Stock</link:label>
    <link:loc xlink:label="ns15_CommonStockSharesAuthorized" xlink:href="https://xbrl.fasb.org/us-gaap/2023/elts/us-gaap-2023.xsd#us-gaap_CommonStockSharesAuthorized" xlink:type="locator"/>
    <link:labelArc xlink:arcrole="http://www.xbrl.org/2003/arcrole/concept-label" xlink:type="arc" xlink:from="ns15_CommonStockSharesAuthorized" xlink:to="lbl_lab_ns15_CommonStockSharesAuthorized"/>
    <link:label xlink:type="resource" xlink:label="lbl_lab_ns15_CommonStockSharesAuthorized" xlink:role="http://www.xbrl.org/2003/role/label" xml:lang="en-US">Common stock, shares authorized</link:label>
    <link:loc xlink:label="ns15_Assets" xlink:href="https://xbrl.fasb.org/us-gaap/2023/elts/us-gaap-2023.xsd#us-gaap_Assets" xlink:type="locator"/>
    <link:labelArc xlink:arcrole="http://www.xbrl.org/2003/arcrole/concept-label" xlink:type="arc" xlink:from="ns15_Assets" xlink:to="lbl_lab_ns15_Assets"/>
    <link:label xlink:type="resource" xlink:label="lbl_lab_ns15_Assets" xlink:role="http://www.xbrl.org/2003/role/totalLabel" xml:lang="en-US">TOTAL ASSETS</link:label>
    <link:loc xlink:label="ns15_CommonStockParOrStatedValuePerShare" xlink:href="https://xbrl.fasb.org/us-gaap/2023/elts/us-gaap-2023.xsd#us-gaap_CommonStockParOrStatedValuePerShare" xlink:type="locator"/>
    <link:labelArc xlink:arcrole="http://www.xbrl.org/2003/arcrole/concept-label" xlink:type="arc" xlink:from="ns15_CommonStockParOrStatedValuePerShare" xlink:to="lbl_lab_ns15_CommonStockParOrStatedValuePerShare"/>
    <link:label xlink:type="resource" xlink:label="lbl_lab_ns15_CommonStockParOrStatedValuePerShare" xlink:role="http://www.xbrl.org/2003/role/label" xml:lang="en-US">Common stock, par value</link:label>
    <link:label xlink:type="resource" xlink:label="lbl_lab_ns15_Assets" xlink:role="http://www.xbrl.org/2003/role/label" xml:lang="en-US">Assets</link:label>
    <link:loc xlink:label="ns15_CommonStockValueOutstanding" xlink:href="https://xbrl.fasb.org/us-gaap/2023/elts/us-gaap-2023.xsd#us-gaap_CommonStockValueOutstanding" xlink:type="locator"/>
    <link:labelArc xlink:arcrole="http://www.xbrl.org/2003/arcrole/concept-label" xlink:type="arc" xlink:from="ns15_CommonStockValueOutstanding" xlink:to="lbl_lab_ns15_CommonStockValueOutstanding"/>
    <link:label xlink:type="resource" xlink:label="lbl_lab_ns15_CommonStockValueOutstanding" xlink:role="http://www.xbrl.org/2003/role/label" xml:lang="en-US">Common stock, $0.001 par value; 500,000,000 shares authorized, 300,000,000 and 288,938,184 shares issued and outstanding, respectively</link:label>
    <link:loc xlink:label="ns15_AssetsCurrent" xlink:href="https://xbrl.fasb.org/us-gaap/2023/elts/us-gaap-2023.xsd#us-gaap_AssetsCurrent" xlink:type="locator"/>
    <link:labelArc xlink:arcrole="http://www.xbrl.org/2003/arcrole/concept-label" xlink:type="arc" xlink:from="ns15_AssetsCurrent" xlink:to="lbl_lab_ns15_AssetsCurrent"/>
    <link:label xlink:type="resource" xlink:label="lbl_lab_ns15_AssetsCurrent" xlink:role="http://www.xbrl.org/2003/role/totalLabel" xml:lang="en-US">Total Current Assets</link:label>
    <link:loc xlink:label="ns15_LongTermDebtDescription" xlink:href="https://xbrl.fasb.org/us-gaap/2023/elts/us-gaap-2023.xsd#us-gaap_LongTermDebtDescription" xlink:type="locator"/>
    <link:labelArc xlink:arcrole="http://www.xbrl.org/2003/arcrole/concept-label" xlink:type="arc" xlink:from="ns15_LongTermDebtDescription" xlink:to="lbl_lab_ns15_LongTermDebtDescription"/>
    <link:label xlink:type="resource" xlink:label="lbl_lab_ns15_LongTermDebtDescription" xlink:role="http://www.xbrl.org/2003/role/label" xml:lang="en-US">Promissory note sold</link:label>
    <link:loc xlink:label="ns15_CommonStockSharesIssued" xlink:href="https://xbrl.fasb.org/us-gaap/2023/elts/us-gaap-2023.xsd#us-gaap_CommonStockSharesIssued" xlink:type="locator"/>
    <link:labelArc xlink:arcrole="http://www.xbrl.org/2003/arcrole/concept-label" xlink:type="arc" xlink:from="ns15_CommonStockSharesIssued" xlink:to="lbl_lab_ns15_CommonStockSharesIssued"/>
    <link:label xlink:type="resource" xlink:label="lbl_lab_ns15_CommonStockSharesIssued" xlink:role="http://www.xbrl.org/2003/role/label" xml:lang="en-US">Common Stock, shares issued</link:label>
    <link:label xlink:type="resource" xlink:label="lbl_lab_ns15_AssetsCurrent" xlink:role="http://www.xbrl.org/2003/role/label" xml:lang="en-US">Assets, Current</link:label>
    <link:loc xlink:label="ns15_CommonStockSharesOutstanding" xlink:href="https://xbrl.fasb.org/us-gaap/2023/elts/us-gaap-2023.xsd#us-gaap_CommonStockSharesOutstanding" xlink:type="locator"/>
    <link:labelArc xlink:arcrole="http://www.xbrl.org/2003/arcrole/concept-label" xlink:type="arc" xlink:from="ns15_CommonStockSharesOutstanding" xlink:to="lbl_lab_ns15_CommonStockSharesOutstanding"/>
    <link:label xlink:type="resource" xlink:label="lbl_lab_ns15_CommonStockSharesOutstanding" xlink:role="http://www.xbrl.org/2003/role/label" xml:lang="en-US">Common Stock, shares outstanding</link:label>
    <link:loc xlink:label="ns15_AssetsCurrentAbstract" xlink:href="https://xbrl.fasb.org/us-gaap/2023/elts/us-gaap-2023.xsd#us-gaap_AssetsCurrentAbstract" xlink:type="locator"/>
    <link:labelArc xlink:arcrole="http://www.xbrl.org/2003/arcrole/concept-label" xlink:type="arc" xlink:from="ns15_AssetsCurrentAbstract" xlink:to="lbl_lab_ns15_AssetsCurrentAbstract"/>
    <link:label xlink:type="resource" xlink:label="lbl_lab_ns15_AssetsCurrentAbstract" xlink:role="http://www.xbrl.org/2003/role/label" xml:lang="en-US">CURRENT ASSETS</link:label>
    <link:loc xlink:label="ns15_SharesIssued" xlink:href="https://xbrl.fasb.org/us-gaap/2023/elts/us-gaap-2023.xsd#us-gaap_SharesIssued" xlink:type="locator"/>
    <link:labelArc xlink:arcrole="http://www.xbrl.org/2003/arcrole/concept-label" xlink:type="arc" xlink:from="ns15_SharesIssued" xlink:to="lbl_lab_ns15_SharesIssued"/>
    <link:label xlink:type="resource" xlink:label="lbl_lab_ns15_SharesIssued" xlink:role="http://www.xbrl.org/2003/role/periodStartLabel" xml:lang="en-US">Beginning balance, shares</link:label>
    <link:loc xlink:label="ns15_IncreaseDecreaseInAccountsPayable" xlink:href="https://xbrl.fasb.org/us-gaap/2023/elts/us-gaap-2023.xsd#us-gaap_IncreaseDecreaseInAccountsPayable" xlink:type="locator"/>
    <link:labelArc xlink:arcrole="http://www.xbrl.org/2003/arcrole/concept-label" xlink:type="arc" xlink:from="ns15_IncreaseDecreaseInAccountsPayable" xlink:to="lbl_lab_ns15_IncreaseDecreaseInAccountsPayable"/>
    <link:label xlink:type="resource" xlink:label="lbl_lab_ns15_IncreaseDecreaseInAccountsPayable" xlink:role="http://www.xbrl.org/2003/role/label" xml:lang="en-US">Increase (Decrease) in Accounts Payable</link:label>
    <link:label xlink:type="resource" xlink:label="lbl_lab_ns15_SharesIssued" xlink:role="http://www.xbrl.org/2003/role/periodEndLabel" xml:lang="en-US">Ending balance, shares</link:label>
    <link:label xlink:type="resource" xlink:label="lbl_lab_ns15_IncreaseDecreaseInAccountsPayable" xlink:role="http://www.xbrl.org/2003/role/verboseLabel" xml:lang="en-US">Accounts payable</link:label>
    <link:label xlink:type="resource" xlink:label="lbl_lab_ns15_SharesIssued" xlink:role="http://www.xbrl.org/2003/role/label" xml:lang="en-US">Shares, Issued</link:label>
    <link:loc xlink:label="ns15_IncreaseDecreaseInAccruedLiabilities" xlink:href="https://xbrl.fasb.org/us-gaap/2023/elts/us-gaap-2023.xsd#us-gaap_IncreaseDecreaseInAccruedLiabilities" xlink:type="locator"/>
    <link:labelArc xlink:arcrole="http://www.xbrl.org/2003/arcrole/concept-label" xlink:type="arc" xlink:from="ns15_IncreaseDecreaseInAccruedLiabilities" xlink:to="lbl_lab_ns15_IncreaseDecreaseInAccruedLiabilities"/>
    <link:label xlink:type="resource" xlink:label="lbl_lab_ns15_IncreaseDecreaseInAccruedLiabilities" xlink:role="http://www.xbrl.org/2003/role/label" xml:lang="en-US">Accrued liabilities</link:label>
    <link:loc xlink:label="ns15_ShortTermNonBankLoansAndNotesPayable" xlink:href="https://xbrl.fasb.org/us-gaap/2023/elts/us-gaap-2023.xsd#us-gaap_ShortTermNonBankLoansAndNotesPayable" xlink:type="locator"/>
    <link:labelArc xlink:arcrole="http://www.xbrl.org/2003/arcrole/concept-label" xlink:type="arc" xlink:from="ns15_ShortTermNonBankLoansAndNotesPayable" xlink:to="lbl_lab_ns15_ShortTermNonBankLoansAndNotesPayable"/>
    <link:label xlink:type="resource" xlink:label="lbl_lab_ns15_ShortTermNonBankLoansAndNotesPayable" xlink:role="http://www.xbrl.org/2003/role/label" xml:lang="en-US">Short term borrowings - related parties</link:label>
    <link:loc xlink:label="ns15_IncreaseDecreaseInInterestPayableNet" xlink:href="https://xbrl.fasb.org/us-gaap/2023/elts/us-gaap-2023.xsd#us-gaap_IncreaseDecreaseInInterestPayableNet" xlink:type="locator"/>
    <link:labelArc xlink:arcrole="http://www.xbrl.org/2003/arcrole/concept-label" xlink:type="arc" xlink:from="ns15_IncreaseDecreaseInInterestPayableNet" xlink:to="lbl_lab_ns15_IncreaseDecreaseInInterestPayableNet"/>
    <link:label xlink:type="resource" xlink:label="lbl_lab_ns15_IncreaseDecreaseInInterestPayableNet" xlink:role="http://www.xbrl.org/2003/role/label" xml:lang="en-US">Accured interest</link:label>
    <link:label xlink:type="resource" xlink:label="lbl_lab_ns15_ShortTermNonBankLoansAndNotesPayable" xlink:role="http://www.xbrl.org/2003/role/verboseLabel" xml:lang="en-US">Short term borrowings</link:label>
    <link:loc xlink:label="ns15_SubstantialDoubtAboutGoingConcernTextBlock" xlink:href="https://xbrl.fasb.org/us-gaap/2023/elts/us-gaap-2023.xsd#us-gaap_SubstantialDoubtAboutGoingConcernTextBlock" xlink:type="locator"/>
    <link:labelArc xlink:arcrole="http://www.xbrl.org/2003/arcrole/concept-label" xlink:type="arc" xlink:from="ns15_SubstantialDoubtAboutGoingConcernTextBlock" xlink:to="lbl_lab_ns15_SubstantialDoubtAboutGoingConcernTextBlock"/>
    <link:label xlink:type="resource" xlink:label="lbl_lab_ns15_SubstantialDoubtAboutGoingConcernTextBlock" xlink:role="http://www.xbrl.org/2003/role/label" xml:lang="en-US">Going Concern</link:label>
    <link:loc xlink:label="ns15_SignificantAccountingPoliciesTextBlock" xlink:href="https://xbrl.fasb.org/us-gaap/2023/elts/us-gaap-2023.xsd#us-gaap_SignificantAccountingPoliciesTextBlock" xlink:type="locator"/>
    <link:labelArc xlink:arcrole="http://www.xbrl.org/2003/arcrole/concept-label" xlink:type="arc" xlink:from="ns15_SignificantAccountingPoliciesTextBlock" xlink:to="lbl_lab_ns15_SignificantAccountingPoliciesTextBlock"/>
    <link:label xlink:type="resource" xlink:label="lbl_lab_ns15_SignificantAccountingPoliciesTextBlock" xlink:role="http://www.xbrl.org/2003/role/label" xml:lang="en-US">2. SUMMARY OF SIGNIFICANT ACCOUNTING POLICIES</link:label>
    <link:loc xlink:label="ns15_UseOfEstimates" xlink:href="https://xbrl.fasb.org/us-gaap/2023/elts/us-gaap-2023.xsd#us-gaap_UseOfEstimates" xlink:type="locator"/>
    <link:labelArc xlink:arcrole="http://www.xbrl.org/2003/arcrole/concept-label" xlink:type="arc" xlink:from="ns15_UseOfEstimates" xlink:to="lbl_lab_ns15_UseOfEstimates"/>
    <link:label xlink:type="resource" xlink:label="lbl_lab_ns15_UseOfEstimates" xlink:role="http://www.xbrl.org/2003/role/label" xml:lang="en-US">Use of Estimates and Assumptions</link:label>
    <link:loc xlink:label="ns15_StatementOfFinancialPositionAbstract" xlink:href="https://xbrl.fasb.org/us-gaap/2023/elts/us-gaap-2023.xsd#us-gaap_StatementOfFinancialPositionAbstract" xlink:type="locator"/>
    <link:labelArc xlink:arcrole="http://www.xbrl.org/2003/arcrole/concept-label" xlink:type="arc" xlink:from="ns15_StatementOfFinancialPositionAbstract" xlink:to="lbl_lab_ns15_StatementOfFinancialPositionAbstract"/>
    <link:label xlink:type="resource" xlink:label="lbl_lab_ns15_StatementOfFinancialPositionAbstract" xlink:role="http://www.xbrl.org/2003/role/label" xml:lang="en-US">Statement of Financial Position [Abstract]</link:label>
    <link:loc xlink:label="ns15_ShorttermDebtMaximumMonthendOutstandingAmount" xlink:href="https://xbrl.fasb.org/us-gaap/2023/elts/us-gaap-2023.xsd#us-gaap_ShorttermDebtMaximumMonthendOutstandingAmount" xlink:type="locator"/>
    <link:labelArc xlink:arcrole="http://www.xbrl.org/2003/arcrole/concept-label" xlink:type="arc" xlink:from="ns15_ShorttermDebtMaximumMonthendOutstandingAmount" xlink:to="lbl_lab_ns15_ShorttermDebtMaximumMonthendOutstandingAmount"/>
    <link:label xlink:type="resource" xlink:label="lbl_lab_ns15_ShorttermDebtMaximumMonthendOutstandingAmount" xlink:role="http://www.xbrl.org/2003/role/label" xml:lang="en-US">Issuance of notes payable - related parties to replace short term borrowings - related parties</link:label>
    <link:loc xlink:label="ns15_StatementLineItems" xlink:href="https://xbrl.fasb.org/us-gaap/2023/elts/us-gaap-2023.xsd#us-gaap_StatementLineItems" xlink:type="locator"/>
    <link:labelArc xlink:arcrole="http://www.xbrl.org/2003/arcrole/concept-label" xlink:type="arc" xlink:from="ns15_StatementLineItems" xlink:to="lbl_lab_ns15_StatementLineItems"/>
    <link:label xlink:type="resource" xlink:label="lbl_lab_ns15_StatementLineItems" xlink:role="http://www.xbrl.org/2003/role/label" xml:lang="en-US">Statement [Line Items]</link:label>
    <link:loc xlink:label="ns15_BasisOfAccounting" xlink:href="https://xbrl.fasb.org/us-gaap/2023/elts/us-gaap-2023.xsd#us-gaap_BasisOfAccounting" xlink:type="locator"/>
    <link:labelArc xlink:arcrole="http://www.xbrl.org/2003/arcrole/concept-label" xlink:type="arc" xlink:from="ns15_BasisOfAccounting" xlink:to="lbl_lab_ns15_BasisOfAccounting"/>
    <link:label xlink:type="resource" xlink:label="lbl_lab_ns15_BasisOfAccounting" xlink:role="http://www.xbrl.org/2003/role/label" xml:lang="en-US">Basis of Presentation</link:label>
    <link:loc xlink:label="ns15_StatementTable" xlink:href="https://xbrl.fasb.org/us-gaap/2023/elts/us-gaap-2023.xsd#us-gaap_StatementTable" xlink:type="locator"/>
    <link:labelArc xlink:arcrole="http://www.xbrl.org/2003/arcrole/concept-label" xlink:type="arc" xlink:from="ns15_StatementTable" xlink:to="lbl_lab_ns15_StatementTable"/>
    <link:label xlink:type="resource" xlink:label="lbl_lab_ns15_StatementTable" xlink:role="http://www.xbrl.org/2003/role/label" xml:lang="en-US">Statement [Table]</link:label>
    <link:loc xlink:label="ns15_FairValueOfFinancialInstrumentsPolicy" xlink:href="https://xbrl.fasb.org/us-gaap/2023/elts/us-gaap-2023.xsd#us-gaap_FairValueOfFinancialInstrumentsPolicy" xlink:type="locator"/>
    <link:labelArc xlink:arcrole="http://www.xbrl.org/2003/arcrole/concept-label" xlink:type="arc" xlink:from="ns15_FairValueOfFinancialInstrumentsPolicy" xlink:to="lbl_lab_ns15_FairValueOfFinancialInstrumentsPolicy"/>
    <link:label xlink:type="resource" xlink:label="lbl_lab_ns15_FairValueOfFinancialInstrumentsPolicy" xlink:role="http://www.xbrl.org/2003/role/label" xml:lang="en-US">Financial Instruments</link:label>
    <link:loc xlink:label="ns15_StatementEquityComponentsAxis" xlink:href="https://xbrl.fasb.org/us-gaap/2023/elts/us-gaap-2023.xsd#us-gaap_StatementEquityComponentsAxis" xlink:type="locator"/>
    <link:labelArc xlink:arcrole="http://www.xbrl.org/2003/arcrole/concept-label" xlink:type="arc" xlink:from="ns15_StatementEquityComponentsAxis" xlink:to="lbl_lab_ns15_StatementEquityComponentsAxis"/>
    <link:label xlink:type="resource" xlink:label="lbl_lab_ns15_StatementEquityComponentsAxis" xlink:role="http://www.xbrl.org/2003/role/label" xml:lang="en-US">Equity Components [Axis]</link:label>
    <link:loc xlink:label="ns15_PreferredStockMember" xlink:href="https://xbrl.fasb.org/us-gaap/2023/elts/us-gaap-2023.xsd#us-gaap_PreferredStockMember" xlink:type="locator"/>
    <link:labelArc xlink:arcrole="http://www.xbrl.org/2003/arcrole/concept-label" xlink:type="arc" xlink:from="ns15_PreferredStockMember" xlink:to="lbl_lab_ns15_PreferredStockMember"/>
    <link:label xlink:type="resource" xlink:label="lbl_lab_ns15_PreferredStockMember" xlink:role="http://www.xbrl.org/2003/role/label" xml:lang="en-US">Preferred Stock</link:label>
    <link:loc xlink:label="ns15_StatementOfCashFlowsAbstract" xlink:href="https://xbrl.fasb.org/us-gaap/2023/elts/us-gaap-2023.xsd#us-gaap_StatementOfCashFlowsAbstract" xlink:type="locator"/>
    <link:labelArc xlink:arcrole="http://www.xbrl.org/2003/arcrole/concept-label" xlink:type="arc" xlink:from="ns15_StatementOfCashFlowsAbstract" xlink:to="lbl_lab_ns15_StatementOfCashFlowsAbstract"/>
    <link:label xlink:type="resource" xlink:label="lbl_lab_ns15_StatementOfCashFlowsAbstract" xlink:role="http://www.xbrl.org/2003/role/label" xml:lang="en-US">Statement of Cash Flows [Abstract]</link:label>
    <link:loc xlink:label="ns15_PreferredStockParOrStatedValuePerShare" xlink:href="https://xbrl.fasb.org/us-gaap/2023/elts/us-gaap-2023.xsd#us-gaap_PreferredStockParOrStatedValuePerShare" xlink:type="locator"/>
    <link:labelArc xlink:arcrole="http://www.xbrl.org/2003/arcrole/concept-label" xlink:type="arc" xlink:from="ns15_PreferredStockParOrStatedValuePerShare" xlink:to="lbl_lab_ns15_PreferredStockParOrStatedValuePerShare"/>
    <link:label xlink:type="resource" xlink:label="lbl_lab_ns15_PreferredStockParOrStatedValuePerShare" xlink:role="http://www.xbrl.org/2003/role/label" xml:lang="en-US">Preferred stock, par value</link:label>
    <link:loc xlink:label="ns15_StockIssuedDuringPeriodValueConversionOfUnits" xlink:href="https://xbrl.fasb.org/us-gaap/2023/elts/us-gaap-2023.xsd#us-gaap_StockIssuedDuringPeriodValueConversionOfUnits" xlink:type="locator"/>
    <link:labelArc xlink:arcrole="http://www.xbrl.org/2003/arcrole/concept-label" xlink:type="arc" xlink:from="ns15_StockIssuedDuringPeriodValueConversionOfUnits" xlink:to="lbl_lab_ns15_StockIssuedDuringPeriodValueConversionOfUnits"/>
    <link:label xlink:type="resource" xlink:label="lbl_lab_ns15_StockIssuedDuringPeriodValueConversionOfUnits" xlink:role="http://www.xbrl.org/2003/role/label" xml:lang="en-US">Common stock issued for the conversion of debt</link:label>
    <link:loc xlink:label="ns15_PreferredStockValueOutstanding" xlink:href="https://xbrl.fasb.org/us-gaap/2023/elts/us-gaap-2023.xsd#us-gaap_PreferredStockValueOutstanding" xlink:type="locator"/>
    <link:labelArc xlink:arcrole="http://www.xbrl.org/2003/arcrole/concept-label" xlink:type="arc" xlink:from="ns15_PreferredStockValueOutstanding" xlink:to="lbl_lab_ns15_PreferredStockValueOutstanding"/>
    <link:label xlink:type="resource" xlink:label="lbl_lab_ns15_PreferredStockValueOutstanding" xlink:role="http://www.xbrl.org/2003/role/label" xml:lang="en-US">Preferred stock, $0.001 par value; 50,000,000 shares authorized, 4 and 4 shares issued and outstanding, respectively</link:label>
    <link:loc xlink:label="ns15_StockIssuedDuringPeriodValueConversionOfConvertibleSecuritiesNetOfAdjustments" xlink:href="https://xbrl.fasb.org/us-gaap/2023/elts/us-gaap-2023.xsd#us-gaap_StockIssuedDuringPeriodValueConversionOfConvertibleSecuritiesNetOfAdjustments" xlink:type="locator"/>
    <link:labelArc xlink:arcrole="http://www.xbrl.org/2003/arcrole/concept-label" xlink:type="arc" xlink:from="ns15_StockIssuedDuringPeriodValueConversionOfConvertibleSecuritiesNetOfAdjustments" xlink:to="lbl_lab_ns15_StockIssuedDuringPeriodValueConversionOfConvertibleSecuritiesNetOfAdjustments"/>
    <link:label xlink:type="resource" xlink:label="lbl_lab_ns15_StockIssuedDuringPeriodValueConversionOfConvertibleSecuritiesNetOfAdjustments" xlink:role="http://www.xbrl.org/2003/role/label" xml:lang="en-US">Stock issued for the conversion of debt, value</link:label>
    <link:loc xlink:label="ns15_WeightedAverageNumberOfShareOutstandingBasicAndDiluted" xlink:href="https://xbrl.fasb.org/us-gaap/2023/elts/us-gaap-2023.xsd#us-gaap_WeightedAverageNumberOfShareOutstandingBasicAndDiluted" xlink:type="locator"/>
    <link:labelArc xlink:arcrole="http://www.xbrl.org/2003/arcrole/concept-label" xlink:type="arc" xlink:from="ns15_WeightedAverageNumberOfShareOutstandingBasicAndDiluted" xlink:to="lbl_lab_ns15_WeightedAverageNumberOfShareOutstandingBasicAndDiluted"/>
    <link:label xlink:type="resource" xlink:label="lbl_lab_ns15_WeightedAverageNumberOfShareOutstandingBasicAndDiluted" xlink:role="http://www.xbrl.org/2003/role/label" xml:lang="en-US">WEIGHTED AVERAGE NUMBER OF SHARES OUTSTANDING</link:label>
    <link:loc xlink:label="ns15_Liabilities" xlink:href="https://xbrl.fasb.org/us-gaap/2023/elts/us-gaap-2023.xsd#us-gaap_Liabilities" xlink:type="locator"/>
    <link:labelArc xlink:arcrole="http://www.xbrl.org/2003/arcrole/concept-label" xlink:type="arc" xlink:from="ns15_Liabilities" xlink:to="lbl_lab_ns15_Liabilities"/>
    <link:label xlink:type="resource" xlink:label="lbl_lab_ns15_Liabilities" xlink:role="http://www.xbrl.org/2003/role/totalLabel" xml:lang="en-US">TOTAL LIABILITIES</link:label>
    <link:loc xlink:label="ns15_PreferredStockSharesAuthorized" xlink:href="https://xbrl.fasb.org/us-gaap/2023/elts/us-gaap-2023.xsd#us-gaap_PreferredStockSharesAuthorized" xlink:type="locator"/>
    <link:labelArc xlink:arcrole="http://www.xbrl.org/2003/arcrole/concept-label" xlink:type="arc" xlink:from="ns15_PreferredStockSharesAuthorized" xlink:to="lbl_lab_ns15_PreferredStockSharesAuthorized"/>
    <link:label xlink:type="resource" xlink:label="lbl_lab_ns15_PreferredStockSharesAuthorized" xlink:role="http://www.xbrl.org/2003/role/label" xml:lang="en-US">Preferred stock, shares authorized</link:label>
    <link:label xlink:type="resource" xlink:label="lbl_lab_ns15_Liabilities" xlink:role="http://www.xbrl.org/2003/role/label" xml:lang="en-US">Liabilities</link:label>
    <link:loc xlink:label="ns15_PreferredStockSharesIssued" xlink:href="https://xbrl.fasb.org/us-gaap/2023/elts/us-gaap-2023.xsd#us-gaap_PreferredStockSharesIssued" xlink:type="locator"/>
    <link:labelArc xlink:arcrole="http://www.xbrl.org/2003/arcrole/concept-label" xlink:type="arc" xlink:from="ns15_PreferredStockSharesIssued" xlink:to="lbl_lab_ns15_PreferredStockSharesIssued"/>
    <link:label xlink:type="resource" xlink:label="lbl_lab_ns15_PreferredStockSharesIssued" xlink:role="http://www.xbrl.org/2003/role/label" xml:lang="en-US">Preferred Stock, shares issued</link:label>
    <link:loc xlink:label="ns15_LiabilitiesAndStockholdersEquityAbstract" xlink:href="https://xbrl.fasb.org/us-gaap/2023/elts/us-gaap-2023.xsd#us-gaap_LiabilitiesAndStockholdersEquityAbstract" xlink:type="locator"/>
    <link:labelArc xlink:arcrole="http://www.xbrl.org/2003/arcrole/concept-label" xlink:type="arc" xlink:from="ns15_LiabilitiesAndStockholdersEquityAbstract" xlink:to="lbl_lab_ns15_LiabilitiesAndStockholdersEquityAbstract"/>
    <link:label xlink:type="resource" xlink:label="lbl_lab_ns15_LiabilitiesAndStockholdersEquityAbstract" xlink:role="http://www.xbrl.org/2003/role/label" xml:lang="en-US">LIABILITIES AND STOCKHOLDERS' EQUITY (DEFICIT)</link:label>
    <link:loc xlink:label="ns15_PreferredStockSharesOutstanding" xlink:href="https://xbrl.fasb.org/us-gaap/2023/elts/us-gaap-2023.xsd#us-gaap_PreferredStockSharesOutstanding" xlink:type="locator"/>
    <link:labelArc xlink:arcrole="http://www.xbrl.org/2003/arcrole/concept-label" xlink:type="arc" xlink:from="ns15_PreferredStockSharesOutstanding" xlink:to="lbl_lab_ns15_PreferredStockSharesOutstanding"/>
    <link:label xlink:type="resource" xlink:label="lbl_lab_ns15_PreferredStockSharesOutstanding" xlink:role="http://www.xbrl.org/2003/role/label" xml:lang="en-US">Preferred Stock, shares outstanding</link:label>
    <link:loc xlink:label="ns15_LiabilitiesAndStockholdersEquity" xlink:href="https://xbrl.fasb.org/us-gaap/2023/elts/us-gaap-2023.xsd#us-gaap_LiabilitiesAndStockholdersEquity" xlink:type="locator"/>
    <link:labelArc xlink:arcrole="http://www.xbrl.org/2003/arcrole/concept-label" xlink:type="arc" xlink:from="ns15_LiabilitiesAndStockholdersEquity" xlink:to="lbl_lab_ns15_LiabilitiesAndStockholdersEquity"/>
    <link:label xlink:type="resource" xlink:label="lbl_lab_ns15_LiabilitiesAndStockholdersEquity" xlink:role="http://www.xbrl.org/2003/role/label" xml:lang="en-US">TOTAL LIABILITIES AND STOCKHOLDERS' EQUITY (DEFICIT)</link:label>
    <link:loc xlink:label="ns15_InterestPayableCurrent" xlink:href="https://xbrl.fasb.org/us-gaap/2023/elts/us-gaap-2023.xsd#us-gaap_InterestPayableCurrent" xlink:type="locator"/>
    <link:labelArc xlink:arcrole="http://www.xbrl.org/2003/arcrole/concept-label" xlink:type="arc" xlink:from="ns15_InterestPayableCurrent" xlink:to="lbl_lab_ns15_InterestPayableCurrent"/>
    <link:label xlink:type="resource" xlink:label="lbl_lab_ns15_InterestPayableCurrent" xlink:role="http://www.xbrl.org/2003/role/label" xml:lang="en-US">Accrued interest</link:label>
    <link:loc xlink:label="ns20_ProfessionalFeesPolicyTextBlock" xlink:href="bkhu-20230430.xsd#BKHU_ProfessionalFeesPolicyTextBlock" xlink:type="locator"/>
    <link:labelArc xlink:arcrole="http://www.xbrl.org/2003/arcrole/concept-label" xlink:type="arc" xlink:from="ns20_ProfessionalFeesPolicyTextBlock" xlink:to="lbl_lab_ns20_ProfessionalFeesPolicyTextBlock"/>
    <link:label xlink:type="resource" xlink:label="lbl_lab_ns20_ProfessionalFeesPolicyTextBlock" xlink:role="http://www.xbrl.org/2003/role/verboseLabel" xml:lang="en-US">Professional fees</link:label>
    <link:label xlink:type="resource" xlink:label="lbl_lab_ns20_ProfessionalFeesPolicyTextBlock" xlink:role="http://www.xbrl.org/2003/role/label" xml:lang="en-US">ProfessionalFeesPolicyTextBlock</link:label>
    <link:loc xlink:label="ns20_CompanysReceiverMember" xlink:href="bkhu-20230430.xsd#BKHU_CompanysReceiverMember" xlink:type="locator"/>
    <link:labelArc xlink:arcrole="http://www.xbrl.org/2003/arcrole/concept-label" xlink:type="arc" xlink:from="ns20_CompanysReceiverMember" xlink:to="lbl_lab_ns20_CompanysReceiverMember"/>
    <link:label xlink:type="resource" xlink:label="lbl_lab_ns20_CompanysReceiverMember" xlink:role="http://www.xbrl.org/2003/role/label" xml:lang="en-US">Company's Receiver</link:label>
    <link:loc xlink:label="ns20_DocumentAndEntityInformationAbstract" xlink:href="bkhu-20230430.xsd#BKHU_DocumentAndEntityInformationAbstract" xlink:type="locator"/>
    <link:labelArc xlink:arcrole="http://www.xbrl.org/2003/arcrole/concept-label" xlink:type="arc" xlink:from="ns20_DocumentAndEntityInformationAbstract" xlink:to="lbl_lab_ns20_DocumentAndEntityInformationAbstract"/>
    <link:label xlink:type="resource" xlink:label="lbl_lab_ns20_DocumentAndEntityInformationAbstract" xlink:role="http://www.xbrl.org/2003/role/label" xml:lang="en-US">Document And Entity Information</link:label>
    <link:loc xlink:label="ns10_AmendmentDescription" xlink:href="https://xbrl.sec.gov/dei/2023/dei-2023.xsd#dei_AmendmentDescription" xlink:type="locator"/>
    <link:labelArc xlink:arcrole="http://www.xbrl.org/2003/arcrole/concept-label" xlink:type="arc" xlink:from="ns10_AmendmentDescription" xlink:to="lbl_lab_ns10_AmendmentDescription"/>
    <link:label xlink:type="resource" xlink:label="lbl_lab_ns10_AmendmentDescription" xlink:role="http://www.xbrl.org/2003/role/label" xml:lang="en-US">Amendment Description</link:label>
    <link:loc xlink:label="ns10_AmendmentFlag" xlink:href="https://xbrl.sec.gov/dei/2023/dei-2023.xsd#dei_AmendmentFlag" xlink:type="locator"/>
    <link:labelArc xlink:arcrole="http://www.xbrl.org/2003/arcrole/concept-label" xlink:type="arc" xlink:from="ns10_AmendmentFlag" xlink:to="lbl_lab_ns10_AmendmentFlag"/>
    <link:label xlink:type="resource" xlink:label="lbl_lab_ns10_AmendmentFlag" xlink:role="http://www.xbrl.org/2003/role/label" xml:lang="en-US">Amendment Flag</link:label>
    <link:loc xlink:label="ns15_InterestExpense" xlink:href="https://xbrl.fasb.org/us-gaap/2023/elts/us-gaap-2023.xsd#us-gaap_InterestExpense" xlink:type="locator"/>
    <link:labelArc xlink:arcrole="http://www.xbrl.org/2003/arcrole/concept-label" xlink:type="arc" xlink:from="ns15_InterestExpense" xlink:to="lbl_lab_ns15_InterestExpense"/>
    <link:label xlink:type="resource" xlink:label="lbl_lab_ns15_InterestExpense" xlink:role="http://www.xbrl.org/2009/role/negatedLabel" xml:lang="en-US">Interest expense</link:label>
    <link:label xlink:type="resource" xlink:label="lbl_lab_ns15_InterestExpense" xlink:role="http://www.xbrl.org/2003/role/label" xml:lang="en-US">Interest Expense</link:label>
    <link:loc xlink:label="ns10_CurrentFiscalYearEndDate" xlink:href="https://xbrl.sec.gov/dei/2023/dei-2023.xsd#dei_CurrentFiscalYearEndDate" xlink:type="locator"/>
    <link:labelArc xlink:arcrole="http://www.xbrl.org/2003/arcrole/concept-label" xlink:type="arc" xlink:from="ns10_CurrentFiscalYearEndDate" xlink:to="lbl_lab_ns10_CurrentFiscalYearEndDate"/>
    <link:label xlink:type="resource" xlink:label="lbl_lab_ns10_CurrentFiscalYearEndDate" xlink:role="http://www.xbrl.org/2003/role/label" xml:lang="en-US">Current Fiscal Year End Date</link:label>
    <link:loc xlink:label="ns15_PrincipalTransactionsRevenueAbstract" xlink:href="https://xbrl.fasb.org/us-gaap/2023/elts/us-gaap-2023.xsd#us-gaap_PrincipalTransactionsRevenueAbstract" xlink:type="locator"/>
    <link:labelArc xlink:arcrole="http://www.xbrl.org/2003/arcrole/concept-label" xlink:type="arc" xlink:from="ns15_PrincipalTransactionsRevenueAbstract" xlink:to="lbl_lab_ns15_PrincipalTransactionsRevenueAbstract"/>
    <link:label xlink:type="resource" xlink:label="lbl_lab_ns15_PrincipalTransactionsRevenueAbstract" xlink:role="http://www.xbrl.org/2003/role/label" xml:lang="en-US">NET REVENUES</link:label>
    <link:loc xlink:label="ns10_DocumentPeriodEndDate" xlink:href="https://xbrl.sec.gov/dei/2023/dei-2023.xsd#dei_DocumentPeriodEndDate" xlink:type="locator"/>
    <link:labelArc xlink:arcrole="http://www.xbrl.org/2003/arcrole/concept-label" xlink:type="arc" xlink:from="ns10_DocumentPeriodEndDate" xlink:to="lbl_lab_ns10_DocumentPeriodEndDate"/>
    <link:label xlink:type="resource" xlink:label="lbl_lab_ns10_DocumentPeriodEndDate" xlink:role="http://www.xbrl.org/2003/role/label" xml:lang="en-US">Document Period End Date</link:label>
    <link:loc xlink:label="ns15_ProceedsFromRepaymentsOfNotesPayable" xlink:href="https://xbrl.fasb.org/us-gaap/2023/elts/us-gaap-2023.xsd#us-gaap_ProceedsFromRepaymentsOfNotesPayable" xlink:type="locator"/>
    <link:labelArc xlink:arcrole="http://www.xbrl.org/2003/arcrole/concept-label" xlink:type="arc" xlink:from="ns15_ProceedsFromRepaymentsOfNotesPayable" xlink:to="lbl_lab_ns15_ProceedsFromRepaymentsOfNotesPayable"/>
    <link:label xlink:type="resource" xlink:label="lbl_lab_ns15_ProceedsFromRepaymentsOfNotesPayable" xlink:role="http://www.xbrl.org/2003/role/label" xml:lang="en-US">Payments on notes payable - related parties</link:label>
    <link:loc xlink:label="ns15_NatureOfOperations" xlink:href="https://xbrl.fasb.org/us-gaap/2023/elts/us-gaap-2023.xsd#us-gaap_NatureOfOperations" xlink:type="locator"/>
    <link:labelArc xlink:arcrole="http://www.xbrl.org/2003/arcrole/concept-label" xlink:type="arc" xlink:from="ns15_NatureOfOperations" xlink:to="lbl_lab_ns15_NatureOfOperations"/>
    <link:label xlink:type="resource" xlink:label="lbl_lab_ns15_NatureOfOperations" xlink:role="http://www.xbrl.org/2003/role/label" xml:lang="en-US">1. ORGANIZATION AND BUSINESS OPERATIONS</link:label>
    <link:loc xlink:label="ns15_NetCashProvidedByUsedInFinancingActivitiesAbstract" xlink:href="https://xbrl.fasb.org/us-gaap/2023/elts/us-gaap-2023.xsd#us-gaap_NetCashProvidedByUsedInFinancingActivitiesAbstract" xlink:type="locator"/>
    <link:labelArc xlink:arcrole="http://www.xbrl.org/2003/arcrole/concept-label" xlink:type="arc" xlink:from="ns15_NetCashProvidedByUsedInFinancingActivitiesAbstract" xlink:to="lbl_lab_ns15_NetCashProvidedByUsedInFinancingActivitiesAbstract"/>
    <link:label xlink:type="resource" xlink:label="lbl_lab_ns15_NetCashProvidedByUsedInFinancingActivitiesAbstract" xlink:role="http://www.xbrl.org/2003/role/label" xml:lang="en-US">CASH FLOWS FROM FINANCING ACTIVITIES</link:label>
    <link:loc xlink:label="ns15_NetCashProvidedByUsedInFinancingActivities" xlink:href="https://xbrl.fasb.org/us-gaap/2023/elts/us-gaap-2023.xsd#us-gaap_NetCashProvidedByUsedInFinancingActivities" xlink:type="locator"/>
    <link:labelArc xlink:arcrole="http://www.xbrl.org/2003/arcrole/concept-label" xlink:type="arc" xlink:from="ns15_NetCashProvidedByUsedInFinancingActivities" xlink:to="lbl_lab_ns15_NetCashProvidedByUsedInFinancingActivities"/>
    <link:label xlink:type="resource" xlink:label="lbl_lab_ns15_NetCashProvidedByUsedInFinancingActivities" xlink:role="http://www.xbrl.org/2003/role/label" xml:lang="en-US">Net Cash Provided by (Used in) Financing Activities</link:label>
    <link:label xlink:type="resource" xlink:label="lbl_lab_ns15_NetCashProvidedByUsedInFinancingActivities" xlink:role="http://www.xbrl.org/2003/role/totalLabel" xml:lang="en-US">Net Cash Provided by Financing Activities</link:label>
    <link:loc xlink:label="ns15_LiabilitiesCurrentAbstract" xlink:href="https://xbrl.fasb.org/us-gaap/2023/elts/us-gaap-2023.xsd#us-gaap_LiabilitiesCurrentAbstract" xlink:type="locator"/>
    <link:labelArc xlink:arcrole="http://www.xbrl.org/2003/arcrole/concept-label" xlink:type="arc" xlink:from="ns15_LiabilitiesCurrentAbstract" xlink:to="lbl_lab_ns15_LiabilitiesCurrentAbstract"/>
    <link:label xlink:type="resource" xlink:label="lbl_lab_ns15_LiabilitiesCurrentAbstract" xlink:role="http://www.xbrl.org/2003/role/label" xml:lang="en-US">CURRENT LIABILITIES</link:label>
    <link:loc xlink:label="ns15_StockAndWarrantsIssuedDuringPeriodValuePreferredStockAndWarrants" xlink:href="https://xbrl.fasb.org/us-gaap/2023/elts/us-gaap-2023.xsd#us-gaap_StockAndWarrantsIssuedDuringPeriodValuePreferredStockAndWarrants" xlink:type="locator"/>
    <link:labelArc xlink:arcrole="http://www.xbrl.org/2003/arcrole/concept-label" xlink:type="arc" xlink:from="ns15_StockAndWarrantsIssuedDuringPeriodValuePreferredStockAndWarrants" xlink:to="lbl_lab_ns15_StockAndWarrantsIssuedDuringPeriodValuePreferredStockAndWarrants"/>
    <link:label xlink:type="resource" xlink:label="lbl_lab_ns15_StockAndWarrantsIssuedDuringPeriodValuePreferredStockAndWarrants" xlink:role="http://www.xbrl.org/2003/role/label" xml:lang="en-US">Stock issued for services, value</link:label>
    <link:loc xlink:label="ns15_InterestPaid" xlink:href="https://xbrl.fasb.org/us-gaap/2023/elts/us-gaap-2023.xsd#us-gaap_InterestPaid" xlink:type="locator"/>
    <link:labelArc xlink:arcrole="http://www.xbrl.org/2003/arcrole/concept-label" xlink:type="arc" xlink:from="ns15_InterestPaid" xlink:to="lbl_lab_ns15_InterestPaid"/>
    <link:label xlink:type="resource" xlink:label="lbl_lab_ns15_InterestPaid" xlink:role="http://www.xbrl.org/2003/role/label" xml:lang="en-US">Interest</link:label>
    <link:loc xlink:label="ns15_LiabilitiesCurrent" xlink:href="https://xbrl.fasb.org/us-gaap/2023/elts/us-gaap-2023.xsd#us-gaap_LiabilitiesCurrent" xlink:type="locator"/>
    <link:labelArc xlink:arcrole="http://www.xbrl.org/2003/arcrole/concept-label" xlink:type="arc" xlink:from="ns15_LiabilitiesCurrent" xlink:to="lbl_lab_ns15_LiabilitiesCurrent"/>
    <link:label xlink:type="resource" xlink:label="lbl_lab_ns15_LiabilitiesCurrent" xlink:role="http://www.xbrl.org/2003/role/totalLabel" xml:lang="en-US">Total Current Liabilities</link:label>
    <link:loc xlink:label="ns15_NetCashProvidedByUsedInInvestingActivities" xlink:href="https://xbrl.fasb.org/us-gaap/2023/elts/us-gaap-2023.xsd#us-gaap_NetCashProvidedByUsedInInvestingActivities" xlink:type="locator"/>
    <link:labelArc xlink:arcrole="http://www.xbrl.org/2003/arcrole/concept-label" xlink:type="arc" xlink:from="ns15_NetCashProvidedByUsedInInvestingActivities" xlink:to="lbl_lab_ns15_NetCashProvidedByUsedInInvestingActivities"/>
    <link:label xlink:type="resource" xlink:label="lbl_lab_ns15_NetCashProvidedByUsedInInvestingActivities" xlink:role="http://www.xbrl.org/2003/role/label" xml:lang="en-US">CASH FLOWS FROM INVESTING ACTIVITIES</link:label>
    <link:label xlink:type="resource" xlink:label="lbl_lab_ns15_LiabilitiesCurrent" xlink:role="http://www.xbrl.org/2003/role/label" xml:lang="en-US">Liabilities, Current</link:label>
    <link:loc xlink:label="ns15_NetCashProvidedByUsedInOperatingActivitiesAbstract" xlink:href="https://xbrl.fasb.org/us-gaap/2023/elts/us-gaap-2023.xsd#us-gaap_NetCashProvidedByUsedInOperatingActivitiesAbstract" xlink:type="locator"/>
    <link:labelArc xlink:arcrole="http://www.xbrl.org/2003/arcrole/concept-label" xlink:type="arc" xlink:from="ns15_NetCashProvidedByUsedInOperatingActivitiesAbstract" xlink:to="lbl_lab_ns15_NetCashProvidedByUsedInOperatingActivitiesAbstract"/>
    <link:label xlink:type="resource" xlink:label="lbl_lab_ns15_NetCashProvidedByUsedInOperatingActivitiesAbstract" xlink:role="http://www.xbrl.org/2003/role/label" xml:lang="en-US">CASH FLOWS FROM OPERATING ACTIVITIES</link:label>
    <link:loc xlink:label="ns15_NetIncomeLossAvailableToCommonStockholdersBasic" xlink:href="https://xbrl.fasb.org/us-gaap/2023/elts/us-gaap-2023.xsd#us-gaap_NetIncomeLossAvailableToCommonStockholdersBasic" xlink:type="locator"/>
    <link:labelArc xlink:arcrole="http://www.xbrl.org/2003/arcrole/concept-label" xlink:type="arc" xlink:from="ns15_NetIncomeLossAvailableToCommonStockholdersBasic" xlink:to="lbl_lab_ns15_NetIncomeLossAvailableToCommonStockholdersBasic"/>
    <link:label xlink:type="resource" xlink:label="lbl_lab_ns15_NetIncomeLossAvailableToCommonStockholdersBasic" xlink:role="http://www.xbrl.org/2003/role/label" xml:lang="en-US">Net loss</link:label>
    <link:loc xlink:label="ns15_StockIssuedDuringPeriodSharesOther" xlink:href="https://xbrl.fasb.org/us-gaap/2023/elts/us-gaap-2023.xsd#us-gaap_StockIssuedDuringPeriodSharesOther" xlink:type="locator"/>
    <link:labelArc xlink:arcrole="http://www.xbrl.org/2003/arcrole/concept-label" xlink:type="arc" xlink:from="ns15_StockIssuedDuringPeriodSharesOther" xlink:to="lbl_lab_ns15_StockIssuedDuringPeriodSharesOther"/>
    <link:label xlink:type="resource" xlink:label="lbl_lab_ns15_StockIssuedDuringPeriodSharesOther" xlink:role="http://www.xbrl.org/2003/role/label" xml:lang="en-US">Stock issued for consulting fees, shares</link:label>
    <link:loc xlink:label="ns15_NetCashProvidedByUsedInOperatingActivities" xlink:href="https://xbrl.fasb.org/us-gaap/2023/elts/us-gaap-2023.xsd#us-gaap_NetCashProvidedByUsedInOperatingActivities" xlink:type="locator"/>
    <link:labelArc xlink:arcrole="http://www.xbrl.org/2003/arcrole/concept-label" xlink:type="arc" xlink:from="ns15_NetCashProvidedByUsedInOperatingActivities" xlink:to="lbl_lab_ns15_NetCashProvidedByUsedInOperatingActivities"/>
    <link:label xlink:type="resource" xlink:label="lbl_lab_ns15_NetCashProvidedByUsedInOperatingActivities" xlink:role="http://www.xbrl.org/2003/role/label" xml:lang="en-US">Net Cash Used by Operating Activities</link:label>
    <link:loc xlink:label="ns15_StockIssuedDuringPeriodSharesConversionOfConvertibleSecurities" xlink:href="https://xbrl.fasb.org/us-gaap/2023/elts/us-gaap-2023.xsd#us-gaap_StockIssuedDuringPeriodSharesConversionOfConvertibleSecurities" xlink:type="locator"/>
    <link:labelArc xlink:arcrole="http://www.xbrl.org/2003/arcrole/concept-label" xlink:type="arc" xlink:from="ns15_StockIssuedDuringPeriodSharesConversionOfConvertibleSecurities" xlink:to="lbl_lab_ns15_StockIssuedDuringPeriodSharesConversionOfConvertibleSecurities"/>
    <link:label xlink:type="resource" xlink:label="lbl_lab_ns15_StockIssuedDuringPeriodSharesConversionOfConvertibleSecurities" xlink:role="http://www.xbrl.org/2003/role/label" xml:lang="en-US">Stock issued for the conversion of debt, shares</link:label>
    <link:label xlink:type="resource" xlink:label="lbl_lab_ns15_NetIncomeLoss" xlink:role="http://www.xbrl.org/2003/role/label" xml:lang="en-US">Net Income (Loss) Attributable to Parent</link:label>
    <link:loc xlink:label="ns15_StockIssuedDuringPeriodSharesIssuedForServices" xlink:href="https://xbrl.fasb.org/us-gaap/2023/elts/us-gaap-2023.xsd#us-gaap_StockIssuedDuringPeriodSharesIssuedForServices" xlink:type="locator"/>
    <link:labelArc xlink:arcrole="http://www.xbrl.org/2003/arcrole/concept-label" xlink:type="arc" xlink:from="ns15_StockIssuedDuringPeriodSharesIssuedForServices" xlink:to="lbl_lab_ns15_StockIssuedDuringPeriodSharesIssuedForServices"/>
    <link:label xlink:type="resource" xlink:label="lbl_lab_ns15_StockIssuedDuringPeriodSharesIssuedForServices" xlink:role="http://www.xbrl.org/2003/role/label" xml:lang="en-US">Stock issued for services, shares</link:label>
    <link:label xlink:type="resource" xlink:label="lbl_lab_ns15_NetIncomeLoss" xlink:role="http://www.xbrl.org/2003/role/verboseLabel" xml:lang="en-US">Net loss</link:label>
  </link:labelLink>
</link:linkbase>
